tag_index,tag_name,unmasked_weight,masked_rowsum,p,N,Nd
0,co:b0,41129,57476619992,68724326401,11580,405184
1,co:b1,40516,61401953481,68724326401,11580,405184
2,co:b2,40206,33498264631,68724326401,11580,405184
3,co:b3,40223,48042447701,68724326401,11580,405184
4,co:b4,40518,57097111052,68724326401,11580,405184
5,co:b5,40537,9494344348,68724326401,11580,405184
6,co:b6,40511,30293649141,68724326401,11580,405184
7,co:b7,40597,23281160517,68724326401,11580,405184
8,co:b8,40446,30877419812,68724326401,11580,405184
9,co:b9,40501,7271374861,68724326401,11580,405184
10,dev:00:0f:00:70:91:0a,111815,20261786458,68724326401,11580,405184
11,dev:1c:bf:ce:15:ec:4d,105918,12018918767,68724326401,11580,405184
12,dev:b8:27:eb:bf:9d:51,187451,60447008373,68724326401,11580,405184
13,humidity:b0,42020,20881183562,68724326401,11580,405184
14,humidity:b1,42480,32047537395,68724326401,11580,405184
15,humidity:b2,39344,2289686138,68724326401,11580,405184
16,humidity:b3,40007,29430389134,68724326401,11580,405184
17,humidity:b4,38925,20702492381,68724326401,11580,405184
18,humidity:b5,41273,56780001640,68724326401,11580,405184
19,humidity:b6,39751,32058872001,68724326401,11580,405184
20,humidity:b7,41874,15338202948,68724326401,11580,405184
21,humidity:b8,39866,64861313212,68724326401,11580,405184
22,humidity:b9,39644,34819735107,68724326401,11580,405184
23,light:0,292657,6618568660,68724326401,11580,405184
24,light:1,112527,19364192409,68724326401,11580,405184
25,lpg:b0,41129,49462874449,68724326401,11580,405184
26,lpg:b1,40516,32670704575,68724326401,11580,405184
27,lpg:b2,40206,67495239375,68724326401,11580,405184
28,lpg:b3,40223,3386828415,68724326401,11580,405184
29,lpg:b4,40518,34860666176,68724326401,11580,405184
30,lpg:b5,40537,55341654394,68724326401,11580,405184
31,lpg:b6,40511,42158324477,68724326401,11580,405184
32,lpg:b7,40597,38571282418,68724326401,11580,405184
33,lpg:b8,40446,23422486678,68724326401,11580,405184
34,lpg:b9,40501,38608054682,68724326401,11580,405184
35,min:26575201,14,28127745821,68724326401,11580,405184
36,min:26575202,36,25773566618,68724326401,11580,405184
37,min:26575203,37,53508644130,68724326401,11580,405184
38,min:26575204,38,57272771298,68724326401,11580,405184
39,min:26575205,33,26521570400,68724326401,11580,405184
40,min:26575206,37,11622515587,68724326401,11580,405184
41,min:26575207,34,62673673981,68724326401,11580,405184
42,min:26575208,35,34902577907,68724326401,11580,405184
43,min:26575209,38,55497386349,68724326401,11580,405184
44,min:26575210,36,40221603207,68724326401,11580,405184
45,min:26575211,36,56240867884,68724326401,11580,405184
46,min:26575212,36,23189012461,68724326401,11580,405184
47,min:26575213,34,50320498560,68724326401,11580,405184
48,min:26575214,32,64014893522,68724326401,11580,405184
49,min:26575215,36,23273002953,68724326401,11580,405184
50,min:26575216,35,59823381356,68724326401,11580,405184
51,min:26575217,35,31770004112,68724326401,11580,405184
52,min:26575218,35,40198144328,68724326401,11580,405184
53,min:26575219,35,43655491959,68724326401,11580,405184
54,min:26575220,37,51104231430,68724326401,11580,405184
55,min:26575221,38,38750310035,68724326401,11580,405184
56,min:26575222,36,41365231306,68724326401,11580,405184
57,min:26575223,33,64534909686,68724326401,11580,405184
58,min:26575224,39,34759126403,68724326401,11580,405184
59,min:26575225,34,1702638174,68724326401,11580,405184
60,min:26575226,35,11235608911,68724326401,11580,405184
61,min:26575227,36,2252970905,68724326401,11580,405184
62,min:26575228,37,48054622678,68724326401,11580,405184
63,min:26575229,37,30463635687,68724326401,11580,405184
64,min:26575230,37,17371546546,68724326401,11580,405184
65,min:26575231,33,15747610689,68724326401,11580,405184
66,min:26575232,39,27076835585,68724326401,11580,405184
67,min:26575233,35,14478038694,68724326401,11580,405184
68,min:26575234,36,1359993012,68724326401,11580,405184
69,min:26575235,34,62288746097,68724326401,11580,405184
70,min:26575236,36,54335867115,68724326401,11580,405184
71,min:26575237,33,54107297574,68724326401,11580,405184
72,min:26575238,37,44089115139,68724326401,11580,405184
73,min:26575239,32,28840978929,68724326401,11580,405184
74,min:26575240,39,47225301267,68724326401,11580,405184
75,min:26575241,37,28492731038,68724326401,11580,405184
76,min:26575242,37,37442994757,68724326401,11580,405184
77,min:26575243,35,55431645250,68724326401,11580,405184
78,min:26575244,36,62563319301,68724326401,11580,405184
79,min:26575245,37,8701360065,68724326401,11580,405184
80,min:26575246,37,7049836266,68724326401,11580,405184
81,min:26575247,38,40185617798,68724326401,11580,405184
82,min:26575248,38,5564009817,68724326401,11580,405184
83,min:26575249,34,53883190470,68724326401,11580,405184
84,min:26575250,35,6102308930,68724326401,11580,405184
85,min:26575251,37,41262154642,68724326401,11580,405184
86,min:26575252,35,34038712150,68724326401,11580,405184
87,min:26575253,35,31776226677,68724326401,11580,405184
88,min:26575254,35,52256591885,68724326401,11580,405184
89,min:26575255,36,29039667298,68724326401,11580,405184
90,min:26575256,36,45976489681,68724326401,11580,405184
91,min:26575257,38,42569463988,68724326401,11580,405184
92,min:26575258,36,15216823620,68724326401,11580,405184
93,min:26575259,35,19439412949,68724326401,11580,405184
94,min:26575260,35,47180901059,68724326401,11580,405184
95,min:26575261,38,28214444726,68724326401,11580,405184
96,min:26575262,38,32478199782,68724326401,11580,405184
97,min:26575263,36,36741684885,68724326401,11580,405184
98,min:26575264,38,21369085348,68724326401,11580,405184
99,min:26575265,35,29609123018,68724326401,11580,405184
100,min:26575266,37,67882305482,68724326401,11580,405184
101,min:26575267,39,20923485394,68724326401,11580,405184
102,min:26575268,39,21220714844,68724326401,11580,405184
103,min:26575269,39,35113063090,68724326401,11580,405184
104,min:26575270,35,43753904079,68724326401,11580,405184
105,min:26575271,33,54089237672,68724326401,11580,405184
106,min:26575272,37,48678241154,68724326401,11580,405184
107,min:26575273,37,63126571759,68724326401,11580,405184
108,min:26575274,34,56805805499,68724326401,11580,405184
109,min:26575275,37,50264789958,68724326401,11580,405184
110,min:26575276,36,3715706255,68724326401,11580,405184
111,min:26575277,35,2169078141,68724326401,11580,405184
112,min:26575278,32,37863567464,68724326401,11580,405184
113,min:26575279,39,34761757513,68724326401,11580,405184
114,min:26575280,32,7405541195,68724326401,11580,405184
115,min:26575281,36,19070685103,68724326401,11580,405184
116,min:26575282,37,1848179621,68724326401,11580,405184
117,min:26575283,35,28317723986,68724326401,11580,405184
118,min:26575284,37,42589195021,68724326401,11580,405184
119,min:26575285,39,15731654252,68724326401,11580,405184
120,min:26575286,36,42597365158,68724326401,11580,405184
121,min:26575287,39,35102491966,68724326401,11580,405184
122,min:26575288,36,4430558578,68724326401,11580,405184
123,min:26575289,36,38926021049,68724326401,11580,405184
124,min:26575290,35,25641538079,68724326401,11580,405184
125,min:26575291,35,42655295484,68724326401,11580,405184
126,min:26575292,38,4677047160,68724326401,11580,405184
127,min:26575293,37,24026079703,68724326401,11580,405184
128,min:26575294,35,2034659313,68724326401,11580,405184
129,min:26575295,39,38603011442,68724326401,11580,405184
130,min:26575296,36,66283964632,68724326401,11580,405184
131,min:26575297,39,38975748357,68724326401,11580,405184
132,min:26575298,35,60214926082,68724326401,11580,405184
133,min:26575299,35,62960673762,68724326401,11580,405184
134,min:26575300,37,61172832748,68724326401,11580,405184
135,min:26575301,37,27137072568,68724326401,11580,405184
136,min:26575302,36,15555225626,68724326401,11580,405184
137,min:26575303,36,40104511214,68724326401,11580,405184
138,min:26575304,36,30223813338,68724326401,11580,405184
139,min:26575305,38,13598747311,68724326401,11580,405184
140,min:26575306,35,65432822253,68724326401,11580,405184
141,min:26575307,38,9930613566,68724326401,11580,405184
142,min:26575308,36,31418041943,68724326401,11580,405184
143,min:26575309,33,30052609077,68724326401,11580,405184
144,min:26575310,35,30725564347,68724326401,11580,405184
145,min:26575311,35,3700605665,68724326401,11580,405184
146,min:26575312,37,53946761703,68724326401,11580,405184
147,min:26575313,39,21876555774,68724326401,11580,405184
148,min:26575314,31,9408190126,68724326401,11580,405184
149,min:26575315,39,30187092532,68724326401,11580,405184
150,min:26575316,37,62052569498,68724326401,11580,405184
151,min:26575317,35,18495135702,68724326401,11580,405184
152,min:26575318,36,67503599412,68724326401,11580,405184
153,min:26575319,37,7204671983,68724326401,11580,405184
154,min:26575320,38,26099568307,68724326401,11580,405184
155,min:26575321,37,17995802583,68724326401,11580,405184
156,min:26575322,35,11472952930,68724326401,11580,405184
157,min:26575323,33,40651518151,68724326401,11580,405184
158,min:26575324,38,13646550354,68724326401,11580,405184
159,min:26575325,39,39631408263,68724326401,11580,405184
160,min:26575326,33,29339767251,68724326401,11580,405184
161,min:26575327,39,40913353337,68724326401,11580,405184
162,min:26575328,38,28239507187,68724326401,11580,405184
163,min:26575329,39,32871203498,68724326401,11580,405184
164,min:26575330,38,60320233083,68724326401,11580,405184
165,min:26575331,39,51170589279,68724326401,11580,405184
166,min:26575332,38,48900574937,68724326401,11580,405184
167,min:26575333,38,11719826616,68724326401,11580,405184
168,min:26575334,36,19696377694,68724326401,11580,405184
169,min:26575335,34,25760764970,68724326401,11580,405184
170,min:26575336,37,48932011080,68724326401,11580,405184
171,min:26575337,39,3169255362,68724326401,11580,405184
172,min:26575338,36,46534818448,68724326401,11580,405184
173,min:26575339,37,21406550817,68724326401,11580,405184
174,min:26575340,37,41934795182,68724326401,11580,405184
175,min:26575341,36,15279702921,68724326401,11580,405184
176,min:26575342,37,31640788077,68724326401,11580,405184
177,min:26575343,36,44701836693,68724326401,11580,405184
178,min:26575344,38,48521465457,68724326401,11580,405184
179,min:26575345,34,25791504049,68724326401,11580,405184
180,min:26575346,38,26537997721,68724326401,11580,405184
181,min:26575347,33,7751056793,68724326401,11580,405184
182,min:26575348,33,53048863557,68724326401,11580,405184
183,min:26575349,33,6536896025,68724326401,11580,405184
184,min:26575350,33,33512670142,68724326401,11580,405184
185,min:26575351,35,50549124220,68724326401,11580,405184
186,min:26575352,37,24794633979,68724326401,11580,405184
187,min:26575353,32,16875689469,68724326401,11580,405184
188,min:26575354,37,12285528470,68724326401,11580,405184
189,min:26575355,37,20585940890,68724326401,11580,405184
190,min:26575356,33,8702040275,68724326401,11580,405184
191,min:26575357,34,18362675659,68724326401,11580,405184
192,min:26575358,34,25444275975,68724326401,11580,405184
193,min:26575359,36,65994971692,68724326401,11580,405184
194,min:26575360,35,50907372666,68724326401,11580,405184
195,min:26575361,37,35149320610,68724326401,11580,405184
196,min:26575362,34,64230845137,68724326401,11580,405184
197,min:26575363,36,5560729494,68724326401,11580,405184
198,min:26575364,33,67026248920,68724326401,11580,405184
199,min:26575365,35,32948583378,68724326401,11580,405184
200,min:26575366,35,31759400249,68724326401,11580,405184
201,min:26575367,35,52422817528,68724326401,11580,405184
202,min:26575368,35,36048216454,68724326401,11580,405184
203,min:26575369,36,28592824311,68724326401,11580,405184
204,min:26575370,37,48414771664,68724326401,11580,405184
205,min:26575371,34,30681608612,68724326401,11580,405184
206,min:26575372,36,3427924282,68724326401,11580,405184
207,min:26575373,41,63688036752,68724326401,11580,405184
208,min:26575374,36,60842451409,68724326401,11580,405184
209,min:26575375,35,1274408885,68724326401,11580,405184
210,min:26575376,35,51472489686,68724326401,11580,405184
211,min:26575377,37,63029765369,68724326401,11580,405184
212,min:26575378,38,23086208160,68724326401,11580,405184
213,min:26575379,36,35143263351,68724326401,11580,405184
214,min:26575380,37,41391579920,68724326401,11580,405184
215,min:26575381,36,9569022026,68724326401,11580,405184
216,min:26575382,36,15774100778,68724326401,11580,405184
217,min:26575383,35,5516065057,68724326401,11580,405184
218,min:26575384,40,61252058618,68724326401,11580,405184
219,min:26575385,37,44283591396,68724326401,11580,405184
220,min:26575386,36,60445500037,68724326401,11580,405184
221,min:26575387,34,60431989079,68724326401,11580,405184
222,min:26575388,35,28152408999,68724326401,11580,405184
223,min:26575389,37,28887054181,68724326401,11580,405184
224,min:26575390,38,53526754950,68724326401,11580,405184
225,min:26575391,38,37859890679,68724326401,11580,405184
226,min:26575392,35,23539387224,68724326401,11580,405184
227,min:26575393,36,20941784331,68724326401,11580,405184
228,min:26575394,37,27818800751,68724326401,11580,405184
229,min:26575395,35,13278941203,68724326401,11580,405184
230,min:26575396,38,28680483404,68724326401,11580,405184
231,min:26575397,38,59456400180,68724326401,11580,405184
232,min:26575398,36,54693483407,68724326401,11580,405184
233,min:26575399,36,48557044367,68724326401,11580,405184
234,min:26575400,34,64389885505,68724326401,11580,405184
235,min:26575401,33,5848067974,68724326401,11580,405184
236,min:26575402,36,63814418359,68724326401,11580,405184
237,min:26575403,35,62801879422,68724326401,11580,405184
238,min:26575404,37,8690818327,68724326401,11580,405184
239,min:26575405,36,50250308800,68724326401,11580,405184
240,min:26575406,41,6931269329,68724326401,11580,405184
241,min:26575407,40,22207547953,68724326401,11580,405184
242,min:26575408,38,450463993,68724326401,11580,405184
243,min:26575409,37,57041678404,68724326401,11580,405184
244,min:26575410,39,11605799551,68724326401,11580,405184
245,min:26575411,38,14974099199,68724326401,11580,405184
246,min:26575412,37,21863551618,68724326401,11580,405184
247,min:26575413,34,22227354885,68724326401,11580,405184
248,min:26575414,34,61909117737,68724326401,11580,405184
249,min:26575415,34,64896406866,68724326401,11580,405184
250,min:26575416,41,35841237324,68724326401,11580,405184
251,min:26575417,36,40467725922,68724326401,11580,405184
252,min:26575418,35,66830077991,68724326401,11580,405184
253,min:26575419,34,12013898986,68724326401,11580,405184
254,min:26575420,39,38066359584,68724326401,11580,405184
255,min:26575421,38,62012952506,68724326401,11580,405184
256,min:26575422,39,32456984289,68724326401,11580,405184
257,min:26575423,36,50947259437,68724326401,11580,405184
258,min:26575424,38,1143981348,68724326401,11580,405184
259,min:26575425,38,4415595818,68724326401,11580,405184
260,min:26575426,36,16559556963,68724326401,11580,405184
261,min:26575427,35,62738567636,68724326401,11580,405184
262,min:26575428,36,5109721671,68724326401,11580,405184
263,min:26575429,37,51182419887,68724326401,11580,405184
264,min:26575430,35,32213292093,68724326401,11580,405184
265,min:26575431,36,5378899244,68724326401,11580,405184
266,min:26575432,36,11513709742,68724326401,11580,405184
267,min:26575433,35,9618575922,68724326401,11580,405184
268,min:26575434,37,32295786678,68724326401,11580,405184
269,min:26575435,38,10378527150,68724326401,11580,405184
270,min:26575436,34,30603505819,68724326401,11580,405184
271,min:26575437,37,58556260605,68724326401,11580,405184
272,min:26575438,36,44342978983,68724326401,11580,405184
273,min:26575439,34,36762855309,68724326401,11580,405184
274,min:26575440,37,17841297811,68724326401,11580,405184
275,min:26575441,37,54731527693,68724326401,11580,405184
276,min:26575442,38,43831760063,68724326401,11580,405184
277,min:26575443,39,43273505448,68724326401,11580,405184
278,min:26575444,40,9464681346,68724326401,11580,405184
279,min:26575445,38,30153120409,68724326401,11580,405184
280,min:26575446,37,67744615343,68724326401,11580,405184
281,min:26575447,36,54376978329,68724326401,11580,405184
282,min:26575448,35,13910046201,68724326401,11580,405184
283,min:26575449,36,44457488232,68724326401,11580,405184
284,min:26575450,38,56503402632,68724326401,11580,405184
285,min:26575451,38,67427854491,68724326401,11580,405184
286,min:26575452,39,59107455734,68724326401,11580,405184
287,min:26575453,34,9300492224,68724326401,11580,405184
288,min:26575454,34,16872223501,68724326401,11580,405184
289,min:26575455,37,8562769645,68724326401,11580,405184
290,min:26575456,37,57949650745,68724326401,11580,405184
291,min:26575457,37,26508010512,68724326401,11580,405184
292,min:26575458,38,11910478869,68724326401,11580,405184
293,min:26575459,35,50472612195,68724326401,11580,405184
294,min:26575460,35,38427104108,68724326401,11580,405184
295,min:26575461,41,18142704116,68724326401,11580,405184
296,min:26575462,37,18858514054,68724326401,11580,405184
297,min:26575463,41,32924713628,68724326401,11580,405184
298,min:26575464,35,31917907178,68724326401,11580,405184
299,min:26575465,38,23131603509,68724326401,11580,405184
300,min:26575466,40,50566409586,68724326401,11580,405184
301,min:26575467,36,27283152527,68724326401,11580,405184
302,min:26575468,34,25035897631,68724326401,11580,405184
303,min:26575469,35,57978173722,68724326401,11580,405184
304,min:26575470,35,65108518251,68724326401,11580,405184
305,min:26575471,39,65708842687,68724326401,11580,405184
306,min:26575472,34,281453727,68724326401,11580,405184
307,min:26575473,37,24822525778,68724326401,11580,405184
308,min:26575474,37,63788477233,68724326401,11580,405184
309,min:26575475,38,15456952439,68724326401,11580,405184
310,min:26575476,39,39123457360,68724326401,11580,405184
311,min:26575477,35,9127852411,68724326401,11580,405184
312,min:26575478,36,44047898151,68724326401,11580,405184
313,min:26575479,35,59840359208,68724326401,11580,405184
314,min:26575480,38,6291424934,68724326401,11580,405184
315,min:26575481,34,67684434564,68724326401,11580,405184
316,min:26575482,37,38281769300,68724326401,11580,405184
317,min:26575483,38,42476914753,68724326401,11580,405184
318,min:26575484,37,29243871512,68724326401,11580,405184
319,min:26575485,37,6603500249,68724326401,11580,405184
320,min:26575486,40,62137911482,68724326401,11580,405184
321,min:26575487,34,41391163521,68724326401,11580,405184
322,min:26575488,35,43182600286,68724326401,11580,405184
323,min:26575489,38,61829554643,68724326401,11580,405184
324,min:26575490,35,852085559,68724326401,11580,405184
325,min:26575491,33,67536875236,68724326401,11580,405184
326,min:26575492,36,49068086860,68724326401,11580,405184
327,min:26575493,38,68013209863,68724326401,11580,405184
328,min:26575494,38,57082817182,68724326401,11580,405184
329,min:26575495,41,15420722085,68724326401,11580,405184
330,min:26575496,40,18558808816,68724326401,11580,405184
331,min:26575497,35,9373136237,68724326401,11580,405184
332,min:26575498,35,3575401934,68724326401,11580,405184
333,min:26575499,34,60948434113,68724326401,11580,405184
334,min:26575500,36,17752580182,68724326401,11580,405184
335,min:26575501,36,4597494227,68724326401,11580,405184
336,min:26575502,34,46989574310,68724326401,11580,405184
337,min:26575503,34,27839837074,68724326401,11580,405184
338,min:26575504,38,12069184731,68724326401,11580,405184
339,min:26575505,38,54296641916,68724326401,11580,405184
340,min:26575506,36,24278047797,68724326401,11580,405184
341,min:26575507,38,63328340809,68724326401,11580,405184
342,min:26575508,37,2695663997,68724326401,11580,405184
343,min:26575509,34,60776118901,68724326401,11580,405184
344,min:26575510,34,51946442235,68724326401,11580,405184
345,min:26575511,36,17694740110,68724326401,11580,405184
346,min:26575512,34,45864911864,68724326401,11580,405184
347,min:26575513,35,59346477815,68724326401,11580,405184
348,min:26575514,36,56955400785,68724326401,11580,405184
349,min:26575515,36,52225167901,68724326401,11580,405184
350,min:26575516,33,39539312513,68724326401,11580,405184
351,min:26575517,36,47520139301,68724326401,11580,405184
352,min:26575518,36,22567879398,68724326401,11580,405184
353,min:26575519,34,22686314354,68724326401,11580,405184
354,min:26575520,32,11648248182,68724326401,11580,405184
355,min:26575521,32,50260899430,68724326401,11580,405184
356,min:26575522,32,2746245820,68724326401,11580,405184
357,min:26575523,31,18561037265,68724326401,11580,405184
358,min:26575524,33,62653313419,68724326401,11580,405184
359,min:26575525,32,57964575285,68724326401,11580,405184
360,min:26575526,37,15841278584,68724326401,11580,405184
361,min:26575527,34,30142549443,68724326401,11580,405184
362,min:26575528,37,49615887835,68724326401,11580,405184
363,min:26575529,31,2382211278,68724326401,11580,405184
364,min:26575530,33,34470930890,68724326401,11580,405184
365,min:26575531,33,41304620082,68724326401,11580,405184
366,min:26575532,31,33054146769,68724326401,11580,405184
367,min:26575533,30,16684259825,68724326401,11580,405184
368,min:26575534,28,30305428232,68724326401,11580,405184
369,min:26575535,33,40908947829,68724326401,11580,405184
370,min:26575536,30,66630627874,68724326401,11580,405184
371,min:26575537,30,17164580547,68724326401,11580,405184
372,min:26575538,35,33159590235,68724326401,11580,405184
373,min:26575539,29,40103758699,68724326401,11580,405184
374,min:26575540,34,16463740892,68724326401,11580,405184
375,min:26575541,35,32285428492,68724326401,11580,405184
376,min:26575542,32,19254233469,68724326401,11580,405184
377,min:26575543,34,58225247215,68724326401,11580,405184
378,min:26575544,30,59183647086,68724326401,11580,405184
379,min:26575545,30,4988248464,68724326401,11580,405184
380,min:26575546,31,39390697346,68724326401,11580,405184
381,min:26575547,34,58260594374,68724326401,11580,405184
382,min:26575548,31,43206387628,68724326401,11580,405184
383,min:26575549,36,67666940586,68724326401,11580,405184
384,min:26575550,32,7594312575,68724326401,11580,405184
385,min:26575551,33,51727690641,68724326401,11580,405184
386,min:26575552,30,45626878272,68724326401,11580,405184
387,min:26575553,34,61929917766,68724326401,11580,405184
388,min:26575554,34,32189213079,68724326401,11580,405184
389,min:26575555,30,31051553562,68724326401,11580,405184
390,min:26575556,35,21864269558,68724326401,11580,405184
391,min:26575557,32,64207323178,68724326401,11580,405184
392,min:26575558,35,43379482752,68724326401,11580,405184
393,min:26575559,28,59044196394,68724326401,11580,405184
394,min:26575560,33,14432990339,68724326401,11580,405184
395,min:26575561,31,49455304571,68724326401,11580,405184
396,min:26575562,32,43019502901,68724326401,11580,405184
397,min:26575563,31,33945110061,68724326401,11580,405184
398,min:26575564,34,30568699403,68724326401,11580,405184
399,min:26575565,35,19617050136,68724326401,11580,405184
400,min:26575566,33,10315431603,68724326401,11580,405184
401,min:26575567,34,58227876951,68724326401,11580,405184
402,min:26575568,33,19711900913,68724326401,11580,405184
403,min:26575569,31,36167746721,68724326401,11580,405184
404,min:26575570,34,45201563993,68724326401,11580,405184
405,min:26575571,34,32194993423,68724326401,11580,405184
406,min:26575572,32,66551201936,68724326401,11580,405184
407,min:26575573,33,47345556659,68724326401,11580,405184
408,min:26575574,33,58934533537,68724326401,11580,405184
409,min:26575575,33,19133908733,68724326401,11580,405184
410,min:26575576,30,21877657598,68724326401,11580,405184
411,min:26575577,34,59759523976,68724326401,11580,405184
412,min:26575578,33,11175285283,68724326401,11580,405184
413,min:26575579,35,18406667085,68724326401,11580,405184
414,min:26575580,35,17278879140,68724326401,11580,405184
415,min:26575581,32,46740897444,68724326401,11580,405184
416,min:26575582,34,17273042222,68724326401,11580,405184
417,min:26575583,36,66047816,68724326401,11580,405184
418,min:26575584,31,13126975145,68724326401,11580,405184
419,min:26575585,31,17791724680,68724326401,11580,405184
420,min:26575586,36,1424624417,68724326401,11580,405184
421,min:26575587,35,55849292475,68724326401,11580,405184
422,min:26575588,36,3594900301,68724326401,11580,405184
423,min:26575589,34,1630393591,68724326401,11580,405184
424,min:26575590,34,42702757551,68724326401,11580,405184
425,min:26575591,35,37313205686,68724326401,11580,405184
426,min:26575592,35,48609810926,68724326401,11580,405184
427,min:26575593,32,62204981948,68724326401,11580,405184
428,min:26575594,31,30322260264,68724326401,11580,405184
429,min:26575595,37,42095862916,68724326401,11580,405184
430,min:26575596,31,37202667891,68724326401,11580,405184
431,min:26575597,34,2926589138,68724326401,11580,405184
432,min:26575598,28,54501506201,68724326401,11580,405184
433,min:26575599,36,62790875778,68724326401,11580,405184
434,min:26575600,33,6272315466,68724326401,11580,405184
435,min:26575601,34,6053343554,68724326401,11580,405184
436,min:26575602,35,475538166,68724326401,11580,405184
437,min:26575603,35,36621168596,68724326401,11580,405184
438,min:26575604,35,56539166823,68724326401,11580,405184
439,min:26575605,33,4944858123,68724326401,11580,405184
440,min:26575606,33,41010290285,68724326401,11580,405184
441,min:26575607,34,26933505478,68724326401,11580,405184
442,min:26575608,33,62851379643,68724326401,11580,405184
443,min:26575609,38,16973464033,68724326401,11580,405184
444,min:26575610,34,59178145089,68724326401,11580,405184
445,min:26575611,37,17129591818,68724326401,11580,405184
446,min:26575612,35,633987565,68724326401,11580,405184
447,min:26575613,37,25546598243,68724326401,11580,405184
448,min:26575614,30,9047686433,68724326401,11580,405184
449,min:26575615,36,26021684007,68724326401,11580,405184
450,min:26575616,30,19591894912,68724326401,11580,405184
451,min:26575617,35,52881258639,68724326401,11580,405184
452,min:26575618,36,10550467904,68724326401,11580,405184
453,min:26575619,35,65839753447,68724326401,11580,405184
454,min:26575620,37,53025995800,68724326401,11580,405184
455,min:26575621,34,60852247096,68724326401,11580,405184
456,min:26575622,35,16751518575,68724326401,11580,405184
457,min:26575623,31,24487221835,68724326401,11580,405184
458,min:26575624,34,4422264694,68724326401,11580,405184
459,min:26575625,32,10950379254,68724326401,11580,405184
460,min:26575626,33,25387909325,68724326401,11580,405184
461,min:26575627,35,43266604626,68724326401,11580,405184
462,min:26575628,31,12539234935,68724326401,11580,405184
463,min:26575629,33,15776278955,68724326401,11580,405184
464,min:26575630,38,28227410809,68724326401,11580,405184
465,min:26575631,34,19069207291,68724326401,11580,405184
466,min:26575632,35,50231451677,68724326401,11580,405184
467,min:26575633,31,21986569364,68724326401,11580,405184
468,min:26575634,36,67166930811,68724326401,11580,405184
469,min:26575635,31,9631986659,68724326401,11580,405184
470,min:26575636,33,58514087677,68724326401,11580,405184
471,min:26575637,34,66380893138,68724326401,11580,405184
472,min:26575638,35,21804057092,68724326401,11580,405184
473,min:26575639,28,36402508075,68724326401,11580,405184
474,min:26575640,36,39040612114,68724326401,11580,405184
475,min:26575641,33,2228587870,68724326401,11580,405184
476,min:26575642,37,14544064173,68724326401,11580,405184
477,min:26575643,34,54248453104,68724326401,11580,405184
478,min:26575644,33,5482178643,68724326401,11580,405184
479,min:26575645,34,5224609456,68724326401,11580,405184
480,min:26575646,36,62480708949,68724326401,11580,405184
481,min:26575647,32,38637115424,68724326401,11580,405184
482,min:26575648,31,54866872744,68724326401,11580,405184
483,min:26575649,33,68260642313,68724326401,11580,405184
484,min:26575650,33,46829856388,68724326401,11580,405184
485,min:26575651,34,12100644510,68724326401,11580,405184
486,min:26575652,34,35718753057,68724326401,11580,405184
487,min:26575653,34,30937453711,68724326401,11580,405184
488,min:26575654,36,12619761544,68724326401,11580,405184
489,min:26575655,32,18436557745,68724326401,11580,405184
490,min:26575656,29,49188015929,68724326401,11580,405184
491,min:26575657,34,49946696578,68724326401,11580,405184
492,min:26575658,34,44853359148,68724326401,11580,405184
493,min:26575659,33,56687335226,68724326401,11580,405184
494,min:26575660,33,927067806,68724326401,11580,405184
495,min:26575661,32,12701015321,68724326401,11580,405184
496,min:26575662,36,27793723098,68724326401,11580,405184
497,min:26575663,35,9195743333,68724326401,11580,405184
498,min:26575664,33,33571139422,68724326401,11580,405184
499,min:26575665,31,46030229999,68724326401,11580,405184
500,min:26575666,35,59854262470,68724326401,11580,405184
501,min:26575667,33,11596555571,68724326401,11580,405184
502,min:26575668,35,19025075481,68724326401,11580,405184
503,min:26575669,36,52077124234,68724326401,11580,405184
504,min:26575670,33,45332748805,68724326401,11580,405184
505,min:26575671,32,3433834424,68724326401,11580,405184
506,min:26575672,35,46002549759,68724326401,11580,405184
507,min:26575673,37,62654561248,68724326401,11580,405184
508,min:26575674,32,45788922694,68724326401,11580,405184
509,min:26575675,38,53308825136,68724326401,11580,405184
510,min:26575676,34,8537102703,68724326401,11580,405184
511,min:26575677,33,8278301856,68724326401,11580,405184
512,min:26575678,37,16511559599,68724326401,11580,405184
513,min:26575679,35,28197055059,68724326401,11580,405184
514,min:26575680,37,64362437115,68724326401,11580,405184
515,min:26575681,37,36270632987,68724326401,11580,405184
516,min:26575682,31,49562113369,68724326401,11580,405184
517,min:26575683,37,21229169611,68724326401,11580,405184
518,min:26575684,34,35862565674,68724326401,11580,405184
519,min:26575685,36,29238788525,68724326401,11580,405184
520,min:26575686,34,52474369982,68724326401,11580,405184
521,min:26575687,36,6505932451,68724326401,11580,405184
522,min:26575688,34,33002058751,68724326401,11580,405184
523,min:26575689,38,60350533628,68724326401,11580,405184
524,min:26575690,35,66718036276,68724326401,11580,405184
525,min:26575691,32,51465151912,68724326401,11580,405184
526,min:26575692,33,27891383038,68724326401,11580,405184
527,min:26575693,33,52844091944,68724326401,11580,405184
528,min:26575694,30,3606422522,68724326401,11580,405184
529,min:26575695,33,34341481204,68724326401,11580,405184
530,min:26575696,33,39623101382,68724326401,11580,405184
531,min:26575697,35,6235600030,68724326401,11580,405184
532,min:26575698,33,2715407262,68724326401,11580,405184
533,min:26575699,36,32639270727,68724326401,11580,405184
534,min:26575700,37,11011506496,68724326401,11580,405184
535,min:26575701,36,14925848885,68724326401,11580,405184
536,min:26575702,30,62293896082,68724326401,11580,405184
537,min:26575703,34,29815145964,68724326401,11580,405184
538,min:26575704,29,36225239339,68724326401,11580,405184
539,min:26575705,35,67534353767,68724326401,11580,405184
540,min:26575706,31,26049821596,68724326401,11580,405184
541,min:26575707,31,55778888427,68724326401,11580,405184
542,min:26575708,36,22068033247,68724326401,11580,405184
543,min:26575709,36,46941269751,68724326401,11580,405184
544,min:26575710,35,62886240322,68724326401,11580,405184
545,min:26575711,34,35895422453,68724326401,11580,405184
546,min:26575712,34,3903466981,68724326401,11580,405184
547,min:26575713,33,41172783648,68724326401,11580,405184
548,min:26575714,32,20467335154,68724326401,11580,405184
549,min:26575715,36,39548775143,68724326401,11580,405184
550,min:26575716,35,52984589067,68724326401,11580,405184
551,min:26575717,34,57248882179,68724326401,11580,405184
552,min:26575718,32,43111550151,68724326401,11580,405184
553,min:26575719,32,62061528543,68724326401,11580,405184
554,min:26575720,38,6587273195,68724326401,11580,405184
555,min:26575721,33,16387490078,68724326401,11580,405184
556,min:26575722,36,8494223638,68724326401,11580,405184
557,min:26575723,34,423973401,68724326401,11580,405184
558,min:26575724,34,6199579344,68724326401,11580,405184
559,min:26575725,36,48245013429,68724326401,11580,405184
560,min:26575726,35,42698405779,68724326401,11580,405184
561,min:26575727,33,36311461988,68724326401,11580,405184
562,min:26575728,36,60952697739,68724326401,11580,405184
563,min:26575729,35,10207314744,68724326401,11580,405184
564,min:26575730,33,56575876574,68724326401,11580,405184
565,min:26575731,35,23614602136,68724326401,11580,405184
566,min:26575732,34,24958490820,68724326401,11580,405184
567,min:26575733,34,7150060068,68724326401,11580,405184
568,min:26575734,35,64473358124,68724326401,11580,405184
569,min:26575735,36,64361076425,68724326401,11580,405184
570,min:26575736,31,5629013938,68724326401,11580,405184
571,min:26575737,34,9182921674,68724326401,11580,405184
572,min:26575738,34,28837224848,68724326401,11580,405184
573,min:26575739,35,27532369573,68724326401,11580,405184
574,min:26575740,37,33127560073,68724326401,11580,405184
575,min:26575741,31,17125130653,68724326401,11580,405184
576,min:26575742,35,63169646578,68724326401,11580,405184
577,min:26575743,35,40130612519,68724326401,11580,405184
578,min:26575744,33,52754708806,68724326401,11580,405184
579,min:26575745,33,41594643430,68724326401,11580,405184
580,min:26575746,33,18653562920,68724326401,11580,405184
581,min:26575747,38,20030798012,68724326401,11580,405184
582,min:26575748,35,66028979593,68724326401,11580,405184
583,min:26575749,35,64335789963,68724326401,11580,405184
584,min:26575750,39,4535617035,68724326401,11580,405184
585,min:26575751,35,16358917394,68724326401,11580,405184
586,min:26575752,34,36746165291,68724326401,11580,405184
587,min:26575753,34,61264890109,68724326401,11580,405184
588,min:26575754,36,5091292034,68724326401,11580,405184
589,min:26575755,37,39278726202,68724326401,11580,405184
590,min:26575756,34,8246452458,68724326401,11580,405184
591,min:26575757,36,38766749035,68724326401,11580,405184
592,min:26575758,33,3059570299,68724326401,11580,405184
593,min:26575759,36,34079851646,68724326401,11580,405184
594,min:26575760,36,31199142227,68724326401,11580,405184
595,min:26575761,36,9009822551,68724326401,11580,405184
596,min:26575762,36,44716945331,68724326401,11580,405184
597,min:26575763,35,38937794081,68724326401,11580,405184
598,min:26575764,36,39811765146,68724326401,11580,405184
599,min:26575765,37,59422134384,68724326401,11580,405184
600,min:26575766,34,53199236567,68724326401,11580,405184
601,min:26575767,36,20615471732,68724326401,11580,405184
602,min:26575768,34,13705457225,68724326401,11580,405184
603,min:26575769,35,30455126382,68724326401,11580,405184
604,min:26575770,32,20171621551,68724326401,11580,405184
605,min:26575771,34,63118160426,68724326401,11580,405184
606,min:26575772,36,49996162081,68724326401,11580,405184
607,min:26575773,37,18846953769,68724326401,11580,405184
608,min:26575774,35,34908273170,68724326401,11580,405184
609,min:26575775,33,47265095251,68724326401,11580,405184
610,min:26575776,38,58479613873,68724326401,11580,405184
611,min:26575777,33,30570933540,68724326401,11580,405184
612,min:26575778,38,26829907298,68724326401,11580,405184
613,min:26575779,37,76747242,68724326401,11580,405184
614,min:26575780,37,30669298788,68724326401,11580,405184
615,min:26575781,36,62354757323,68724326401,11580,405184
616,min:26575782,34,10676208759,68724326401,11580,405184
617,min:26575783,35,26480055320,68724326401,11580,405184
618,min:26575784,33,15851400290,68724326401,11580,405184
619,min:26575785,32,53015108913,68724326401,11580,405184
620,min:26575786,30,23860028932,68724326401,11580,405184
621,min:26575787,34,64581844041,68724326401,11580,405184
622,min:26575788,35,46214771224,68724326401,11580,405184
623,min:26575789,33,28553563282,68724326401,11580,405184
624,min:26575790,34,19939068516,68724326401,11580,405184
625,min:26575791,36,56755008763,68724326401,11580,405184
626,min:26575792,33,15922724584,68724326401,11580,405184
627,min:26575793,32,6349862477,68724326401,11580,405184
628,min:26575794,30,34246120390,68724326401,11580,405184
629,min:26575795,31,40467182537,68724326401,11580,405184
630,min:26575796,33,49133384855,68724326401,11580,405184
631,min:26575797,31,64327641926,68724326401,11580,405184
632,min:26575798,38,13932222524,68724326401,11580,405184
633,min:26575799,35,49254445185,68724326401,11580,405184
634,min:26575800,35,63617349848,68724326401,11580,405184
635,min:26575801,33,32032094050,68724326401,11580,405184
636,min:26575802,34,30482112690,68724326401,11580,405184
637,min:26575803,34,24531582473,68724326401,11580,405184
638,min:26575804,33,35248330718,68724326401,11580,405184
639,min:26575805,32,4722579308,68724326401,11580,405184
640,min:26575806,34,24866395513,68724326401,11580,405184
641,min:26575807,34,30302065918,68724326401,11580,405184
642,min:26575808,31,66946496046,68724326401,11580,405184
643,min:26575809,36,67793392443,68724326401,11580,405184
644,min:26575810,33,63104392693,68724326401,11580,405184
645,min:26575811,32,8005197689,68724326401,11580,405184
646,min:26575812,34,21420376749,68724326401,11580,405184
647,min:26575813,35,32078766880,68724326401,11580,405184
648,min:26575814,33,58692231334,68724326401,11580,405184
649,min:26575815,38,51815374690,68724326401,11580,405184
650,min:26575816,34,42444862874,68724326401,11580,405184
651,min:26575817,37,41916508675,68724326401,11580,405184
652,min:26575818,32,726040745,68724326401,11580,405184
653,min:26575819,37,63264845923,68724326401,11580,405184
654,min:26575820,38,40181610306,68724326401,11580,405184
655,min:26575821,35,10532561664,68724326401,11580,405184
656,min:26575822,34,22067916021,68724326401,11580,405184
657,min:26575823,34,33140325167,68724326401,11580,405184
658,min:26575824,39,2966908871,68724326401,11580,405184
659,min:26575825,35,27576585900,68724326401,11580,405184
660,min:26575826,35,24419657241,68724326401,11580,405184
661,min:26575827,28,14355480460,68724326401,11580,405184
662,min:26575828,35,8631372468,68724326401,11580,405184
663,min:26575829,36,38940052191,68724326401,11580,405184
664,min:26575830,37,10672883410,68724326401,11580,405184
665,min:26575831,35,8219042754,68724326401,11580,405184
666,min:26575832,36,21542984012,68724326401,11580,405184
667,min:26575833,38,55626738027,68724326401,11580,405184
668,min:26575834,32,27264340908,68724326401,11580,405184
669,min:26575835,34,25303810297,68724326401,11580,405184
670,min:26575836,32,61484335182,68724326401,11580,405184
671,min:26575837,33,1632991567,68724326401,11580,405184
672,min:26575838,35,16862006730,68724326401,11580,405184
673,min:26575839,36,13337922107,68724326401,11580,405184
674,min:26575840,33,64961815944,68724326401,11580,405184
675,min:26575841,33,20601373783,68724326401,11580,405184
676,min:26575842,32,43740510399,68724326401,11580,405184
677,min:26575843,31,30333958504,68724326401,11580,405184
678,min:26575844,33,24268671851,68724326401,11580,405184
679,min:26575845,35,2842628034,68724326401,11580,405184
680,min:26575846,35,52702967317,68724326401,11580,405184
681,min:26575847,36,46134728063,68724326401,11580,405184
682,min:26575848,34,1155555185,68724326401,11580,405184
683,min:26575849,34,54891246435,68724326401,11580,405184
684,min:26575850,34,1912776961,68724326401,11580,405184
685,min:26575851,35,67159945915,68724326401,11580,405184
686,min:26575852,36,45138468300,68724326401,11580,405184
687,min:26575853,33,4896713966,68724326401,11580,405184
688,min:26575854,34,35332336392,68724326401,11580,405184
689,min:26575855,36,14588540847,68724326401,11580,405184
690,min:26575856,37,30247314790,68724326401,11580,405184
691,min:26575857,36,39632205927,68724326401,11580,405184
692,min:26575858,33,62649184210,68724326401,11580,405184
693,min:26575859,32,21729309785,68724326401,11580,405184
694,min:26575860,34,35600156022,68724326401,11580,405184
695,min:26575861,36,68282538581,68724326401,11580,405184
696,min:26575862,33,47658321384,68724326401,11580,405184
697,min:26575863,33,59894335637,68724326401,11580,405184
698,min:26575864,36,64919374785,68724326401,11580,405184
699,min:26575865,37,20828043311,68724326401,11580,405184
700,min:26575866,36,32613950473,68724326401,11580,405184
701,min:26575867,35,46413269242,68724326401,11580,405184
702,min:26575868,36,45227257370,68724326401,11580,405184
703,min:26575869,41,42353093496,68724326401,11580,405184
704,min:26575870,35,57314972394,68724326401,11580,405184
705,min:26575871,36,60569887623,68724326401,11580,405184
706,min:26575872,36,46573598218,68724326401,11580,405184
707,min:26575873,30,46330297520,68724326401,11580,405184
708,min:26575874,35,9554698877,68724326401,11580,405184
709,min:26575875,34,49311364642,68724326401,11580,405184
710,min:26575876,34,159151119,68724326401,11580,405184
711,min:26575877,34,5180137958,68724326401,11580,405184
712,min:26575878,37,61937475394,68724326401,11580,405184
713,min:26575879,35,37511326054,68724326401,11580,405184
714,min:26575880,33,60802089695,68724326401,11580,405184
715,min:26575881,35,9624615021,68724326401,11580,405184
716,min:26575882,36,51397395601,68724326401,11580,405184
717,min:26575883,30,42137184835,68724326401,11580,405184
718,min:26575884,34,13679744109,68724326401,11580,405184
719,min:26575885,31,67927017262,68724326401,11580,405184
720,min:26575886,35,19248250303,68724326401,11580,405184
721,min:26575887,35,5233902549,68724326401,11580,405184
722,min:26575888,36,63980312529,68724326401,11580,405184
723,min:26575889,32,68581846942,68724326401,11580,405184
724,min:26575890,34,14076354345,68724326401,11580,405184
725,min:26575891,31,54892694934,68724326401,11580,405184
726,min:26575892,31,9206306104,68724326401,11580,405184
727,min:26575893,32,49133864070,68724326401,11580,405184
728,min:26575894,32,11881086806,68724326401,11580,405184
729,min:26575895,34,60019783504,68724326401,11580,405184
730,min:26575896,34,3136736062,68724326401,11580,405184
731,min:26575897,34,10497550347,68724326401,11580,405184
732,min:26575898,38,28230081081,68724326401,11580,405184
733,min:26575899,35,42197607787,68724326401,11580,405184
734,min:26575900,34,46795097526,68724326401,11580,405184
735,min:26575901,36,49587579882,68724326401,11580,405184
736,min:26575902,34,3388927726,68724326401,11580,405184
737,min:26575903,38,45476450546,68724326401,11580,405184
738,min:26575904,37,5721570772,68724326401,11580,405184
739,min:26575905,37,3053499683,68724326401,11580,405184
740,min:26575906,37,21712827853,68724326401,11580,405184
741,min:26575907,36,5918067312,68724326401,11580,405184
742,min:26575908,32,49893334947,68724326401,11580,405184
743,min:26575909,34,19833689403,68724326401,11580,405184
744,min:26575910,34,26858198669,68724326401,11580,405184
745,min:26575911,38,12696950238,68724326401,11580,405184
746,min:26575912,32,3924019759,68724326401,11580,405184
747,min:26575913,37,15582895187,68724326401,11580,405184
748,min:26575914,36,31526584303,68724326401,11580,405184
749,min:26575915,35,68476310987,68724326401,11580,405184
750,min:26575916,33,24973381640,68724326401,11580,405184
751,min:26575917,38,3342284852,68724326401,11580,405184
752,min:26575918,33,40326835446,68724326401,11580,405184
753,min:26575919,32,29691691257,68724326401,11580,405184
754,min:26575920,35,64732185631,68724326401,11580,405184
755,min:26575921,33,47585071471,68724326401,11580,405184
756,min:26575922,32,31508197455,68724326401,11580,405184
757,min:26575923,33,27129531748,68724326401,11580,405184
758,min:26575924,34,67513579534,68724326401,11580,405184
759,min:26575925,32,63233458386,68724326401,11580,405184
760,min:26575926,36,31411036852,68724326401,11580,405184
761,min:26575927,33,3172930972,68724326401,11580,405184
762,min:26575928,37,5160311772,68724326401,11580,405184
763,min:26575929,35,17069040625,68724326401,11580,405184
764,min:26575930,38,59784484633,68724326401,11580,405184
765,min:26575931,36,18504967887,68724326401,11580,405184
766,min:26575932,36,5169792541,68724326401,11580,405184
767,min:26575933,33,13973348761,68724326401,11580,405184
768,min:26575934,34,60606044721,68724326401,11580,405184
769,min:26575935,34,58073158276,68724326401,11580,405184
770,min:26575936,35,52336870707,68724326401,11580,405184
771,min:26575937,33,4081169355,68724326401,11580,405184
772,min:26575938,36,6969926954,68724326401,11580,405184
773,min:26575939,33,5069664853,68724326401,11580,405184
774,min:26575940,37,37805385491,68724326401,11580,405184
775,min:26575941,32,31184836328,68724326401,11580,405184
776,min:26575942,32,44258944132,68724326401,11580,405184
777,min:26575943,36,62144230725,68724326401,11580,405184
778,min:26575944,35,55047770276,68724326401,11580,405184
779,min:26575945,36,48149963412,68724326401,11580,405184
780,min:26575946,37,54509683487,68724326401,11580,405184
781,min:26575947,34,67351622234,68724326401,11580,405184
782,min:26575948,36,41743287986,68724326401,11580,405184
783,min:26575949,35,31950384512,68724326401,11580,405184
784,min:26575950,36,65458479393,68724326401,11580,405184
785,min:26575951,35,63148593294,68724326401,11580,405184
786,min:26575952,33,24788327050,68724326401,11580,405184
787,min:26575953,37,14519105551,68724326401,11580,405184
788,min:26575954,38,61324346374,68724326401,11580,405184
789,min:26575955,33,34783205992,68724326401,11580,405184
790,min:26575956,36,17534554565,68724326401,11580,405184
791,min:26575957,33,58378122600,68724326401,11580,405184
792,min:26575958,32,1529822171,68724326401,11580,405184
793,min:26575959,34,56841611100,68724326401,11580,405184
794,min:26575960,36,45167901530,68724326401,11580,405184
795,min:26575961,37,23545491043,68724326401,11580,405184
796,min:26575962,33,10404326829,68724326401,11580,405184
797,min:26575963,36,20429363980,68724326401,11580,405184
798,min:26575964,34,32772995304,68724326401,11580,405184
799,min:26575965,39,18774661709,68724326401,11580,405184
800,min:26575966,34,38631469616,68724326401,11580,405184
801,min:26575967,33,45325276540,68724326401,11580,405184
802,min:26575968,34,44252956215,68724326401,11580,405184
803,min:26575969,31,38995535161,68724326401,11580,405184
804,min:26575970,34,22676648385,68724326401,11580,405184
805,min:26575971,31,8143072135,68724326401,11580,405184
806,min:26575972,36,227452462,68724326401,11580,405184
807,min:26575973,31,27211507621,68724326401,11580,405184
808,min:26575974,32,42757400225,68724326401,11580,405184
809,min:26575975,32,66058173374,68724326401,11580,405184
810,min:26575976,34,46045438410,68724326401,11580,405184
811,min:26575977,34,64965642320,68724326401,11580,405184
812,min:26575978,35,39529228848,68724326401,11580,405184
813,min:26575979,35,60216607429,68724326401,11580,405184
814,min:26575980,37,11583397010,68724326401,11580,405184
815,min:26575981,30,29817396446,68724326401,11580,405184
816,min:26575982,34,12898341773,68724326401,11580,405184
817,min:26575983,33,23682713944,68724326401,11580,405184
818,min:26575984,37,66535939974,68724326401,11580,405184
819,min:26575985,34,13643103017,68724326401,11580,405184
820,min:26575986,36,67642569093,68724326401,11580,405184
821,min:26575987,36,17953965969,68724326401,11580,405184
822,min:26575988,36,2658037069,68724326401,11580,405184
823,min:26575989,33,12913823570,68724326401,11580,405184
824,min:26575990,34,29951837715,68724326401,11580,405184
825,min:26575991,34,32444843824,68724326401,11580,405184
826,min:26575992,31,21007200848,68724326401,11580,405184
827,min:26575993,34,43097773393,68724326401,11580,405184
828,min:26575994,34,51826186522,68724326401,11580,405184
829,min:26575995,35,12195684765,68724326401,11580,405184
830,min:26575996,33,58017149181,68724326401,11580,405184
831,min:26575997,32,16062444078,68724326401,11580,405184
832,min:26575998,35,355613899,68724326401,11580,405184
833,min:26575999,32,4489517201,68724326401,11580,405184
834,min:26576000,35,39593602564,68724326401,11580,405184
835,min:26576001,36,21507038311,68724326401,11580,405184
836,min:26576002,36,47669550247,68724326401,11580,405184
837,min:26576003,33,45394530195,68724326401,11580,405184
838,min:26576004,35,32547159656,68724326401,11580,405184
839,min:26576005,40,30165959901,68724326401,11580,405184
840,min:26576006,33,43761296525,68724326401,11580,405184
841,min:26576007,36,63980636212,68724326401,11580,405184
842,min:26576008,35,13902279998,68724326401,11580,405184
843,min:26576009,35,4899287011,68724326401,11580,405184
844,min:26576010,32,1194005248,68724326401,11580,405184
845,min:26576011,35,11935580367,68724326401,11580,405184
846,min:26576012,33,33141960875,68724326401,11580,405184
847,min:26576013,34,38147517049,68724326401,11580,405184
848,min:26576014,34,67697274118,68724326401,11580,405184
849,min:26576015,35,49603490622,68724326401,11580,405184
850,min:26576016,36,50442369424,68724326401,11580,405184
851,min:26576017,36,12821407013,68724326401,11580,405184
852,min:26576018,36,39207588240,68724326401,11580,405184
853,min:26576019,36,60985306146,68724326401,11580,405184
854,min:26576020,34,31711613351,68724326401,11580,405184
855,min:26576021,39,6463489856,68724326401,11580,405184
856,min:26576022,35,38159100156,68724326401,11580,405184
857,min:26576023,35,42208017412,68724326401,11580,405184
858,min:26576024,35,20116728133,68724326401,11580,405184
859,min:26576025,35,24238439110,68724326401,11580,405184
860,min:26576026,35,22467727465,68724326401,11580,405184
861,min:26576027,35,63645519775,68724326401,11580,405184
862,min:26576028,35,60062259661,68724326401,11580,405184
863,min:26576029,37,30562779031,68724326401,11580,405184
864,min:26576030,34,58311990507,68724326401,11580,405184
865,min:26576031,34,5714261773,68724326401,11580,405184
866,min:26576032,35,24731607210,68724326401,11580,405184
867,min:26576033,36,66742304685,68724326401,11580,405184
868,min:26576034,35,42235395308,68724326401,11580,405184
869,min:26576035,34,47732734989,68724326401,11580,405184
870,min:26576036,36,45258935921,68724326401,11580,405184
871,min:26576037,33,1370696394,68724326401,11580,405184
872,min:26576038,34,66615226680,68724326401,11580,405184
873,min:26576039,37,15283805138,68724326401,11580,405184
874,min:26576040,35,62158858761,68724326401,11580,405184
875,min:26576041,37,53356025169,68724326401,11580,405184
876,min:26576042,32,51391893094,68724326401,11580,405184
877,min:26576043,36,19194072122,68724326401,11580,405184
878,min:26576044,28,36590070378,68724326401,11580,405184
879,min:26576045,31,30482980190,68724326401,11580,405184
880,min:26576046,32,9599072933,68724326401,11580,405184
881,min:26576047,33,4006064841,68724326401,11580,405184
882,min:26576048,31,48249993479,68724326401,11580,405184
883,min:26576049,33,63055752073,68724326401,11580,405184
884,min:26576050,32,62323384785,68724326401,11580,405184
885,min:26576051,33,21519085150,68724326401,11580,405184
886,min:26576052,29,3304208410,68724326401,11580,405184
887,min:26576053,33,24403508474,68724326401,11580,405184
888,min:26576054,33,30149629381,68724326401,11580,405184
889,min:26576055,34,9150125722,68724326401,11580,405184
890,min:26576056,33,23142841863,68724326401,11580,405184
891,min:26576057,34,40853796207,68724326401,11580,405184
892,min:26576058,34,63244060082,68724326401,11580,405184
893,min:26576059,37,24617425540,68724326401,11580,405184
894,min:26576060,36,60924394459,68724326401,11580,405184
895,min:26576061,32,41601385436,68724326401,11580,405184
896,min:26576062,33,42176411947,68724326401,11580,405184
897,min:26576063,34,10649450496,68724326401,11580,405184
898,min:26576064,34,59403020884,68724326401,11580,405184
899,min:26576065,37,16381110230,68724326401,11580,405184
900,min:26576066,37,23862961313,68724326401,11580,405184
901,min:26576067,36,41777218272,68724326401,11580,405184
902,min:26576068,36,29436277309,68724326401,11580,405184
903,min:26576069,31,29898873825,68724326401,11580,405184
904,min:26576070,34,1721973712,68724326401,11580,405184
905,min:26576071,36,47733783466,68724326401,11580,405184
906,min:26576072,34,30941042133,68724326401,11580,405184
907,min:26576073,35,6662938527,68724326401,11580,405184
908,min:26576074,34,65637674779,68724326401,11580,405184
909,min:26576075,38,47534665044,68724326401,11580,405184
910,min:26576076,36,2992281384,68724326401,11580,405184
911,min:26576077,37,63063405260,68724326401,11580,405184
912,min:26576078,33,61259147556,68724326401,11580,405184
913,min:26576079,36,13384554382,68724326401,11580,405184
914,min:26576080,37,62573281224,68724326401,11580,405184
915,min:26576081,34,14532561166,68724326401,11580,405184
916,min:26576082,37,16721897893,68724326401,11580,405184
917,min:26576083,29,16528978487,68724326401,11580,405184
918,min:26576084,38,42995947876,68724326401,11580,405184
919,min:26576085,35,54697310136,68724326401,11580,405184
920,min:26576086,36,21012132321,68724326401,11580,405184
921,min:26576087,37,31738818541,68724326401,11580,405184
922,min:26576088,35,47513933347,68724326401,11580,405184
923,min:26576089,36,7716809629,68724326401,11580,405184
924,min:26576090,32,53002730567,68724326401,11580,405184
925,min:26576091,36,42279429004,68724326401,11580,405184
926,min:26576092,33,33220178822,68724326401,11580,405184
927,min:26576093,33,59377315672,68724326401,11580,405184
928,min:26576094,35,24794143226,68724326401,11580,405184
929,min:26576095,34,433170568,68724326401,11580,405184
930,min:26576096,36,6280389391,68724326401,11580,405184
931,min:26576097,36,20237613042,68724326401,11580,405184
932,min:26576098,35,56235175800,68724326401,11580,405184
933,min:26576099,36,959107918,68724326401,11580,405184
934,min:26576100,35,8717402923,68724326401,11580,405184
935,min:26576101,36,25327980841,68724326401,11580,405184
936,min:26576102,36,59380003593,68724326401,11580,405184
937,min:26576103,29,60642418078,68724326401,11580,405184
938,min:26576104,37,9203881165,68724326401,11580,405184
939,min:26576105,39,11003429309,68724326401,11580,405184
940,min:26576106,37,63565575447,68724326401,11580,405184
941,min:26576107,34,2973713729,68724326401,11580,405184
942,min:26576108,34,13277251353,68724326401,11580,405184
943,min:26576109,30,9266772870,68724326401,11580,405184
944,min:26576110,40,44875201885,68724326401,11580,405184
945,min:26576111,36,29974432948,68724326401,11580,405184
946,min:26576112,36,59120922537,68724326401,11580,405184
947,min:26576113,38,30607702478,68724326401,11580,405184
948,min:26576114,35,29105360112,68724326401,11580,405184
949,min:26576115,38,44571958079,68724326401,11580,405184
950,min:26576116,35,15118200638,68724326401,11580,405184
951,min:26576117,40,3958935196,68724326401,11580,405184
952,min:26576118,35,51026449695,68724326401,11580,405184
953,min:26576119,36,56722524638,68724326401,11580,405184
954,min:26576120,37,29881895712,68724326401,11580,405184
955,min:26576121,37,26400058134,68724326401,11580,405184
956,min:26576122,36,20081558262,68724326401,11580,405184
957,min:26576123,37,32064700041,68724326401,11580,405184
958,min:26576124,36,44010083348,68724326401,11580,405184
959,min:26576125,36,46194725765,68724326401,11580,405184
960,min:26576126,39,39565291622,68724326401,11580,405184
961,min:26576127,36,38780012796,68724326401,11580,405184
962,min:26576128,36,57534749628,68724326401,11580,405184
963,min:26576129,34,66144327470,68724326401,11580,405184
964,min:26576130,35,49104651043,68724326401,11580,405184
965,min:26576131,33,35556388961,68724326401,11580,405184
966,min:26576132,32,26775843107,68724326401,11580,405184
967,min:26576133,37,52554110332,68724326401,11580,405184
968,min:26576134,38,42355382305,68724326401,11580,405184
969,min:26576135,39,13654906961,68724326401,11580,405184
970,min:26576136,35,27075976276,68724326401,11580,405184
971,min:26576137,37,14099290007,68724326401,11580,405184
972,min:26576138,34,31074443823,68724326401,11580,405184
973,min:26576139,40,21145302941,68724326401,11580,405184
974,min:26576140,37,41660724565,68724326401,11580,405184
975,min:26576141,37,43198301124,68724326401,11580,405184
976,min:26576142,36,48187181807,68724326401,11580,405184
977,min:26576143,33,48789721699,68724326401,11580,405184
978,min:26576144,31,52644923957,68724326401,11580,405184
979,min:26576145,39,12054864371,68724326401,11580,405184
980,min:26576146,33,11923598015,68724326401,11580,405184
981,min:26576147,35,47778743647,68724326401,11580,405184
982,min:26576148,36,41062679359,68724326401,11580,405184
983,min:26576149,36,40999230111,68724326401,11580,405184
984,min:26576150,37,52848016621,68724326401,11580,405184
985,min:26576151,30,64404510415,68724326401,11580,405184
986,min:26576152,35,14655943542,68724326401,11580,405184
987,min:26576153,36,57902331237,68724326401,11580,405184
988,min:26576154,39,49374991207,68724326401,11580,405184
989,min:26576155,33,33393353773,68724326401,11580,405184
990,min:26576156,32,6835861854,68724326401,11580,405184
991,min:26576157,36,44044391245,68724326401,11580,405184
992,min:26576158,36,1446953022,68724326401,11580,405184
993,min:26576159,37,57033628677,68724326401,11580,405184
994,min:26576160,36,31873884667,68724326401,11580,405184
995,min:26576161,38,41801075844,68724326401,11580,405184
996,min:26576162,38,29444570831,68724326401,11580,405184
997,min:26576163,36,61444691211,68724326401,11580,405184
998,min:26576164,36,36229933920,68724326401,11580,405184
999,min:26576165,35,23585480721,68724326401,11580,405184
1000,min:26576166,37,23799910252,68724326401,11580,405184
1001,min:26576167,35,201726090,68724326401,11580,405184
1002,min:26576168,37,8021159844,68724326401,11580,405184
1003,min:26576169,33,41348561668,68724326401,11580,405184
1004,min:26576170,36,22324629545,68724326401,11580,405184
1005,min:26576171,32,23161531941,68724326401,11580,405184
1006,min:26576172,36,54627721976,68724326401,11580,405184
1007,min:26576173,36,31742887990,68724326401,11580,405184
1008,min:26576174,33,41394939205,68724326401,11580,405184
1009,min:26576175,36,20432702201,68724326401,11580,405184
1010,min:26576176,35,950262084,68724326401,11580,405184
1011,min:26576177,38,54399500369,68724326401,11580,405184
1012,min:26576178,34,43381741685,68724326401,11580,405184
1013,min:26576179,34,10705333177,68724326401,11580,405184
1014,min:26576180,37,16849362737,68724326401,11580,405184
1015,min:26576181,35,62468674130,68724326401,11580,405184
1016,min:26576182,35,6490387385,68724326401,11580,405184
1017,min:26576183,36,57275319863,68724326401,11580,405184
1018,min:26576184,34,19454900152,68724326401,11580,405184
1019,min:26576185,36,13702742279,68724326401,11580,405184
1020,min:26576186,35,56033328367,68724326401,11580,405184
1021,min:26576187,35,19588824861,68724326401,11580,405184
1022,min:26576188,35,53720105202,68724326401,11580,405184
1023,min:26576189,38,27800164151,68724326401,11580,405184
1024,min:26576190,32,44490709220,68724326401,11580,405184
1025,min:26576191,41,63910887388,68724326401,11580,405184
1026,min:26576192,38,61721348678,68724326401,11580,405184
1027,min:26576193,34,59720410631,68724326401,11580,405184
1028,min:26576194,40,8184966468,68724326401,11580,405184
1029,min:26576195,35,68200948574,68724326401,11580,405184
1030,min:26576196,37,61079454426,68724326401,11580,405184
1031,min:26576197,37,57333018038,68724326401,11580,405184
1032,min:26576198,36,2748909127,68724326401,11580,405184
1033,min:26576199,36,44489775345,68724326401,11580,405184
1034,min:26576200,35,19739662936,68724326401,11580,405184
1035,min:26576201,39,7386173857,68724326401,11580,405184
1036,min:26576202,35,69493244,68724326401,11580,405184
1037,min:26576203,37,19160001636,68724326401,11580,405184
1038,min:26576204,35,23507718501,68724326401,11580,405184
1039,min:26576205,38,59936376545,68724326401,11580,405184
1040,min:26576206,37,10655846785,68724326401,11580,405184
1041,min:26576207,37,8895622923,68724326401,11580,405184
1042,min:26576208,37,28872186889,68724326401,11580,405184
1043,min:26576209,36,48734475085,68724326401,11580,405184
1044,min:26576210,33,16294935913,68724326401,11580,405184
1045,min:26576211,40,27761960032,68724326401,11580,405184
1046,min:26576212,36,17546142256,68724326401,11580,405184
1047,min:26576213,34,3862669266,68724326401,11580,405184
1048,min:26576214,31,19800324411,68724326401,11580,405184
1049,min:26576215,33,28612725952,68724326401,11580,405184
1050,min:26576216,34,24597235435,68724326401,11580,405184
1051,min:26576217,36,64310929363,68724326401,11580,405184
1052,min:26576218,36,45727483220,68724326401,11580,405184
1053,min:26576219,40,28004089329,68724326401,11580,405184
1054,min:26576220,34,24532863567,68724326401,11580,405184
1055,min:26576221,35,64346654085,68724326401,11580,405184
1056,min:26576222,35,5816721328,68724326401,11580,405184
1057,min:26576223,37,24485739340,68724326401,11580,405184
1058,min:26576224,35,58774617880,68724326401,11580,405184
1059,min:26576225,36,9225512634,68724326401,11580,405184
1060,min:26576226,34,17858040893,68724326401,11580,405184
1061,min:26576227,34,42744560500,68724326401,11580,405184
1062,min:26576228,37,57994998852,68724326401,11580,405184
1063,min:26576229,38,5050006602,68724326401,11580,405184
1064,min:26576230,34,31730328216,68724326401,11580,405184
1065,min:26576231,36,55119139239,68724326401,11580,405184
1066,min:26576232,35,35041110880,68724326401,11580,405184
1067,min:26576233,34,53349816562,68724326401,11580,405184
1068,min:26576234,35,55617918825,68724326401,11580,405184
1069,min:26576235,39,48248006900,68724326401,11580,405184
1070,min:26576236,36,45571311686,68724326401,11580,405184
1071,min:26576237,38,55277034021,68724326401,11580,405184
1072,min:26576238,37,44943294397,68724326401,11580,405184
1073,min:26576239,33,49500270256,68724326401,11580,405184
1074,min:26576240,35,43546135532,68724326401,11580,405184
1075,min:26576241,35,19674485260,68724326401,11580,405184
1076,min:26576242,35,15327457007,68724326401,11580,405184
1077,min:26576243,35,45501049642,68724326401,11580,405184
1078,min:26576244,37,52655132640,68724326401,11580,405184
1079,min:26576245,40,63925717843,68724326401,11580,405184
1080,min:26576246,32,38786651360,68724326401,11580,405184
1081,min:26576247,34,62803072731,68724326401,11580,405184
1082,min:26576248,34,27559144336,68724326401,11580,405184
1083,min:26576249,33,52677924521,68724326401,11580,405184
1084,min:26576250,37,68662788146,68724326401,11580,405184
1085,min:26576251,36,50842039738,68724326401,11580,405184
1086,min:26576252,38,65310656381,68724326401,11580,405184
1087,min:26576253,35,20815089464,68724326401,11580,405184
1088,min:26576254,37,29912299663,68724326401,11580,405184
1089,min:26576255,38,47858892479,68724326401,11580,405184
1090,min:26576256,38,20675105879,68724326401,11580,405184
1091,min:26576257,37,65809365839,68724326401,11580,405184
1092,min:26576258,34,59624186621,68724326401,11580,405184
1093,min:26576259,37,27934355850,68724326401,11580,405184
1094,min:26576260,40,14992308420,68724326401,11580,405184
1095,min:26576261,33,7289271984,68724326401,11580,405184
1096,min:26576262,37,27210253939,68724326401,11580,405184
1097,min:26576263,36,32586407310,68724326401,11580,405184
1098,min:26576264,35,37884437206,68724326401,11580,405184
1099,min:26576265,35,19055664769,68724326401,11580,405184
1100,min:26576266,37,24132460531,68724326401,11580,405184
1101,min:26576267,37,39284115567,68724326401,11580,405184
1102,min:26576268,35,62389917540,68724326401,11580,405184
1103,min:26576269,37,40764856338,68724326401,11580,405184
1104,min:26576270,38,65488147304,68724326401,11580,405184
1105,min:26576271,36,60765673096,68724326401,11580,405184
1106,min:26576272,36,38675841303,68724326401,11580,405184
1107,min:26576273,39,56430568985,68724326401,11580,405184
1108,min:26576274,33,42441841172,68724326401,11580,405184
1109,min:26576275,34,14584785121,68724326401,11580,405184
1110,min:26576276,37,15076959321,68724326401,11580,405184
1111,min:26576277,34,32557271426,68724326401,11580,405184
1112,min:26576278,36,61980419839,68724326401,11580,405184
1113,min:26576279,34,17472100314,68724326401,11580,405184
1114,min:26576280,37,38769840043,68724326401,11580,405184
1115,min:26576281,36,16696009044,68724326401,11580,405184
1116,min:26576282,34,53711442676,68724326401,11580,405184
1117,min:26576283,34,53019770370,68724326401,11580,405184
1118,min:26576284,35,39180715633,68724326401,11580,405184
1119,min:26576285,33,16717210564,68724326401,11580,405184
1120,min:26576286,33,6821853745,68724326401,11580,405184
1121,min:26576287,36,12231351677,68724326401,11580,405184
1122,min:26576288,35,10864016674,68724326401,11580,405184
1123,min:26576289,36,19002634771,68724326401,11580,405184
1124,min:26576290,33,28848557667,68724326401,11580,405184
1125,min:26576291,38,64698205330,68724326401,11580,405184
1126,min:26576292,34,58460377473,68724326401,11580,405184
1127,min:26576293,37,44763526664,68724326401,11580,405184
1128,min:26576294,34,38889208530,68724326401,11580,405184
1129,min:26576295,35,20904286131,68724326401,11580,405184
1130,min:26576296,36,26287535929,68724326401,11580,405184
1131,min:26576297,30,63893978648,68724326401,11580,405184
1132,min:26576298,37,46619528454,68724326401,11580,405184
1133,min:26576299,36,3462540061,68724326401,11580,405184
1134,min:26576300,34,3303714884,68724326401,11580,405184
1135,min:26576301,38,10328612907,68724326401,11580,405184
1136,min:26576302,39,53344978361,68724326401,11580,405184
1137,min:26576303,35,18582808537,68724326401,11580,405184
1138,min:26576304,33,40276246807,68724326401,11580,405184
1139,min:26576305,39,21595049149,68724326401,11580,405184
1140,min:26576306,35,46872908706,68724326401,11580,405184
1141,min:26576307,37,42809738151,68724326401,11580,405184
1142,min:26576308,37,22095373039,68724326401,11580,405184
1143,min:26576309,37,46340295370,68724326401,11580,405184
1144,min:26576310,36,33083307345,68724326401,11580,405184
1145,min:26576311,39,64412006446,68724326401,11580,405184
1146,min:26576312,37,60069191128,68724326401,11580,405184
1147,min:26576313,34,45433722431,68724326401,11580,405184
1148,min:26576314,38,52899455826,68724326401,11580,405184
1149,min:26576315,33,44743363803,68724326401,11580,405184
1150,min:26576316,37,17074575568,68724326401,11580,405184
1151,min:26576317,36,22090528338,68724326401,11580,405184
1152,min:26576318,40,49237054306,68724326401,11580,405184
1153,min:26576319,36,48948117287,68724326401,11580,405184
1154,min:26576320,39,26512956154,68724326401,11580,405184
1155,min:26576321,36,6723275739,68724326401,11580,405184
1156,min:26576322,35,31828421268,68724326401,11580,405184
1157,min:26576323,33,11686537905,68724326401,11580,405184
1158,min:26576324,34,58392053891,68724326401,11580,405184
1159,min:26576325,32,31323711591,68724326401,11580,405184
1160,min:26576326,38,38065418253,68724326401,11580,405184
1161,min:26576327,35,32414493987,68724326401,11580,405184
1162,min:26576328,37,58138415184,68724326401,11580,405184
1163,min:26576329,37,27208375140,68724326401,11580,405184
1164,min:26576330,34,51945562639,68724326401,11580,405184
1165,min:26576331,33,33955543830,68724326401,11580,405184
1166,min:26576332,37,34637621200,68724326401,11580,405184
1167,min:26576333,35,7217084810,68724326401,11580,405184
1168,min:26576334,33,22909127520,68724326401,11580,405184
1169,min:26576335,33,15700440142,68724326401,11580,405184
1170,min:26576336,32,18269945681,68724326401,11580,405184
1171,min:26576337,38,20326376897,68724326401,11580,405184
1172,min:26576338,33,39512913147,68724326401,11580,405184
1173,min:26576339,37,22393850972,68724326401,11580,405184
1174,min:26576340,37,63754136744,68724326401,11580,405184
1175,min:26576341,37,39374255756,68724326401,11580,405184
1176,min:26576342,34,6048167243,68724326401,11580,405184
1177,min:26576343,37,16415251219,68724326401,11580,405184
1178,min:26576344,32,24990949377,68724326401,11580,405184
1179,min:26576345,34,6648991733,68724326401,11580,405184
1180,min:26576346,34,33604850300,68724326401,11580,405184
1181,min:26576347,36,61581537335,68724326401,11580,405184
1182,min:26576348,36,40220442293,68724326401,11580,405184
1183,min:26576349,36,9272462124,68724326401,11580,405184
1184,min:26576350,34,32426006832,68724326401,11580,405184
1185,min:26576351,37,10606290210,68724326401,11580,405184
1186,min:26576352,37,13917513636,68724326401,11580,405184
1187,min:26576353,31,44373224726,68724326401,11580,405184
1188,min:26576354,35,50674682169,68724326401,11580,405184
1189,min:26576355,34,53578591519,68724326401,11580,405184
1190,min:26576356,35,61010263982,68724326401,11580,405184
1191,min:26576357,36,11591175270,68724326401,11580,405184
1192,min:26576358,37,1833237892,68724326401,11580,405184
1193,min:26576359,34,40052438867,68724326401,11580,405184
1194,min:26576360,32,36710078603,68724326401,11580,405184
1195,min:26576361,34,1614726095,68724326401,11580,405184
1196,min:26576362,38,40463909460,68724326401,11580,405184
1197,min:26576363,30,49882954961,68724326401,11580,405184
1198,min:26576364,37,17810162192,68724326401,11580,405184
1199,min:26576365,35,59982076670,68724326401,11580,405184
1200,min:26576366,37,48161988806,68724326401,11580,405184
1201,min:26576367,37,16661862848,68724326401,11580,405184
1202,min:26576368,32,31208386120,68724326401,11580,405184
1203,min:26576369,36,40294818406,68724326401,11580,405184
1204,min:26576370,36,17295647973,68724326401,11580,405184
1205,min:26576371,36,39669827910,68724326401,11580,405184
1206,min:26576372,36,32503214329,68724326401,11580,405184
1207,min:26576373,37,12033699256,68724326401,11580,405184
1208,min:26576374,36,14253643819,68724326401,11580,405184
1209,min:26576375,33,53633993613,68724326401,11580,405184
1210,min:26576376,34,31158254573,68724326401,11580,405184
1211,min:26576377,32,25559710587,68724326401,11580,405184
1212,min:26576378,33,15301190892,68724326401,11580,405184
1213,min:26576379,39,23980008066,68724326401,11580,405184
1214,min:26576380,36,21096993775,68724326401,11580,405184
1215,min:26576381,37,54956089975,68724326401,11580,405184
1216,min:26576382,33,61319128990,68724326401,11580,405184
1217,min:26576383,36,41318743039,68724326401,11580,405184
1218,min:26576384,33,37426544198,68724326401,11580,405184
1219,min:26576385,36,215267891,68724326401,11580,405184
1220,min:26576386,34,30258458092,68724326401,11580,405184
1221,min:26576387,37,11549486671,68724326401,11580,405184
1222,min:26576388,34,37781270169,68724326401,11580,405184
1223,min:26576389,33,19221009514,68724326401,11580,405184
1224,min:26576390,34,24995102667,68724326401,11580,405184
1225,min:26576391,36,56280076778,68724326401,11580,405184
1226,min:26576392,34,36560514112,68724326401,11580,405184
1227,min:26576393,34,68309253731,68724326401,11580,405184
1228,min:26576394,39,13161793483,68724326401,11580,405184
1229,min:26576395,35,64458067878,68724326401,11580,405184
1230,min:26576396,32,25175764617,68724326401,11580,405184
1231,min:26576397,37,65389507896,68724326401,11580,405184
1232,min:26576398,31,51953963916,68724326401,11580,405184
1233,min:26576399,34,53108984641,68724326401,11580,405184
1234,min:26576400,33,46089301061,68724326401,11580,405184
1235,min:26576401,34,58724835442,68724326401,11580,405184
1236,min:26576402,38,61746878817,68724326401,11580,405184
1237,min:26576403,39,44167788203,68724326401,11580,405184
1238,min:26576404,35,8999216882,68724326401,11580,405184
1239,min:26576405,35,51002408013,68724326401,11580,405184
1240,min:26576406,34,39897152868,68724326401,11580,405184
1241,min:26576407,35,50285557730,68724326401,11580,405184
1242,min:26576408,36,35895793183,68724326401,11580,405184
1243,min:26576409,40,54694540542,68724326401,11580,405184
1244,min:26576410,36,33375067293,68724326401,11580,405184
1245,min:26576411,35,4030168688,68724326401,11580,405184
1246,min:26576412,35,28164769318,68724326401,11580,405184
1247,min:26576413,38,27516659418,68724326401,11580,405184
1248,min:26576414,36,55891130198,68724326401,11580,405184
1249,min:26576415,34,39676992420,68724326401,11580,405184
1250,min:26576416,35,8588196194,68724326401,11580,405184
1251,min:26576417,31,63091152640,68724326401,11580,405184
1252,min:26576418,31,56493885724,68724326401,11580,405184
1253,min:26576419,30,440567510,68724326401,11580,405184
1254,min:26576420,31,23073586628,68724326401,11580,405184
1255,min:26576421,36,42012688724,68724326401,11580,405184
1256,min:26576422,31,66185643543,68724326401,11580,405184
1257,min:26576423,33,55825482321,68724326401,11580,405184
1258,min:26576424,33,4874294188,68724326401,11580,405184
1259,min:26576425,33,33423385306,68724326401,11580,405184
1260,min:26576426,29,44860403684,68724326401,11580,405184
1261,min:26576427,35,40751264958,68724326401,11580,405184
1262,min:26576428,35,38700336999,68724326401,11580,405184
1263,min:26576429,36,52574962454,68724326401,11580,405184
1264,min:26576430,35,41995143822,68724326401,11580,405184
1265,min:26576431,33,57882219916,68724326401,11580,405184
1266,min:26576432,36,8879940917,68724326401,11580,405184
1267,min:26576433,33,9745239797,68724326401,11580,405184
1268,min:26576434,34,33023051541,68724326401,11580,405184
1269,min:26576435,36,54235227411,68724326401,11580,405184
1270,min:26576436,33,9571294726,68724326401,11580,405184
1271,min:26576437,36,16289231574,68724326401,11580,405184
1272,min:26576438,32,39963030393,68724326401,11580,405184
1273,min:26576439,35,16260263607,68724326401,11580,405184
1274,min:26576440,33,59048854340,68724326401,11580,405184
1275,min:26576441,40,31299060860,68724326401,11580,405184
1276,min:26576442,34,19193555710,68724326401,11580,405184
1277,min:26576443,36,20488174379,68724326401,11580,405184
1278,min:26576444,35,17707862448,68724326401,11580,405184
1279,min:26576445,32,34656155447,68724326401,11580,405184
1280,min:26576446,32,47720845047,68724326401,11580,405184
1281,min:26576447,34,57357811147,68724326401,11580,405184
1282,min:26576448,37,55978901270,68724326401,11580,405184
1283,min:26576449,33,42241194090,68724326401,11580,405184
1284,min:26576450,36,51159534608,68724326401,11580,405184
1285,min:26576451,34,56159796118,68724326401,11580,405184
1286,min:26576452,36,68120007236,68724326401,11580,405184
1287,min:26576453,36,3290227060,68724326401,11580,405184
1288,min:26576454,35,26616209298,68724326401,11580,405184
1289,min:26576455,35,59652046242,68724326401,11580,405184
1290,min:26576456,34,15315586937,68724326401,11580,405184
1291,min:26576457,34,59565631140,68724326401,11580,405184
1292,min:26576458,37,18170471238,68724326401,11580,405184
1293,min:26576459,33,43923714729,68724326401,11580,405184
1294,min:26576460,38,21732753612,68724326401,11580,405184
1295,min:26576461,33,32987462418,68724326401,11580,405184
1296,min:26576462,35,46851775124,68724326401,11580,405184
1297,min:26576463,32,16454448978,68724326401,11580,405184
1298,min:26576464,37,16018336980,68724326401,11580,405184
1299,min:26576465,36,5235350156,68724326401,11580,405184
1300,min:26576466,36,29853603735,68724326401,11580,405184
1301,min:26576467,36,59063241106,68724326401,11580,405184
1302,min:26576468,38,22821534982,68724326401,11580,405184
1303,min:26576469,35,54924997696,68724326401,11580,405184
1304,min:26576470,39,25286603986,68724326401,11580,405184
1305,min:26576471,35,39650253510,68724326401,11580,405184
1306,min:26576472,38,57686020899,68724326401,11580,405184
1307,min:26576473,34,1526738097,68724326401,11580,405184
1308,min:26576474,39,5352747941,68724326401,11580,405184
1309,min:26576475,36,4910587612,68724326401,11580,405184
1310,min:26576476,32,67895627470,68724326401,11580,405184
1311,min:26576477,37,55798187573,68724326401,11580,405184
1312,min:26576478,34,46332508132,68724326401,11580,405184
1313,min:26576479,38,6765466534,68724326401,11580,405184
1314,min:26576480,36,6088002748,68724326401,11580,405184
1315,min:26576481,34,65598962564,68724326401,11580,405184
1316,min:26576482,36,17337676176,68724326401,11580,405184
1317,min:26576483,35,33147768834,68724326401,11580,405184
1318,min:26576484,37,68151318596,68724326401,11580,405184
1319,min:26576485,37,43693657912,68724326401,11580,405184
1320,min:26576486,35,5390902063,68724326401,11580,405184
1321,min:26576487,37,26403269942,68724326401,11580,405184
1322,min:26576488,34,31557307052,68724326401,11580,405184
1323,min:26576489,37,10783259309,68724326401,11580,405184
1324,min:26576490,37,66727878640,68724326401,11580,405184
1325,min:26576491,38,50950753770,68724326401,11580,405184
1326,min:26576492,35,11824243212,68724326401,11580,405184
1327,min:26576493,34,941371395,68724326401,11580,405184
1328,min:26576494,37,49603804834,68724326401,11580,405184
1329,min:26576495,35,39819381275,68724326401,11580,405184
1330,min:26576496,33,4826679134,68724326401,11580,405184
1331,min:26576497,33,46360316722,68724326401,11580,405184
1332,min:26576498,35,62789804267,68724326401,11580,405184
1333,min:26576499,35,8440108679,68724326401,11580,405184
1334,min:26576500,33,15341708544,68724326401,11580,405184
1335,min:26576501,35,2977022039,68724326401,11580,405184
1336,min:26576502,35,38064451636,68724326401,11580,405184
1337,min:26576503,35,25686323519,68724326401,11580,405184
1338,min:26576504,33,15333479983,68724326401,11580,405184
1339,min:26576505,33,61421749812,68724326401,11580,405184
1340,min:26576506,32,29853103971,68724326401,11580,405184
1341,min:26576507,37,17264372482,68724326401,11580,405184
1342,min:26576508,34,749982784,68724326401,11580,405184
1343,min:26576509,39,36292019184,68724326401,11580,405184
1344,min:26576510,35,68072926585,68724326401,11580,405184
1345,min:26576511,35,13836272981,68724326401,11580,405184
1346,min:26576512,37,46940509556,68724326401,11580,405184
1347,min:26576513,36,2046586117,68724326401,11580,405184
1348,min:26576514,35,22730771555,68724326401,11580,405184
1349,min:26576515,36,34690668122,68724326401,11580,405184
1350,min:26576516,38,46965475397,68724326401,11580,405184
1351,min:26576517,35,9211529685,68724326401,11580,405184
1352,min:26576518,35,65589386028,68724326401,11580,405184
1353,min:26576519,35,15023057334,68724326401,11580,405184
1354,min:26576520,34,63506346393,68724326401,11580,405184
1355,min:26576521,36,45469903805,68724326401,11580,405184
1356,min:26576522,34,180798185,68724326401,11580,405184
1357,min:26576523,36,30893973561,68724326401,11580,405184
1358,min:26576524,35,34086668930,68724326401,11580,405184
1359,min:26576525,37,13040403269,68724326401,11580,405184
1360,min:26576526,34,40684336097,68724326401,11580,405184
1361,min:26576527,38,20834954540,68724326401,11580,405184
1362,min:26576528,34,31940128695,68724326401,11580,405184
1363,min:26576529,35,67232866663,68724326401,11580,405184
1364,min:26576530,35,6126810379,68724326401,11580,405184
1365,min:26576531,37,10907941987,68724326401,11580,405184
1366,min:26576532,36,15585211374,68724326401,11580,405184
1367,min:26576533,31,21384258907,68724326401,11580,405184
1368,min:26576534,35,2984816895,68724326401,11580,405184
1369,min:26576535,36,60671574924,68724326401,11580,405184
1370,min:26576536,39,30530535440,68724326401,11580,405184
1371,min:26576537,34,67246551900,68724326401,11580,405184
1372,min:26576538,33,2608257243,68724326401,11580,405184
1373,min:26576539,33,34206194860,68724326401,11580,405184
1374,min:26576540,36,29945022058,68724326401,11580,405184
1375,min:26576541,33,43761573423,68724326401,11580,405184
1376,min:26576542,37,64112904257,68724326401,11580,405184
1377,min:26576543,36,42809924027,68724326401,11580,405184
1378,min:26576544,35,17442167858,68724326401,11580,405184
1379,min:26576545,37,28259448898,68724326401,11580,405184
1380,min:26576546,35,8822206696,68724326401,11580,405184
1381,min:26576547,32,42899533193,68724326401,11580,405184
1382,min:26576548,34,43468035977,68724326401,11580,405184
1383,min:26576549,38,30350802543,68724326401,11580,405184
1384,min:26576550,36,16316785293,68724326401,11580,405184
1385,min:26576551,36,19763017625,68724326401,11580,405184
1386,min:26576552,38,32404830407,68724326401,11580,405184
1387,min:26576553,35,51809836630,68724326401,11580,405184
1388,min:26576554,36,62585986071,68724326401,11580,405184
1389,min:26576555,37,26446656518,68724326401,11580,405184
1390,min:26576556,30,53828978029,68724326401,11580,405184
1391,min:26576557,37,17674348160,68724326401,11580,405184
1392,min:26576558,36,28067544592,68724326401,11580,405184
1393,min:26576559,35,46274694560,68724326401,11580,405184
1394,min:26576560,39,39548861074,68724326401,11580,405184
1395,min:26576561,35,2842966244,68724326401,11580,405184
1396,min:26576562,36,54270514609,68724326401,11580,405184
1397,min:26576563,36,60931344879,68724326401,11580,405184
1398,min:26576564,35,23544110944,68724326401,11580,405184
1399,min:26576565,35,9049338493,68724326401,11580,405184
1400,min:26576566,39,16130261504,68724326401,11580,405184
1401,min:26576567,34,41171517769,68724326401,11580,405184
1402,min:26576568,30,37597678492,68724326401,11580,405184
1403,min:26576569,32,46565420927,68724326401,11580,405184
1404,min:26576570,36,35289410921,68724326401,11580,405184
1405,min:26576571,34,2493996970,68724326401,11580,405184
1406,min:26576572,38,3400086621,68724326401,11580,405184
1407,min:26576573,37,64646640849,68724326401,11580,405184
1408,min:26576574,36,2023890606,68724326401,11580,405184
1409,min:26576575,33,65592783968,68724326401,11580,405184
1410,min:26576576,33,56130548556,68724326401,11580,405184
1411,min:26576577,38,47565608950,68724326401,11580,405184
1412,min:26576578,34,44612229928,68724326401,11580,405184
1413,min:26576579,36,16411499512,68724326401,11580,405184
1414,min:26576580,32,40774197189,68724326401,11580,405184
1415,min:26576581,34,12327407354,68724326401,11580,405184
1416,min:26576582,37,26443543271,68724326401,11580,405184
1417,min:26576583,34,16778626551,68724326401,11580,405184
1418,min:26576584,35,9910324544,68724326401,11580,405184
1419,min:26576585,37,46246593061,68724326401,11580,405184
1420,min:26576586,33,53657004229,68724326401,11580,405184
1421,min:26576587,36,67465959229,68724326401,11580,405184
1422,min:26576588,38,17659332533,68724326401,11580,405184
1423,min:26576589,37,6577788182,68724326401,11580,405184
1424,min:26576590,36,11561062813,68724326401,11580,405184
1425,min:26576591,37,61059942375,68724326401,11580,405184
1426,min:26576592,38,12141188597,68724326401,11580,405184
1427,min:26576593,38,43947982512,68724326401,11580,405184
1428,min:26576594,33,47667731446,68724326401,11580,405184
1429,min:26576595,37,14222010634,68724326401,11580,405184
1430,min:26576596,35,23267674729,68724326401,11580,405184
1431,min:26576597,35,37520476909,68724326401,11580,405184
1432,min:26576598,35,9551584395,68724326401,11580,405184
1433,min:26576599,34,24510526192,68724326401,11580,405184
1434,min:26576600,34,15184377929,68724326401,11580,405184
1435,min:26576601,36,62206380475,68724326401,11580,405184
1436,min:26576602,36,14379038484,68724326401,11580,405184
1437,min:26576603,36,46341781932,68724326401,11580,405184
1438,min:26576604,36,11639772089,68724326401,11580,405184
1439,min:26576605,35,58822464834,68724326401,11580,405184
1440,min:26576606,36,677212128,68724326401,11580,405184
1441,min:26576607,38,44305370276,68724326401,11580,405184
1442,min:26576608,34,36031136146,68724326401,11580,405184
1443,min:26576609,38,63542329244,68724326401,11580,405184
1444,min:26576610,35,21414612371,68724326401,11580,405184
1445,min:26576611,37,60613090333,68724326401,11580,405184
1446,min:26576612,35,51370951188,68724326401,11580,405184
1447,min:26576613,38,28515264366,68724326401,11580,405184
1448,min:26576614,34,27519964781,68724326401,11580,405184
1449,min:26576615,36,6314754516,68724326401,11580,405184
1450,min:26576616,38,42593868201,68724326401,11580,405184
1451,min:26576617,33,21699800708,68724326401,11580,405184
1452,min:26576618,38,26114896629,68724326401,11580,405184
1453,min:26576619,36,17864462705,68724326401,11580,405184
1454,min:26576620,35,54345334815,68724326401,11580,405184
1455,min:26576621,31,35803151825,68724326401,11580,405184
1456,min:26576622,30,202274854,68724326401,11580,405184
1457,min:26576623,35,45638041842,68724326401,11580,405184
1458,min:26576624,32,34020557240,68724326401,11580,405184
1459,min:26576625,35,22965756738,68724326401,11580,405184
1460,min:26576626,33,43415755889,68724326401,11580,405184
1461,min:26576627,35,1380847565,68724326401,11580,405184
1462,min:26576628,36,31881454128,68724326401,11580,405184
1463,min:26576629,39,22387812610,68724326401,11580,405184
1464,min:26576630,33,30438401912,68724326401,11580,405184
1465,min:26576631,35,35483952501,68724326401,11580,405184
1466,min:26576632,32,17044608752,68724326401,11580,405184
1467,min:26576633,34,67872188255,68724326401,11580,405184
1468,min:26576634,34,55905331512,68724326401,11580,405184
1469,min:26576635,35,54391512880,68724326401,11580,405184
1470,min:26576636,36,27957345846,68724326401,11580,405184
1471,min:26576637,34,3543633668,68724326401,11580,405184
1472,min:26576638,36,63733053564,68724326401,11580,405184
1473,min:26576639,35,6112353206,68724326401,11580,405184
1474,min:26576640,40,25639664985,68724326401,11580,405184
1475,min:26576641,37,13767084976,68724326401,11580,405184
1476,min:26576642,36,7605887744,68724326401,11580,405184
1477,min:26576643,32,28499832451,68724326401,11580,405184
1478,min:26576644,37,6292071270,68724326401,11580,405184
1479,min:26576645,35,14950916020,68724326401,11580,405184
1480,min:26576646,35,59298548007,68724326401,11580,405184
1481,min:26576647,35,56435714236,68724326401,11580,405184
1482,min:26576648,32,19323672465,68724326401,11580,405184
1483,min:26576649,36,34840256739,68724326401,11580,405184
1484,min:26576650,34,46340000162,68724326401,11580,405184
1485,min:26576651,38,1268186732,68724326401,11580,405184
1486,min:26576652,33,60272047566,68724326401,11580,405184
1487,min:26576653,39,21937297309,68724326401,11580,405184
1488,min:26576654,33,19864920791,68724326401,11580,405184
1489,min:26576655,35,61701389974,68724326401,11580,405184
1490,min:26576656,38,30698831684,68724326401,11580,405184
1491,min:26576657,36,17004108781,68724326401,11580,405184
1492,min:26576658,36,15399595573,68724326401,11580,405184
1493,min:26576659,35,2457580220,68724326401,11580,405184
1494,min:26576660,35,15550283993,68724326401,11580,405184
1495,min:26576661,34,6585924743,68724326401,11580,405184
1496,min:26576662,34,27117122949,68724326401,11580,405184
1497,min:26576663,36,6231874018,68724326401,11580,405184
1498,min:26576664,34,1190211635,68724326401,11580,405184
1499,min:26576665,38,44872606899,68724326401,11580,405184
1500,min:26576666,36,16320428612,68724326401,11580,405184
1501,min:26576667,38,2663239263,68724326401,11580,405184
1502,min:26576668,37,813523041,68724326401,11580,405184
1503,min:26576669,33,18267790602,68724326401,11580,405184
1504,min:26576670,36,27303774665,68724326401,11580,405184
1505,min:26576671,34,36752254957,68724326401,11580,405184
1506,min:26576672,37,53032259616,68724326401,11580,405184
1507,min:26576673,37,15989987102,68724326401,11580,405184
1508,min:26576674,37,62727246319,68724326401,11580,405184
1509,min:26576675,32,8514517376,68724326401,11580,405184
1510,min:26576676,31,34640411204,68724326401,11580,405184
1511,min:26576677,39,437581142,68724326401,11580,405184
1512,min:26576678,33,19261381598,68724326401,11580,405184
1513,min:26576679,36,49643393184,68724326401,11580,405184
1514,min:26576680,31,57479361042,68724326401,11580,405184
1515,min:26576681,36,11145039805,68724326401,11580,405184
1516,min:26576682,39,68366167461,68724326401,11580,405184
1517,min:26576683,34,52282629314,68724326401,11580,405184
1518,min:26576684,36,8370079275,68724326401,11580,405184
1519,min:26576685,34,27669155587,68724326401,11580,405184
1520,min:26576686,34,2708725354,68724326401,11580,405184
1521,min:26576687,36,56184207373,68724326401,11580,405184
1522,min:26576688,37,28174922843,68724326401,11580,405184
1523,min:26576689,36,67219667296,68724326401,11580,405184
1524,min:26576690,34,17225558533,68724326401,11580,405184
1525,min:26576691,36,40948019445,68724326401,11580,405184
1526,min:26576692,38,11922061749,68724326401,11580,405184
1527,min:26576693,35,16607319587,68724326401,11580,405184
1528,min:26576694,36,41392878371,68724326401,11580,405184
1529,min:26576695,34,49937561728,68724326401,11580,405184
1530,min:26576696,35,63537993930,68724326401,11580,405184
1531,min:26576697,37,19889469700,68724326401,11580,405184
1532,min:26576698,37,6314532440,68724326401,11580,405184
1533,min:26576699,34,45324887563,68724326401,11580,405184
1534,min:26576700,32,2259770863,68724326401,11580,405184
1535,min:26576701,35,35880393844,68724326401,11580,405184
1536,min:26576702,37,66095344748,68724326401,11580,405184
1537,min:26576703,35,31438753860,68724326401,11580,405184
1538,min:26576704,35,24509454828,68724326401,11580,405184
1539,min:26576705,35,50358663007,68724326401,11580,405184
1540,min:26576706,37,8297117208,68724326401,11580,405184
1541,min:26576707,37,65217742526,68724326401,11580,405184
1542,min:26576708,37,21700958445,68724326401,11580,405184
1543,min:26576709,38,25746543595,68724326401,11580,405184
1544,min:26576710,35,46407994667,68724326401,11580,405184
1545,min:26576711,36,52173321038,68724326401,11580,405184
1546,min:26576712,35,48877614865,68724326401,11580,405184
1547,min:26576713,38,23968697862,68724326401,11580,405184
1548,min:26576714,35,8433292907,68724326401,11580,405184
1549,min:26576715,36,44102318950,68724326401,11580,405184
1550,min:26576716,35,26465418903,68724326401,11580,405184
1551,min:26576717,37,64080827498,68724326401,11580,405184
1552,min:26576718,35,25587103082,68724326401,11580,405184
1553,min:26576719,36,14870481851,68724326401,11580,405184
1554,min:26576720,35,43326431260,68724326401,11580,405184
1555,min:26576721,32,33738829375,68724326401,11580,405184
1556,min:26576722,35,3540609580,68724326401,11580,405184
1557,min:26576723,36,48082176350,68724326401,11580,405184
1558,min:26576724,32,17000802300,68724326401,11580,405184
1559,min:26576725,32,8908334847,68724326401,11580,405184
1560,min:26576726,39,46518838771,68724326401,11580,405184
1561,min:26576727,33,9182580285,68724326401,11580,405184
1562,min:26576728,33,3195138499,68724326401,11580,405184
1563,min:26576729,36,67520911970,68724326401,11580,405184
1564,min:26576730,36,66331232247,68724326401,11580,405184
1565,min:26576731,37,51965382046,68724326401,11580,405184
1566,min:26576732,34,21326375180,68724326401,11580,405184
1567,min:26576733,36,29858385972,68724326401,11580,405184
1568,min:26576734,35,58784602000,68724326401,11580,405184
1569,min:26576735,32,10258764013,68724326401,11580,405184
1570,min:26576736,36,1183468962,68724326401,11580,405184
1571,min:26576737,34,49762257594,68724326401,11580,405184
1572,min:26576738,39,41204438934,68724326401,11580,405184
1573,min:26576739,35,35286044876,68724326401,11580,405184
1574,min:26576740,31,23976427233,68724326401,11580,405184
1575,min:26576741,37,51924906021,68724326401,11580,405184
1576,min:26576742,36,48775001488,68724326401,11580,405184
1577,min:26576743,38,6190543174,68724326401,11580,405184
1578,min:26576744,37,66282446353,68724326401,11580,405184
1579,min:26576745,39,36812174360,68724326401,11580,405184
1580,min:26576746,31,19497144273,68724326401,11580,405184
1581,min:26576747,33,27579384498,68724326401,11580,405184
1582,min:26576748,37,60710925752,68724326401,11580,405184
1583,min:26576749,39,24754263717,68724326401,11580,405184
1584,min:26576750,36,26702091240,68724326401,11580,405184
1585,min:26576751,36,248529812,68724326401,11580,405184
1586,min:26576752,36,31946887153,68724326401,11580,405184
1587,min:26576753,38,9091721184,68724326401,11580,405184
1588,min:26576754,37,23137787153,68724326401,11580,405184
1589,min:26576755,37,67121168002,68724326401,11580,405184
1590,min:26576756,36,14849142813,68724326401,11580,405184
1591,min:26576757,36,61516654666,68724326401,11580,405184
1592,min:26576758,31,60980135943,68724326401,11580,405184
1593,min:26576759,36,2111088860,68724326401,11580,405184
1594,min:26576760,38,4313150430,68724326401,11580,405184
1595,min:26576761,36,19098468365,68724326401,11580,405184
1596,min:26576762,35,17069031949,68724326401,11580,405184
1597,min:26576763,37,22392508981,68724326401,11580,405184
1598,min:26576764,37,40930940775,68724326401,11580,405184
1599,min:26576765,35,43047891984,68724326401,11580,405184
1600,min:26576766,35,19850434209,68724326401,11580,405184
1601,min:26576767,35,35540697367,68724326401,11580,405184
1602,min:26576768,36,36141344463,68724326401,11580,405184
1603,min:26576769,33,66624998459,68724326401,11580,405184
1604,min:26576770,31,19806956913,68724326401,11580,405184
1605,min:26576771,37,52978991306,68724326401,11580,405184
1606,min:26576772,31,65468502214,68724326401,11580,405184
1607,min:26576773,34,35261033508,68724326401,11580,405184
1608,min:26576774,36,30134864126,68724326401,11580,405184
1609,min:26576775,38,21601299574,68724326401,11580,405184
1610,min:26576776,36,55784865080,68724326401,11580,405184
1611,min:26576777,35,21623753777,68724326401,11580,405184
1612,min:26576778,35,50785472862,68724326401,11580,405184
1613,min:26576779,35,56372697532,68724326401,11580,405184
1614,min:26576780,35,14184753515,68724326401,11580,405184
1615,min:26576781,34,1783744141,68724326401,11580,405184
1616,min:26576782,35,64104539565,68724326401,11580,405184
1617,min:26576783,31,42628676833,68724326401,11580,405184
1618,min:26576784,35,53400168585,68724326401,11580,405184
1619,min:26576785,35,67816396938,68724326401,11580,405184
1620,min:26576786,35,61650990457,68724326401,11580,405184
1621,min:26576787,36,39710617665,68724326401,11580,405184
1622,min:26576788,31,36850500406,68724326401,11580,405184
1623,min:26576789,36,52053339872,68724326401,11580,405184
1624,min:26576790,35,28512047251,68724326401,11580,405184
1625,min:26576791,35,44096535957,68724326401,11580,405184
1626,min:26576792,38,32811881973,68724326401,11580,405184
1627,min:26576793,31,20022057418,68724326401,11580,405184
1628,min:26576794,38,51835477144,68724326401,11580,405184
1629,min:26576795,36,28411198169,68724326401,11580,405184
1630,min:26576796,36,26960814802,68724326401,11580,405184
1631,min:26576797,35,4635824665,68724326401,11580,405184
1632,min:26576798,32,19108895178,68724326401,11580,405184
1633,min:26576799,33,32846869190,68724326401,11580,405184
1634,min:26576800,32,2325013923,68724326401,11580,405184
1635,min:26576801,33,31616454804,68724326401,11580,405184
1636,min:26576802,37,11403460569,68724326401,11580,405184
1637,min:26576803,35,51341174375,68724326401,11580,405184
1638,min:26576804,36,63018659354,68724326401,11580,405184
1639,min:26576805,36,39421263710,68724326401,11580,405184
1640,min:26576806,35,63696227889,68724326401,11580,405184
1641,min:26576807,33,15391403854,68724326401,11580,405184
1642,min:26576808,38,57229311149,68724326401,11580,405184
1643,min:26576809,36,27574083074,68724326401,11580,405184
1644,min:26576810,36,27435512757,68724326401,11580,405184
1645,min:26576811,34,4111525926,68724326401,11580,405184
1646,min:26576812,38,51302670362,68724326401,11580,405184
1647,min:26576813,38,12286032824,68724326401,11580,405184
1648,min:26576814,35,55204890652,68724326401,11580,405184
1649,min:26576815,38,31143493477,68724326401,11580,405184
1650,min:26576816,39,50575331627,68724326401,11580,405184
1651,min:26576817,38,20165832333,68724326401,11580,405184
1652,min:26576818,36,68212874128,68724326401,11580,405184
1653,min:26576819,34,24152674189,68724326401,11580,405184
1654,min:26576820,35,52864151298,68724326401,11580,405184
1655,min:26576821,37,64485284729,68724326401,11580,405184
1656,min:26576822,37,55509797484,68724326401,11580,405184
1657,min:26576823,36,5202729810,68724326401,11580,405184
1658,min:26576824,34,40799872556,68724326401,11580,405184
1659,min:26576825,32,36739579919,68724326401,11580,405184
1660,min:26576826,38,35174406491,68724326401,11580,405184
1661,min:26576827,34,64333874312,68724326401,11580,405184
1662,min:26576828,36,43533822904,68724326401,11580,405184
1663,min:26576829,37,34662361931,68724326401,11580,405184
1664,min:26576830,38,45568146288,68724326401,11580,405184
1665,min:26576831,38,54296632340,68724326401,11580,405184
1666,min:26576832,39,43977346013,68724326401,11580,405184
1667,min:26576833,39,29168284910,68724326401,11580,405184
1668,min:26576834,36,60585303098,68724326401,11580,405184
1669,min:26576835,35,61626409877,68724326401,11580,405184
1670,min:26576836,36,32488475028,68724326401,11580,405184
1671,min:26576837,39,1017566161,68724326401,11580,405184
1672,min:26576838,36,43693041647,68724326401,11580,405184
1673,min:26576839,36,15908564007,68724326401,11580,405184
1674,min:26576840,38,2777282809,68724326401,11580,405184
1675,min:26576841,35,39100560640,68724326401,11580,405184
1676,min:26576842,40,65145233927,68724326401,11580,405184
1677,min:26576843,37,31992268223,68724326401,11580,405184
1678,min:26576844,34,10171598051,68724326401,11580,405184
1679,min:26576845,39,18167787336,68724326401,11580,405184
1680,min:26576846,35,47290527256,68724326401,11580,405184
1681,min:26576847,35,8455287221,68724326401,11580,405184
1682,min:26576848,34,29274362882,68724326401,11580,405184
1683,min:26576849,36,42124322691,68724326401,11580,405184
1684,min:26576850,36,31665457918,68724326401,11580,405184
1685,min:26576851,36,40251740934,68724326401,11580,405184
1686,min:26576852,35,18338030757,68724326401,11580,405184
1687,min:26576853,36,28899678384,68724326401,11580,405184
1688,min:26576854,36,1362689799,68724326401,11580,405184
1689,min:26576855,37,40266779374,68724326401,11580,405184
1690,min:26576856,38,20114481511,68724326401,11580,405184
1691,min:26576857,35,66897443043,68724326401,11580,405184
1692,min:26576858,37,7813335475,68724326401,11580,405184
1693,min:26576859,34,6572298558,68724326401,11580,405184
1694,min:26576860,34,53624139868,68724326401,11580,405184
1695,min:26576861,35,23625893061,68724326401,11580,405184
1696,min:26576862,35,56610850401,68724326401,11580,405184
1697,min:26576863,33,62906549025,68724326401,11580,405184
1698,min:26576864,34,29429117392,68724326401,11580,405184
1699,min:26576865,34,58268769349,68724326401,11580,405184
1700,min:26576866,30,5808596094,68724326401,11580,405184
1701,min:26576867,37,37830600749,68724326401,11580,405184
1702,min:26576868,38,21786989013,68724326401,11580,405184
1703,min:26576869,33,2722286205,68724326401,11580,405184
1704,min:26576870,34,18464682031,68724326401,11580,405184
1705,min:26576871,31,10504268543,68724326401,11580,405184
1706,min:26576872,30,60656786254,68724326401,11580,405184
1707,min:26576873,35,21647892007,68724326401,11580,405184
1708,min:26576874,35,32886424823,68724326401,11580,405184
1709,min:26576875,32,30294681798,68724326401,11580,405184
1710,min:26576876,36,61980533204,68724326401,11580,405184
1711,min:26576877,34,25283611804,68724326401,11580,405184
1712,min:26576878,38,30384587342,68724326401,11580,405184
1713,min:26576879,34,60147669256,68724326401,11580,405184
1714,min:26576880,38,40752862929,68724326401,11580,405184
1715,min:26576881,30,57151552006,68724326401,11580,405184
1716,min:26576882,35,44515337513,68724326401,11580,405184
1717,min:26576883,32,20347353835,68724326401,11580,405184
1718,min:26576884,34,34277924297,68724326401,11580,405184
1719,min:26576885,34,30089833736,68724326401,11580,405184
1720,min:26576886,37,47854892896,68724326401,11580,405184
1721,min:26576887,37,1052003956,68724326401,11580,405184
1722,min:26576888,37,4975072159,68724326401,11580,405184
1723,min:26576889,36,56121823760,68724326401,11580,405184
1724,min:26576890,34,18998556281,68724326401,11580,405184
1725,min:26576891,37,2206886305,68724326401,11580,405184
1726,min:26576892,35,33590883289,68724326401,11580,405184
1727,min:26576893,33,8362138214,68724326401,11580,405184
1728,min:26576894,35,57589736599,68724326401,11580,405184
1729,min:26576895,36,1136887917,68724326401,11580,405184
1730,min:26576896,34,22601091412,68724326401,11580,405184
1731,min:26576897,37,9059218735,68724326401,11580,405184
1732,min:26576898,35,37202103962,68724326401,11580,405184
1733,min:26576899,31,42872297028,68724326401,11580,405184
1734,min:26576900,35,62595956930,68724326401,11580,405184
1735,min:26576901,37,67723336847,68724326401,11580,405184
1736,min:26576902,34,47505731858,68724326401,11580,405184
1737,min:26576903,34,29074291515,68724326401,11580,405184
1738,min:26576904,33,20151380703,68724326401,11580,405184
1739,min:26576905,31,59921908176,68724326401,11580,405184
1740,min:26576906,34,55344513549,68724326401,11580,405184
1741,min:26576907,34,55286603963,68724326401,11580,405184
1742,min:26576908,35,52527572278,68724326401,11580,405184
1743,min:26576909,33,49894881772,68724326401,11580,405184
1744,min:26576910,36,58365639317,68724326401,11580,405184
1745,min:26576911,37,6371947049,68724326401,11580,405184
1746,min:26576912,38,44685174373,68724326401,11580,405184
1747,min:26576913,39,617247050,68724326401,11580,405184
1748,min:26576914,33,12596486233,68724326401,11580,405184
1749,min:26576915,33,55874395115,68724326401,11580,405184
1750,min:26576916,33,26274652556,68724326401,11580,405184
1751,min:26576917,36,29608547963,68724326401,11580,405184
1752,min:26576918,32,19208153157,68724326401,11580,405184
1753,min:26576919,32,35859828388,68724326401,11580,405184
1754,min:26576920,36,18784904044,68724326401,11580,405184
1755,min:26576921,37,37304534580,68724326401,11580,405184
1756,min:26576922,33,31216799550,68724326401,11580,405184
1757,min:26576923,34,11982835705,68724326401,11580,405184
1758,min:26576924,34,54820380556,68724326401,11580,405184
1759,min:26576925,32,7888057187,68724326401,11580,405184
1760,min:26576926,32,43092167953,68724326401,11580,405184
1761,min:26576927,34,67149217731,68724326401,11580,405184
1762,min:26576928,37,27996753939,68724326401,11580,405184
1763,min:26576929,31,13477358722,68724326401,11580,405184
1764,min:26576930,35,63772933931,68724326401,11580,405184
1765,min:26576931,33,56870832446,68724326401,11580,405184
1766,min:26576932,33,60304501768,68724326401,11580,405184
1767,min:26576933,35,28620664108,68724326401,11580,405184
1768,min:26576934,37,1241636505,68724326401,11580,405184
1769,min:26576935,35,42643958960,68724326401,11580,405184
1770,min:26576936,34,51004466986,68724326401,11580,405184
1771,min:26576937,37,62471282409,68724326401,11580,405184
1772,min:26576938,35,21849654059,68724326401,11580,405184
1773,min:26576939,38,11828363417,68724326401,11580,405184
1774,min:26576940,37,12261979550,68724326401,11580,405184
1775,min:26576941,30,8033181223,68724326401,11580,405184
1776,min:26576942,36,17977465939,68724326401,11580,405184
1777,min:26576943,34,49779145916,68724326401,11580,405184
1778,min:26576944,35,14752803048,68724326401,11580,405184
1779,min:26576945,38,12165094004,68724326401,11580,405184
1780,min:26576946,34,38918266385,68724326401,11580,405184
1781,min:26576947,38,26890497272,68724326401,11580,405184
1782,min:26576948,32,23952176039,68724326401,11580,405184
1783,min:26576949,37,13259200606,68724326401,11580,405184
1784,min:26576950,36,5691542383,68724326401,11580,405184
1785,min:26576951,38,17698655813,68724326401,11580,405184
1786,min:26576952,34,41671557942,68724326401,11580,405184
1787,min:26576953,35,20823690099,68724326401,11580,405184
1788,min:26576954,34,17204579842,68724326401,11580,405184
1789,min:26576955,34,65807937538,68724326401,11580,405184
1790,min:26576956,34,4171156786,68724326401,11580,405184
1791,min:26576957,33,54909947833,68724326401,11580,405184
1792,min:26576958,33,10869467928,68724326401,11580,405184
1793,min:26576959,36,68145601645,68724326401,11580,405184
1794,min:26576960,36,11753475099,68724326401,11580,405184
1795,min:26576961,35,18946108240,68724326401,11580,405184
1796,min:26576962,34,48992459796,68724326401,11580,405184
1797,min:26576963,33,55213491055,68724326401,11580,405184
1798,min:26576964,39,28281634148,68724326401,11580,405184
1799,min:26576965,36,5929451608,68724326401,11580,405184
1800,min:26576966,34,22315115088,68724326401,11580,405184
1801,min:26576967,34,35191629882,68724326401,11580,405184
1802,min:26576968,35,45453596839,68724326401,11580,405184
1803,min:26576969,37,49677473782,68724326401,11580,405184
1804,min:26576970,31,47439184222,68724326401,11580,405184
1805,min:26576971,37,36725159018,68724326401,11580,405184
1806,min:26576972,33,48382513671,68724326401,11580,405184
1807,min:26576973,36,33253327656,68724326401,11580,405184
1808,min:26576974,34,17291341980,68724326401,11580,405184
1809,min:26576975,34,67561861861,68724326401,11580,405184
1810,min:26576976,34,16863780178,68724326401,11580,405184
1811,min:26576977,36,24656112724,68724326401,11580,405184
1812,min:26576978,36,4642693420,68724326401,11580,405184
1813,min:26576979,38,62695060279,68724326401,11580,405184
1814,min:26576980,39,30396624801,68724326401,11580,405184
1815,min:26576981,35,7658052601,68724326401,11580,405184
1816,min:26576982,36,15872852834,68724326401,11580,405184
1817,min:26576983,36,47349080378,68724326401,11580,405184
1818,min:26576984,36,54075315954,68724326401,11580,405184
1819,min:26576985,37,4642203275,68724326401,11580,405184
1820,min:26576986,34,27444088648,68724326401,11580,405184
1821,min:26576987,37,57004396675,68724326401,11580,405184
1822,min:26576988,37,12253776832,68724326401,11580,405184
1823,min:26576989,34,6402684161,68724326401,11580,405184
1824,min:26576990,36,41872506812,68724326401,11580,405184
1825,min:26576991,34,9198315399,68724326401,11580,405184
1826,min:26576992,37,31471490171,68724326401,11580,405184
1827,min:26576993,31,71303820,68724326401,11580,405184
1828,min:26576994,39,48626923383,68724326401,11580,405184
1829,min:26576995,34,688868351,68724326401,11580,405184
1830,min:26576996,36,50549835860,68724326401,11580,405184
1831,min:26576997,36,16508209587,68724326401,11580,405184
1832,min:26576998,33,54423894667,68724326401,11580,405184
1833,min:26576999,37,62975226586,68724326401,11580,405184
1834,min:26577000,38,65799544033,68724326401,11580,405184
1835,min:26577001,33,61457957620,68724326401,11580,405184
1836,min:26577002,37,6841529985,68724326401,11580,405184
1837,min:26577003,34,4770982979,68724326401,11580,405184
1838,min:26577004,31,25352345272,68724326401,11580,405184
1839,min:26577005,38,12862268282,68724326401,11580,405184
1840,min:26577006,33,55449373954,68724326401,11580,405184
1841,min:26577007,34,50045334497,68724326401,11580,405184
1842,min:26577008,34,36758093572,68724326401,11580,405184
1843,min:26577009,32,66027328272,68724326401,11580,405184
1844,min:26577010,35,49094013107,68724326401,11580,405184
1845,min:26577011,32,56891103329,68724326401,11580,405184
1846,min:26577012,40,36307925394,68724326401,11580,405184
1847,min:26577013,35,37276043109,68724326401,11580,405184
1848,min:26577014,37,7770562608,68724326401,11580,405184
1849,min:26577015,35,50386742430,68724326401,11580,405184
1850,min:26577016,35,52170305346,68724326401,11580,405184
1851,min:26577017,34,38113870047,68724326401,11580,405184
1852,min:26577018,33,1406012830,68724326401,11580,405184
1853,min:26577019,35,62701920043,68724326401,11580,405184
1854,min:26577020,35,41280836167,68724326401,11580,405184
1855,min:26577021,34,10671729783,68724326401,11580,405184
1856,min:26577022,34,29735639750,68724326401,11580,405184
1857,min:26577023,35,34672451341,68724326401,11580,405184
1858,min:26577024,37,43456949287,68724326401,11580,405184
1859,min:26577025,34,47632482790,68724326401,11580,405184
1860,min:26577026,30,28167319708,68724326401,11580,405184
1861,min:26577027,36,13644200834,68724326401,11580,405184
1862,min:26577028,35,62455215882,68724326401,11580,405184
1863,min:26577029,37,61177282575,68724326401,11580,405184
1864,min:26577030,36,42290254603,68724326401,11580,405184
1865,min:26577031,33,45634165188,68724326401,11580,405184
1866,min:26577032,32,18707617293,68724326401,11580,405184
1867,min:26577033,33,56328696652,68724326401,11580,405184
1868,min:26577034,34,26160640822,68724326401,11580,405184
1869,min:26577035,33,42416392847,68724326401,11580,405184
1870,min:26577036,40,3683229643,68724326401,11580,405184
1871,min:26577037,31,26082084024,68724326401,11580,405184
1872,min:26577038,36,7038342516,68724326401,11580,405184
1873,min:26577039,33,50689936089,68724326401,11580,405184
1874,min:26577040,35,50405031141,68724326401,11580,405184
1875,min:26577041,33,19352142303,68724326401,11580,405184
1876,min:26577042,35,36188186395,68724326401,11580,405184
1877,min:26577043,35,5364035911,68724326401,11580,405184
1878,min:26577044,35,42617073362,68724326401,11580,405184
1879,min:26577045,37,35616607780,68724326401,11580,405184
1880,min:26577046,35,66696424978,68724326401,11580,405184
1881,min:26577047,33,10257034298,68724326401,11580,405184
1882,min:26577048,35,56190999474,68724326401,11580,405184
1883,min:26577049,31,2038891800,68724326401,11580,405184
1884,min:26577050,35,14417605079,68724326401,11580,405184
1885,min:26577051,33,4857902573,68724326401,11580,405184
1886,min:26577052,37,36385391333,68724326401,11580,405184
1887,min:26577053,31,54066774854,68724326401,11580,405184
1888,min:26577054,34,19228790717,68724326401,11580,405184
1889,min:26577055,34,3755843487,68724326401,11580,405184
1890,min:26577056,34,67353687439,68724326401,11580,405184
1891,min:26577057,37,13143071293,68724326401,11580,405184
1892,min:26577058,38,30728789639,68724326401,11580,405184
1893,min:26577059,35,4621777686,68724326401,11580,405184
1894,min:26577060,34,48718194002,68724326401,11580,405184
1895,min:26577061,35,56117543696,68724326401,11580,405184
1896,min:26577062,31,65678745846,68724326401,11580,405184
1897,min:26577063,35,10674711003,68724326401,11580,405184
1898,min:26577064,37,68153188367,68724326401,11580,405184
1899,min:26577065,36,27508755049,68724326401,11580,405184
1900,min:26577066,37,58620406090,68724326401,11580,405184
1901,min:26577067,32,24711270507,68724326401,11580,405184
1902,min:26577068,36,35118081727,68724326401,11580,405184
1903,min:26577069,35,14586808057,68724326401,11580,405184
1904,min:26577070,35,18246886784,68724326401,11580,405184
1905,min:26577071,35,30997781627,68724326401,11580,405184
1906,min:26577072,35,28297138965,68724326401,11580,405184
1907,min:26577073,36,60988198558,68724326401,11580,405184
1908,min:26577074,37,333634082,68724326401,11580,405184
1909,min:26577075,33,4486025163,68724326401,11580,405184
1910,min:26577076,34,43431007612,68724326401,11580,405184
1911,min:26577077,32,27894540800,68724326401,11580,405184
1912,min:26577078,36,22682088810,68724326401,11580,405184
1913,min:26577079,33,14497530876,68724326401,11580,405184
1914,min:26577080,35,17397778166,68724326401,11580,405184
1915,min:26577081,37,44745921216,68724326401,11580,405184
1916,min:26577082,34,45386374308,68724326401,11580,405184
1917,min:26577083,37,12993242839,68724326401,11580,405184
1918,min:26577084,36,31264795094,68724326401,11580,405184
1919,min:26577085,34,49608644484,68724326401,11580,405184
1920,min:26577086,35,5040184485,68724326401,11580,405184
1921,min:26577087,36,3497674586,68724326401,11580,405184
1922,min:26577088,36,55628419389,68724326401,11580,405184
1923,min:26577089,37,50289095582,68724326401,11580,405184
1924,min:26577090,35,1552221875,68724326401,11580,405184
1925,min:26577091,37,28642859211,68724326401,11580,405184
1926,min:26577092,36,55522419589,68724326401,11580,405184
1927,min:26577093,34,27651874745,68724326401,11580,405184
1928,min:26577094,33,36181240907,68724326401,11580,405184
1929,min:26577095,34,22052645909,68724326401,11580,405184
1930,min:26577096,34,27507449967,68724326401,11580,405184
1931,min:26577097,35,7848180820,68724326401,11580,405184
1932,min:26577098,36,25999818515,68724326401,11580,405184
1933,min:26577099,38,7697288477,68724326401,11580,405184
1934,min:26577100,37,39633510538,68724326401,11580,405184
1935,min:26577101,37,52784720789,68724326401,11580,405184
1936,min:26577102,37,22628177278,68724326401,11580,405184
1937,min:26577103,39,32630591559,68724326401,11580,405184
1938,min:26577104,38,33803571544,68724326401,11580,405184
1939,min:26577105,35,33164325613,68724326401,11580,405184
1940,min:26577106,38,16392853745,68724326401,11580,405184
1941,min:26577107,39,5173316091,68724326401,11580,405184
1942,min:26577108,33,1781295615,68724326401,11580,405184
1943,min:26577109,36,15534241927,68724326401,11580,405184
1944,min:26577110,37,68532501986,68724326401,11580,405184
1945,min:26577111,34,65683047145,68724326401,11580,405184
1946,min:26577112,33,52054516631,68724326401,11580,405184
1947,min:26577113,34,2601674232,68724326401,11580,405184
1948,min:26577114,36,56098108642,68724326401,11580,405184
1949,min:26577115,34,58636640319,68724326401,11580,405184
1950,min:26577116,36,26471939355,68724326401,11580,405184
1951,min:26577117,34,39935270845,68724326401,11580,405184
1952,min:26577118,37,64605354033,68724326401,11580,405184
1953,min:26577119,30,31975149777,68724326401,11580,405184
1954,min:26577120,35,30008096798,68724326401,11580,405184
1955,min:26577121,33,9603149253,68724326401,11580,405184
1956,min:26577122,36,20332386396,68724326401,11580,405184
1957,min:26577123,34,20969670709,68724326401,11580,405184
1958,min:26577124,35,2388651315,68724326401,11580,405184
1959,min:26577125,35,20761665932,68724326401,11580,405184
1960,min:26577126,37,24684042879,68724326401,11580,405184
1961,min:26577127,33,28397266430,68724326401,11580,405184
1962,min:26577128,32,24792151714,68724326401,11580,405184
1963,min:26577129,33,49633443455,68724326401,11580,405184
1964,min:26577130,33,21048586663,68724326401,11580,405184
1965,min:26577131,35,16563745541,68724326401,11580,405184
1966,min:26577132,32,34540001333,68724326401,11580,405184
1967,min:26577133,36,67339286827,68724326401,11580,405184
1968,min:26577134,35,50088579312,68724326401,11580,405184
1969,min:26577135,34,10324003364,68724326401,11580,405184
1970,min:26577136,38,44559295453,68724326401,11580,405184
1971,min:26577137,38,40922522161,68724326401,11580,405184
1972,min:26577138,36,12230216204,68724326401,11580,405184
1973,min:26577139,37,49401283139,68724326401,11580,405184
1974,min:26577140,34,52500782410,68724326401,11580,405184
1975,min:26577141,34,44129738093,68724326401,11580,405184
1976,min:26577142,35,50906194928,68724326401,11580,405184
1977,min:26577143,36,247468393,68724326401,11580,405184
1978,min:26577144,35,4813184070,68724326401,11580,405184
1979,min:26577145,30,61532863232,68724326401,11580,405184
1980,min:26577146,36,24824658637,68724326401,11580,405184
1981,min:26577147,36,9840581863,68724326401,11580,405184
1982,min:26577148,36,3014749066,68724326401,11580,405184
1983,min:26577149,35,63612880119,68724326401,11580,405184
1984,min:26577150,34,63709119624,68724326401,11580,405184
1985,min:26577151,36,33995010841,68724326401,11580,405184
1986,min:26577152,37,19055112703,68724326401,11580,405184
1987,min:26577153,33,9753518473,68724326401,11580,405184
1988,min:26577154,37,34729653378,68724326401,11580,405184
1989,min:26577155,38,14863812611,68724326401,11580,405184
1990,min:26577156,37,37768995652,68724326401,11580,405184
1991,min:26577157,38,55792896597,68724326401,11580,405184
1992,min:26577158,35,25520349597,68724326401,11580,405184
1993,min:26577159,38,62249337730,68724326401,11580,405184
1994,min:26577160,34,51504768068,68724326401,11580,405184
1995,min:26577161,37,16847166604,68724326401,11580,405184
1996,min:26577162,36,22564405562,68724326401,11580,405184
1997,min:26577163,37,64648332861,68724326401,11580,405184
1998,min:26577164,35,35008661336,68724326401,11580,405184
1999,min:26577165,34,13954541825,68724326401,11580,405184
2000,min:26577166,33,56185911389,68724326401,11580,405184
2001,min:26577167,34,11420430718,68724326401,11580,405184
2002,min:26577168,35,27687932816,68724326401,11580,405184
2003,min:26577169,34,5400771119,68724326401,11580,405184
2004,min:26577170,35,11510314007,68724326401,11580,405184
2005,min:26577171,34,13090801227,68724326401,11580,405184
2006,min:26577172,35,25995485846,68724326401,11580,405184
2007,min:26577173,31,34944185161,68724326401,11580,405184
2008,min:26577174,36,9935238506,68724326401,11580,405184
2009,min:26577175,36,34707500625,68724326401,11580,405184
2010,min:26577176,36,25139809209,68724326401,11580,405184
2011,min:26577177,35,28240211815,68724326401,11580,405184
2012,min:26577178,39,17596710409,68724326401,11580,405184
2013,min:26577179,37,45251489606,68724326401,11580,405184
2014,min:26577180,39,63893757591,68724326401,11580,405184
2015,min:26577181,35,17745400631,68724326401,11580,405184
2016,min:26577182,35,17192504307,68724326401,11580,405184
2017,min:26577183,34,68271213168,68724326401,11580,405184
2018,min:26577184,33,19277554057,68724326401,11580,405184
2019,min:26577185,37,46500165578,68724326401,11580,405184
2020,min:26577186,34,49472521959,68724326401,11580,405184
2021,min:26577187,33,25242084470,68724326401,11580,405184
2022,min:26577188,36,17133094486,68724326401,11580,405184
2023,min:26577189,33,62780476839,68724326401,11580,405184
2024,min:26577190,33,42295428256,68724326401,11580,405184
2025,min:26577191,37,28046990218,68724326401,11580,405184
2026,min:26577192,34,52822603397,68724326401,11580,405184
2027,min:26577193,37,59361146762,68724326401,11580,405184
2028,min:26577194,35,62330365771,68724326401,11580,405184
2029,min:26577195,38,63078791174,68724326401,11580,405184
2030,min:26577196,33,30980148528,68724326401,11580,405184
2031,min:26577197,34,58924320842,68724326401,11580,405184
2032,min:26577198,39,24952576563,68724326401,11580,405184
2033,min:26577199,36,15560838404,68724326401,11580,405184
2034,min:26577200,36,54244802829,68724326401,11580,405184
2035,min:26577201,34,893379095,68724326401,11580,405184
2036,min:26577202,35,49718152936,68724326401,11580,405184
2037,min:26577203,33,57901869888,68724326401,11580,405184
2038,min:26577204,33,8148329899,68724326401,11580,405184
2039,min:26577205,34,14560767353,68724326401,11580,405184
2040,min:26577206,34,64497459619,68724326401,11580,405184
2041,min:26577207,34,48400356370,68724326401,11580,405184
2042,min:26577208,37,44472680636,68724326401,11580,405184
2043,min:26577209,38,45893803067,68724326401,11580,405184
2044,min:26577210,35,31977096942,68724326401,11580,405184
2045,min:26577211,35,27867606645,68724326401,11580,405184
2046,min:26577212,33,57941105163,68724326401,11580,405184
2047,min:26577213,38,26171091727,68724326401,11580,405184
2048,min:26577214,37,17370561195,68724326401,11580,405184
2049,min:26577215,34,48445609322,68724326401,11580,405184
2050,min:26577216,35,16312468477,68724326401,11580,405184
2051,min:26577217,34,60900065582,68724326401,11580,405184
2052,min:26577218,36,19152669412,68724326401,11580,405184
2053,min:26577219,38,34051270460,68724326401,11580,405184
2054,min:26577220,33,40247083391,68724326401,11580,405184
2055,min:26577221,36,13399709681,68724326401,11580,405184
2056,min:26577222,35,48039032085,68724326401,11580,405184
2057,min:26577223,37,67417634235,68724326401,11580,405184
2058,min:26577224,36,13661707391,68724326401,11580,405184
2059,min:26577225,34,54621616575,68724326401,11580,405184
2060,min:26577226,35,51635485272,68724326401,11580,405184
2061,min:26577227,33,42718300603,68724326401,11580,405184
2062,min:26577228,38,68670310349,68724326401,11580,405184
2063,min:26577229,33,18590769143,68724326401,11580,405184
2064,min:26577230,33,57390761486,68724326401,11580,405184
2065,min:26577231,35,44077111508,68724326401,11580,405184
2066,min:26577232,30,17727211497,68724326401,11580,405184
2067,min:26577233,35,63667474263,68724326401,11580,405184
2068,min:26577234,37,59359937308,68724326401,11580,405184
2069,min:26577235,34,665763524,68724326401,11580,405184
2070,min:26577236,34,16844936622,68724326401,11580,405184
2071,min:26577237,37,18157138944,68724326401,11580,405184
2072,min:26577238,37,27971771042,68724326401,11580,405184
2073,min:26577239,38,36660494069,68724326401,11580,405184
2074,min:26577240,35,59464156009,68724326401,11580,405184
2075,min:26577241,34,42365299247,68724326401,11580,405184
2076,min:26577242,31,62156927260,68724326401,11580,405184
2077,min:26577243,35,67195865011,68724326401,11580,405184
2078,min:26577244,36,18960941506,68724326401,11580,405184
2079,min:26577245,37,36303300064,68724326401,11580,405184
2080,min:26577246,36,46313062110,68724326401,11580,405184
2081,min:26577247,33,59344036212,68724326401,11580,405184
2082,min:26577248,34,7470548123,68724326401,11580,405184
2083,min:26577249,35,27227213431,68724326401,11580,405184
2084,min:26577250,34,5285750640,68724326401,11580,405184
2085,min:26577251,35,48735048607,68724326401,11580,405184
2086,min:26577252,34,13505532170,68724326401,11580,405184
2087,min:26577253,38,30197233218,68724326401,11580,405184
2088,min:26577254,33,29969562751,68724326401,11580,405184
2089,min:26577255,37,7895533604,68724326401,11580,405184
2090,min:26577256,33,47747501634,68724326401,11580,405184
2091,min:26577257,38,64933030135,68724326401,11580,405184
2092,min:26577258,36,42468327516,68724326401,11580,405184
2093,min:26577259,34,30944092186,68724326401,11580,405184
2094,min:26577260,38,22806167571,68724326401,11580,405184
2095,min:26577261,33,20434137884,68724326401,11580,405184
2096,min:26577262,35,12430632511,68724326401,11580,405184
2097,min:26577263,35,19938037524,68724326401,11580,405184
2098,min:26577264,38,67136643477,68724326401,11580,405184
2099,min:26577265,36,56350674812,68724326401,11580,405184
2100,min:26577266,38,42663453509,68724326401,11580,405184
2101,min:26577267,38,51415559774,68724326401,11580,405184
2102,min:26577268,31,56880560655,68724326401,11580,405184
2103,min:26577269,36,32264265105,68724326401,11580,405184
2104,min:26577270,32,11070394448,68724326401,11580,405184
2105,min:26577271,36,38747106998,68724326401,11580,405184
2106,min:26577272,37,42760058104,68724326401,11580,405184
2107,min:26577273,39,18427756248,68724326401,11580,405184
2108,min:26577274,34,24213527665,68724326401,11580,405184
2109,min:26577275,35,52489925854,68724326401,11580,405184
2110,min:26577276,37,42578709218,68724326401,11580,405184
2111,min:26577277,35,54602104833,68724326401,11580,405184
2112,min:26577278,39,48673511052,68724326401,11580,405184
2113,min:26577279,37,53068002409,68724326401,11580,405184
2114,min:26577280,34,45641891897,68724326401,11580,405184
2115,min:26577281,36,68634164587,68724326401,11580,405184
2116,min:26577282,35,66094329851,68724326401,11580,405184
2117,min:26577283,37,27373597260,68724326401,11580,405184
2118,min:26577284,35,49328157875,68724326401,11580,405184
2119,min:26577285,38,59737383325,68724326401,11580,405184
2120,min:26577286,33,53332335777,68724326401,11580,405184
2121,min:26577287,31,50883453454,68724326401,11580,405184
2122,min:26577288,35,6442049024,68724326401,11580,405184
2123,min:26577289,34,24868658744,68724326401,11580,405184
2124,min:26577290,38,49174633552,68724326401,11580,405184
2125,min:26577291,33,10486144923,68724326401,11580,405184
2126,min:26577292,35,58103528831,68724326401,11580,405184
2127,min:26577293,35,64624658463,68724326401,11580,405184
2128,min:26577294,36,19126599617,68724326401,11580,405184
2129,min:26577295,37,48055172986,68724326401,11580,405184
2130,min:26577296,37,33245947344,68724326401,11580,405184
2131,min:26577297,33,9795414885,68724326401,11580,405184
2132,min:26577298,35,68115525267,68724326401,11580,405184
2133,min:26577299,36,27737079382,68724326401,11580,405184
2134,min:26577300,33,32035921129,68724326401,11580,405184
2135,min:26577301,33,36536180417,68724326401,11580,405184
2136,min:26577302,38,16019208563,68724326401,11580,405184
2137,min:26577303,32,25159954552,68724326401,11580,405184
2138,min:26577304,37,25808168000,68724326401,11580,405184
2139,min:26577305,35,9601239970,68724326401,11580,405184
2140,min:26577306,34,48960970488,68724326401,11580,405184
2141,min:26577307,32,8548944177,68724326401,11580,405184
2142,min:26577308,36,36280658668,68724326401,11580,405184
2143,min:26577309,32,27837471393,68724326401,11580,405184
2144,min:26577310,35,1727420610,68724326401,11580,405184
2145,min:26577311,33,18610131477,68724326401,11580,405184
2146,min:26577312,37,8397670873,68724326401,11580,405184
2147,min:26577313,36,45614729987,68724326401,11580,405184
2148,min:26577314,36,34101223985,68724326401,11580,405184
2149,min:26577315,34,16704805061,68724326401,11580,405184
2150,min:26577316,36,68700354003,68724326401,11580,405184
2151,min:26577317,34,53911392174,68724326401,11580,405184
2152,min:26577318,35,64249662530,68724326401,11580,405184
2153,min:26577319,36,6593812382,68724326401,11580,405184
2154,min:26577320,37,20246583944,68724326401,11580,405184
2155,min:26577321,35,20807554338,68724326401,11580,405184
2156,min:26577322,37,55294454741,68724326401,11580,405184
2157,min:26577323,34,24031178277,68724326401,11580,405184
2158,min:26577324,37,53880890014,68724326401,11580,405184
2159,min:26577325,35,6070554322,68724326401,11580,405184
2160,min:26577326,36,40526324596,68724326401,11580,405184
2161,min:26577327,36,33762352420,68724326401,11580,405184
2162,min:26577328,40,9824035924,68724326401,11580,405184
2163,min:26577329,36,27986912542,68724326401,11580,405184
2164,min:26577330,37,54172683540,68724326401,11580,405184
2165,min:26577331,39,24512144594,68724326401,11580,405184
2166,min:26577332,31,7579861839,68724326401,11580,405184
2167,min:26577333,33,67642740108,68724326401,11580,405184
2168,min:26577334,35,40664626311,68724326401,11580,405184
2169,min:26577335,36,33506088364,68724326401,11580,405184
2170,min:26577336,32,8898377056,68724326401,11580,405184
2171,min:26577337,36,14988749397,68724326401,11580,405184
2172,min:26577338,37,58026507600,68724326401,11580,405184
2173,min:26577339,35,57336014311,68724326401,11580,405184
2174,min:26577340,39,29044388849,68724326401,11580,405184
2175,min:26577341,34,48198769785,68724326401,11580,405184
2176,min:26577342,35,62275414775,68724326401,11580,405184
2177,min:26577343,32,43036087166,68724326401,11580,405184
2178,min:26577344,36,34948027250,68724326401,11580,405184
2179,min:26577345,34,58558223141,68724326401,11580,405184
2180,min:26577346,39,5241756678,68724326401,11580,405184
2181,min:26577347,30,51884447370,68724326401,11580,405184
2182,min:26577348,35,53709184984,68724326401,11580,405184
2183,min:26577349,36,26255169757,68724326401,11580,405184
2184,min:26577350,37,64088696589,68724326401,11580,405184
2185,min:26577351,32,9366391413,68724326401,11580,405184
2186,min:26577352,38,7836056233,68724326401,11580,405184
2187,min:26577353,36,28892705184,68724326401,11580,405184
2188,min:26577354,38,66086245936,68724326401,11580,405184
2189,min:26577355,35,52580661303,68724326401,11580,405184
2190,min:26577356,31,25102046435,68724326401,11580,405184
2191,min:26577357,35,32038206870,68724326401,11580,405184
2192,min:26577358,36,31579891373,68724326401,11580,405184
2193,min:26577359,35,68436915957,68724326401,11580,405184
2194,min:26577360,36,725337978,68724326401,11580,405184
2195,min:26577361,37,20717673620,68724326401,11580,405184
2196,min:26577362,37,1837487209,68724326401,11580,405184
2197,min:26577363,34,41803766164,68724326401,11580,405184
2198,min:26577364,35,51553500154,68724326401,11580,405184
2199,min:26577365,37,58697368495,68724326401,11580,405184
2200,min:26577366,36,60983659280,68724326401,11580,405184
2201,min:26577367,33,6232031812,68724326401,11580,405184
2202,min:26577368,34,3742730134,68724326401,11580,405184
2203,min:26577369,35,6602079694,68724326401,11580,405184
2204,min:26577370,34,8769928790,68724326401,11580,405184
2205,min:26577371,32,40255297159,68724326401,11580,405184
2206,min:26577372,34,32587602050,68724326401,11580,405184
2207,min:26577373,39,60972442801,68724326401,11580,405184
2208,min:26577374,34,20685392076,68724326401,11580,405184
2209,min:26577375,34,13773383485,68724326401,11580,405184
2210,min:26577376,32,54312840857,68724326401,11580,405184
2211,min:26577377,35,34907041981,68724326401,11580,405184
2212,min:26577378,33,6426004027,68724326401,11580,405184
2213,min:26577379,32,67627222441,68724326401,11580,405184
2214,min:26577380,35,51996039413,68724326401,11580,405184
2215,min:26577381,36,21406365516,68724326401,11580,405184
2216,min:26577382,36,10902804344,68724326401,11580,405184
2217,min:26577383,33,66976681533,68724326401,11580,405184
2218,min:26577384,36,34294057893,68724326401,11580,405184
2219,min:26577385,38,52697702705,68724326401,11580,405184
2220,min:26577386,35,53772226655,68724326401,11580,405184
2221,min:26577387,35,15787384236,68724326401,11580,405184
2222,min:26577388,40,62496133184,68724326401,11580,405184
2223,min:26577389,35,44301800551,68724326401,11580,405184
2224,min:26577390,37,53925277255,68724326401,11580,405184
2225,min:26577391,37,6895594789,68724326401,11580,405184
2226,min:26577392,34,7851544994,68724326401,11580,405184
2227,min:26577393,33,1346563732,68724326401,11580,405184
2228,min:26577394,36,27277287833,68724326401,11580,405184
2229,min:26577395,35,62880640793,68724326401,11580,405184
2230,min:26577396,35,28947874347,68724326401,11580,405184
2231,min:26577397,34,49837862782,68724326401,11580,405184
2232,min:26577398,36,11277749235,68724326401,11580,405184
2233,min:26577399,35,20705804447,68724326401,11580,405184
2234,min:26577400,35,24738029093,68724326401,11580,405184
2235,min:26577401,36,20660073670,68724326401,11580,405184
2236,min:26577402,35,13938796528,68724326401,11580,405184
2237,min:26577403,37,44983533201,68724326401,11580,405184
2238,min:26577404,35,13572365058,68724326401,11580,405184
2239,min:26577405,35,24132482823,68724326401,11580,405184
2240,min:26577406,34,14842374972,68724326401,11580,405184
2241,min:26577407,37,54999546209,68724326401,11580,405184
2242,min:26577408,35,42470426868,68724326401,11580,405184
2243,min:26577409,35,7192208291,68724326401,11580,405184
2244,min:26577410,29,6764730536,68724326401,11580,405184
2245,min:26577411,31,6296190581,68724326401,11580,405184
2246,min:26577412,37,57813720865,68724326401,11580,405184
2247,min:26577413,36,3887786117,68724326401,11580,405184
2248,min:26577414,36,14797869049,68724326401,11580,405184
2249,min:26577415,35,36236260393,68724326401,11580,405184
2250,min:26577416,33,49424640601,68724326401,11580,405184
2251,min:26577417,36,42255092942,68724326401,11580,405184
2252,min:26577418,33,1412900434,68724326401,11580,405184
2253,min:26577419,32,30987744719,68724326401,11580,405184
2254,min:26577420,35,28569608694,68724326401,11580,405184
2255,min:26577421,34,60033271136,68724326401,11580,405184
2256,min:26577422,35,29616798093,68724326401,11580,405184
2257,min:26577423,33,640606949,68724326401,11580,405184
2258,min:26577424,33,10060605026,68724326401,11580,405184
2259,min:26577425,33,55278654432,68724326401,11580,405184
2260,min:26577426,32,26623004855,68724326401,11580,405184
2261,min:26577427,37,30666114,68724326401,11580,405184
2262,min:26577428,34,47502645222,68724326401,11580,405184
2263,min:26577429,37,19375853404,68724326401,11580,405184
2264,min:26577430,30,19769148799,68724326401,11580,405184
2265,min:26577431,39,23052480867,68724326401,11580,405184
2266,min:26577432,34,56775242363,68724326401,11580,405184
2267,min:26577433,34,42425246850,68724326401,11580,405184
2268,min:26577434,37,33394259627,68724326401,11580,405184
2269,min:26577435,33,17587308229,68724326401,11580,405184
2270,min:26577436,32,50941643754,68724326401,11580,405184
2271,min:26577437,37,5227963448,68724326401,11580,405184
2272,min:26577438,34,14475981552,68724326401,11580,405184
2273,min:26577439,34,56860581891,68724326401,11580,405184
2274,min:26577440,37,110458326,68724326401,11580,405184
2275,min:26577441,35,42093365658,68724326401,11580,405184
2276,min:26577442,33,9960896164,68724326401,11580,405184
2277,min:26577443,31,31844488803,68724326401,11580,405184
2278,min:26577444,36,1504143152,68724326401,11580,405184
2279,min:26577445,36,882635682,68724326401,11580,405184
2280,min:26577446,35,3142431807,68724326401,11580,405184
2281,min:26577447,33,43683349705,68724326401,11580,405184
2282,min:26577448,34,61204064258,68724326401,11580,405184
2283,min:26577449,33,5865844832,68724326401,11580,405184
2284,min:26577450,32,31350840724,68724326401,11580,405184
2285,min:26577451,31,23199020902,68724326401,11580,405184
2286,min:26577452,39,20322136374,68724326401,11580,405184
2287,min:26577453,33,21248706001,68724326401,11580,405184
2288,min:26577454,32,42177892270,68724326401,11580,405184
2289,min:26577455,33,57919737287,68724326401,11580,405184
2290,min:26577456,36,10176077180,68724326401,11580,405184
2291,min:26577457,36,15170236828,68724326401,11580,405184
2292,min:26577458,35,34725706772,68724326401,11580,405184
2293,min:26577459,35,52246510973,68724326401,11580,405184
2294,min:26577460,35,40374962438,68724326401,11580,405184
2295,min:26577461,36,39512039590,68724326401,11580,405184
2296,min:26577462,34,62305965901,68724326401,11580,405184
2297,min:26577463,33,48687586803,68724326401,11580,405184
2298,min:26577464,31,4552642732,68724326401,11580,405184
2299,min:26577465,34,15084762628,68724326401,11580,405184
2300,min:26577466,35,64664944331,68724326401,11580,405184
2301,min:26577467,38,54121580910,68724326401,11580,405184
2302,min:26577468,32,5459490093,68724326401,11580,405184
2303,min:26577469,36,33140628333,68724326401,11580,405184
2304,min:26577470,33,10171330519,68724326401,11580,405184
2305,min:26577471,37,38191781901,68724326401,11580,405184
2306,min:26577472,33,50717480178,68724326401,11580,405184
2307,min:26577473,36,13434376621,68724326401,11580,405184
2308,min:26577474,38,39268048487,68724326401,11580,405184
2309,min:26577475,35,16069366310,68724326401,11580,405184
2310,min:26577476,36,26585830958,68724326401,11580,405184
2311,min:26577477,39,43338483101,68724326401,11580,405184
2312,min:26577478,34,17696588194,68724326401,11580,405184
2313,min:26577479,32,32317908301,68724326401,11580,405184
2314,min:26577480,36,15435852473,68724326401,11580,405184
2315,min:26577481,34,37215896827,68724326401,11580,405184
2316,min:26577482,34,29279834395,68724326401,11580,405184
2317,min:26577483,34,27162271248,68724326401,11580,405184
2318,min:26577484,30,67820709807,68724326401,11580,405184
2319,min:26577485,32,13892785398,68724326401,11580,405184
2320,min:26577486,33,66488975635,68724326401,11580,405184
2321,min:26577487,30,6429162443,68724326401,11580,405184
2322,min:26577488,38,15427223024,68724326401,11580,405184
2323,min:26577489,34,43830028401,68724326401,11580,405184
2324,min:26577490,33,20336449888,68724326401,11580,405184
2325,min:26577491,33,25180157781,68724326401,11580,405184
2326,min:26577492,35,42585244549,68724326401,11580,405184
2327,min:26577493,32,66309108293,68724326401,11580,405184
2328,min:26577494,34,39694139507,68724326401,11580,405184
2329,min:26577495,38,45058542001,68724326401,11580,405184
2330,min:26577496,31,49567532593,68724326401,11580,405184
2331,min:26577497,35,13261615566,68724326401,11580,405184
2332,min:26577498,35,59775263267,68724326401,11580,405184
2333,min:26577499,35,46730775339,68724326401,11580,405184
2334,min:26577500,34,63309664020,68724326401,11580,405184
2335,min:26577501,33,28810136387,68724326401,11580,405184
2336,min:26577502,33,23445278921,68724326401,11580,405184
2337,min:26577503,34,6691739442,68724326401,11580,405184
2338,min:26577504,36,40908379573,68724326401,11580,405184
2339,min:26577505,35,46731310377,68724326401,11580,405184
2340,min:26577506,33,34255346305,68724326401,11580,405184
2341,min:26577507,38,55544953411,68724326401,11580,405184
2342,min:26577508,37,65017515813,68724326401,11580,405184
2343,min:26577509,34,18750653247,68724326401,11580,405184
2344,min:26577510,33,43959446173,68724326401,11580,405184
2345,min:26577511,35,38739065766,68724326401,11580,405184
2346,min:26577512,36,42402665732,68724326401,11580,405184
2347,min:26577513,37,52336908136,68724326401,11580,405184
2348,min:26577514,36,63366768299,68724326401,11580,405184
2349,min:26577515,32,9859886257,68724326401,11580,405184
2350,min:26577516,33,57024036316,68724326401,11580,405184
2351,min:26577517,36,42800211954,68724326401,11580,405184
2352,min:26577518,37,9461003611,68724326401,11580,405184
2353,min:26577519,35,46376529314,68724326401,11580,405184
2354,min:26577520,37,38464904703,68724326401,11580,405184
2355,min:26577521,34,66691242921,68724326401,11580,405184
2356,min:26577522,32,65410429798,68724326401,11580,405184
2357,min:26577523,32,18791388297,68724326401,11580,405184
2358,min:26577524,31,496363625,68724326401,11580,405184
2359,min:26577525,37,50914536848,68724326401,11580,405184
2360,min:26577526,32,49542920417,68724326401,11580,405184
2361,min:26577527,36,42642294414,68724326401,11580,405184
2362,min:26577528,33,40341047470,68724326401,11580,405184
2363,min:26577529,34,14896273045,68724326401,11580,405184
2364,min:26577530,34,43560037892,68724326401,11580,405184
2365,min:26577531,34,7941907197,68724326401,11580,405184
2366,min:26577532,36,34796675737,68724326401,11580,405184
2367,min:26577533,35,17959704289,68724326401,11580,405184
2368,min:26577534,37,67911658679,68724326401,11580,405184
2369,min:26577535,31,65536827369,68724326401,11580,405184
2370,min:26577536,40,3568340333,68724326401,11580,405184
2371,min:26577537,35,58967326020,68724326401,11580,405184
2372,min:26577538,34,24593808884,68724326401,11580,405184
2373,min:26577539,33,51797994347,68724326401,11580,405184
2374,min:26577540,30,2376838524,68724326401,11580,405184
2375,min:26577541,36,45311988101,68724326401,11580,405184
2376,min:26577542,38,18815356092,68724326401,11580,405184
2377,min:26577543,37,21939581976,68724326401,11580,405184
2378,min:26577544,32,40405046080,68724326401,11580,405184
2379,min:26577545,33,55454422476,68724326401,11580,405184
2380,min:26577546,33,33099981755,68724326401,11580,405184
2381,min:26577547,33,46776019183,68724326401,11580,405184
2382,min:26577548,33,63855357714,68724326401,11580,405184
2383,min:26577549,34,9140412761,68724326401,11580,405184
2384,min:26577550,33,11700955510,68724326401,11580,405184
2385,min:26577551,32,47634269355,68724326401,11580,405184
2386,min:26577552,33,48145993573,68724326401,11580,405184
2387,min:26577553,33,39964877950,68724326401,11580,405184
2388,min:26577554,39,49561667352,68724326401,11580,405184
2389,min:26577555,34,8837656718,68724326401,11580,405184
2390,min:26577556,36,33357247236,68724326401,11580,405184
2391,min:26577557,32,28393933649,68724326401,11580,405184
2392,min:26577558,38,18202283825,68724326401,11580,405184
2393,min:26577559,32,20806639094,68724326401,11580,405184
2394,min:26577560,34,14530654888,68724326401,11580,405184
2395,min:26577561,36,814529673,68724326401,11580,405184
2396,min:26577562,36,64176231254,68724326401,11580,405184
2397,min:26577563,33,50186594686,68724326401,11580,405184
2398,min:26577564,29,9238360684,68724326401,11580,405184
2399,min:26577565,35,16106405872,68724326401,11580,405184
2400,min:26577566,34,19432038740,68724326401,11580,405184
2401,min:26577567,34,779216040,68724326401,11580,405184
2402,min:26577568,34,7846782019,68724326401,11580,405184
2403,min:26577569,33,24419236243,68724326401,11580,405184
2404,min:26577570,32,20114207470,68724326401,11580,405184
2405,min:26577571,35,26046964272,68724326401,11580,405184
2406,min:26577572,36,3697746802,68724326401,11580,405184
2407,min:26577573,32,27357056844,68724326401,11580,405184
2408,min:26577574,35,30487209093,68724326401,11580,405184
2409,min:26577575,33,44540764524,68724326401,11580,405184
2410,min:26577576,34,56232181600,68724326401,11580,405184
2411,min:26577577,35,26343087071,68724326401,11580,405184
2412,min:26577578,33,10404296987,68724326401,11580,405184
2413,min:26577579,36,51741929840,68724326401,11580,405184
2414,min:26577580,35,20400664787,68724326401,11580,405184
2415,min:26577581,34,19068066969,68724326401,11580,405184
2416,min:26577582,33,9051171873,68724326401,11580,405184
2417,min:26577583,33,22349687748,68724326401,11580,405184
2418,min:26577584,37,13980845557,68724326401,11580,405184
2419,min:26577585,31,64847515600,68724326401,11580,405184
2420,min:26577586,33,45987523503,68724326401,11580,405184
2421,min:26577587,30,54132002674,68724326401,11580,405184
2422,min:26577588,37,51280401065,68724326401,11580,405184
2423,min:26577589,34,43363645632,68724326401,11580,405184
2424,min:26577590,31,30063747229,68724326401,11580,405184
2425,min:26577591,38,51321488285,68724326401,11580,405184
2426,min:26577592,36,5744231306,68724326401,11580,405184
2427,min:26577593,35,48769746677,68724326401,11580,405184
2428,min:26577594,34,26028493614,68724326401,11580,405184
2429,min:26577595,37,67329027611,68724326401,11580,405184
2430,min:26577596,35,49096035463,68724326401,11580,405184
2431,min:26577597,33,63190576359,68724326401,11580,405184
2432,min:26577598,34,42156335360,68724326401,11580,405184
2433,min:26577599,35,42086881535,68724326401,11580,405184
2434,min:26577600,34,29752474672,68724326401,11580,405184
2435,min:26577601,36,43909147615,68724326401,11580,405184
2436,min:26577602,35,42507699101,68724326401,11580,405184
2437,min:26577603,36,8397626746,68724326401,11580,405184
2438,min:26577604,36,34294139833,68724326401,11580,405184
2439,min:26577605,34,40053345066,68724326401,11580,405184
2440,min:26577606,35,5462648932,68724326401,11580,405184
2441,min:26577607,35,30181287311,68724326401,11580,405184
2442,min:26577608,35,12131289616,68724326401,11580,405184
2443,min:26577609,37,67677289195,68724326401,11580,405184
2444,min:26577610,35,30871534213,68724326401,11580,405184
2445,min:26577611,38,64205227337,68724326401,11580,405184
2446,min:26577612,33,21324800764,68724326401,11580,405184
2447,min:26577613,36,28694699860,68724326401,11580,405184
2448,min:26577614,38,33213008979,68724326401,11580,405184
2449,min:26577615,32,51914340750,68724326401,11580,405184
2450,min:26577616,34,64629083396,68724326401,11580,405184
2451,min:26577617,31,18796391229,68724326401,11580,405184
2452,min:26577618,34,56513648106,68724326401,11580,405184
2453,min:26577619,36,16572592359,68724326401,11580,405184
2454,min:26577620,35,59956096913,68724326401,11580,405184
2455,min:26577621,32,28823723352,68724326401,11580,405184
2456,min:26577622,34,61099240373,68724326401,11580,405184
2457,min:26577623,32,30216072163,68724326401,11580,405184
2458,min:26577624,34,56488353809,68724326401,11580,405184
2459,min:26577625,36,55799763805,68724326401,11580,405184
2460,min:26577626,34,25967439191,68724326401,11580,405184
2461,min:26577627,33,41549323245,68724326401,11580,405184
2462,min:26577628,34,21086124018,68724326401,11580,405184
2463,min:26577629,37,53230763057,68724326401,11580,405184
2464,min:26577630,35,67790278736,68724326401,11580,405184
2465,min:26577631,33,54527070175,68724326401,11580,405184
2466,min:26577632,35,17500204144,68724326401,11580,405184
2467,min:26577633,37,21501751559,68724326401,11580,405184
2468,min:26577634,34,30585757483,68724326401,11580,405184
2469,min:26577635,34,3162872392,68724326401,11580,405184
2470,min:26577636,33,47951307795,68724326401,11580,405184
2471,min:26577637,36,26545253996,68724326401,11580,405184
2472,min:26577638,33,41109001238,68724326401,11580,405184
2473,min:26577639,34,7321809578,68724326401,11580,405184
2474,min:26577640,36,18952750019,68724326401,11580,405184
2475,min:26577641,33,31945499642,68724326401,11580,405184
2476,min:26577642,34,93841741,68724326401,11580,405184
2477,min:26577643,38,6489239395,68724326401,11580,405184
2478,min:26577644,35,39482893231,68724326401,11580,405184
2479,min:26577645,34,13002470880,68724326401,11580,405184
2480,min:26577646,31,64974429528,68724326401,11580,405184
2481,min:26577647,35,43071644421,68724326401,11580,405184
2482,min:26577648,33,7356480172,68724326401,11580,405184
2483,min:26577649,36,13933235642,68724326401,11580,405184
2484,min:26577650,32,53874901417,68724326401,11580,405184
2485,min:26577651,37,4592109491,68724326401,11580,405184
2486,min:26577652,35,39526224762,68724326401,11580,405184
2487,min:26577653,36,10458608870,68724326401,11580,405184
2488,min:26577654,35,58382576578,68724326401,11580,405184
2489,min:26577655,33,54620669899,68724326401,11580,405184
2490,min:26577656,34,52107189144,68724326401,11580,405184
2491,min:26577657,34,61912635009,68724326401,11580,405184
2492,min:26577658,34,15121507813,68724326401,11580,405184
2493,min:26577659,36,6287936678,68724326401,11580,405184
2494,min:26577660,33,27273669722,68724326401,11580,405184
2495,min:26577661,35,26351129249,68724326401,11580,405184
2496,min:26577662,37,12599181404,68724326401,11580,405184
2497,min:26577663,33,62256579752,68724326401,11580,405184
2498,min:26577664,35,20045491167,68724326401,11580,405184
2499,min:26577665,37,61941197242,68724326401,11580,405184
2500,min:26577666,36,33263893553,68724326401,11580,405184
2501,min:26577667,34,45382802216,68724326401,11580,405184
2502,min:26577668,35,52200520377,68724326401,11580,405184
2503,min:26577669,34,44080383385,68724326401,11580,405184
2504,min:26577670,32,11661850897,68724326401,11580,405184
2505,min:26577671,33,58924716442,68724326401,11580,405184
2506,min:26577672,38,64267658721,68724326401,11580,405184
2507,min:26577673,36,59401425034,68724326401,11580,405184
2508,min:26577674,35,63803448523,68724326401,11580,405184
2509,min:26577675,34,23652238492,68724326401,11580,405184
2510,min:26577676,32,44808120134,68724326401,11580,405184
2511,min:26577677,34,61656306229,68724326401,11580,405184
2512,min:26577678,37,112335146,68724326401,11580,405184
2513,min:26577679,37,52775584791,68724326401,11580,405184
2514,min:26577680,35,57233425280,68724326401,11580,405184
2515,min:26577681,35,25365833229,68724326401,11580,405184
2516,min:26577682,35,62722306886,68724326401,11580,405184
2517,min:26577683,33,36081021621,68724326401,11580,405184
2518,min:26577684,33,56774502227,68724326401,11580,405184
2519,min:26577685,36,42403468756,68724326401,11580,405184
2520,min:26577686,35,47570594860,68724326401,11580,405184
2521,min:26577687,33,16021886506,68724326401,11580,405184
2522,min:26577688,35,20349020649,68724326401,11580,405184
2523,min:26577689,35,59954888349,68724326401,11580,405184
2524,min:26577690,36,12491230717,68724326401,11580,405184
2525,min:26577691,34,38914474644,68724326401,11580,405184
2526,min:26577692,34,37626300252,68724326401,11580,405184
2527,min:26577693,31,53250513731,68724326401,11580,405184
2528,min:26577694,34,18974676649,68724326401,11580,405184
2529,min:26577695,30,34755329491,68724326401,11580,405184
2530,min:26577696,33,39610640078,68724326401,11580,405184
2531,min:26577697,31,2106586060,68724326401,11580,405184
2532,min:26577698,36,27986280976,68724326401,11580,405184
2533,min:26577699,36,3584975579,68724326401,11580,405184
2534,min:26577700,34,4930090874,68724326401,11580,405184
2535,min:26577701,34,65003512731,68724326401,11580,405184
2536,min:26577702,34,12632816023,68724326401,11580,405184
2537,min:26577703,38,17858595377,68724326401,11580,405184
2538,min:26577704,35,14902970002,68724326401,11580,405184
2539,min:26577705,31,66739418104,68724326401,11580,405184
2540,min:26577706,32,35883697426,68724326401,11580,405184
2541,min:26577707,34,1003475631,68724326401,11580,405184
2542,min:26577708,31,58717423989,68724326401,11580,405184
2543,min:26577709,31,68513334692,68724326401,11580,405184
2544,min:26577710,32,15617568988,68724326401,11580,405184
2545,min:26577711,36,63900737782,68724326401,11580,405184
2546,min:26577712,31,10527507997,68724326401,11580,405184
2547,min:26577713,34,20562807462,68724326401,11580,405184
2548,min:26577714,32,60064880159,68724326401,11580,405184
2549,min:26577715,32,20168886271,68724326401,11580,405184
2550,min:26577716,33,36312883001,68724326401,11580,405184
2551,min:26577717,33,37610206339,68724326401,11580,405184
2552,min:26577718,34,24904655405,68724326401,11580,405184
2553,min:26577719,34,11926087867,68724326401,11580,405184
2554,min:26577720,31,11594377987,68724326401,11580,405184
2555,min:26577721,36,42131009703,68724326401,11580,405184
2556,min:26577722,31,54486408457,68724326401,11580,405184
2557,min:26577723,41,20173068035,68724326401,11580,405184
2558,min:26577724,34,47973946306,68724326401,11580,405184
2559,min:26577725,35,51582518459,68724326401,11580,405184
2560,min:26577726,36,2087911347,68724326401,11580,405184
2561,min:26577727,35,17527222643,68724326401,11580,405184
2562,min:26577728,32,48599612355,68724326401,11580,405184
2563,min:26577729,34,44071135702,68724326401,11580,405184
2564,min:26577730,35,4315381190,68724326401,11580,405184
2565,min:26577731,34,41793401793,68724326401,11580,405184
2566,min:26577732,35,33718884335,68724326401,11580,405184
2567,min:26577733,33,44141933710,68724326401,11580,405184
2568,min:26577734,32,54938043143,68724326401,11580,405184
2569,min:26577735,34,65985701425,68724326401,11580,405184
2570,min:26577736,35,42618494985,68724326401,11580,405184
2571,min:26577737,34,15732941905,68724326401,11580,405184
2572,min:26577738,30,7119367980,68724326401,11580,405184
2573,min:26577739,33,11910177442,68724326401,11580,405184
2574,min:26577740,36,68651174241,68724326401,11580,405184
2575,min:26577741,36,28686557123,68724326401,11580,405184
2576,min:26577742,36,30628755260,68724326401,11580,405184
2577,min:26577743,34,13443545842,68724326401,11580,405184
2578,min:26577744,32,61120637971,68724326401,11580,405184
2579,min:26577745,36,13288389246,68724326401,11580,405184
2580,min:26577746,32,29484027216,68724326401,11580,405184
2581,min:26577747,33,49349531949,68724326401,11580,405184
2582,min:26577748,34,58112324564,68724326401,11580,405184
2583,min:26577749,31,58301467574,68724326401,11580,405184
2584,min:26577750,34,29344479676,68724326401,11580,405184
2585,min:26577751,34,55815310542,68724326401,11580,405184
2586,min:26577752,38,45840628633,68724326401,11580,405184
2587,min:26577753,32,7751339173,68724326401,11580,405184
2588,min:26577754,36,54615459674,68724326401,11580,405184
2589,min:26577755,32,41939066259,68724326401,11580,405184
2590,min:26577756,35,19793622829,68724326401,11580,405184
2591,min:26577757,35,40659907997,68724326401,11580,405184
2592,min:26577758,35,15185780213,68724326401,11580,405184
2593,min:26577759,37,15694797485,68724326401,11580,405184
2594,min:26577760,33,42260612934,68724326401,11580,405184
2595,min:26577761,33,67562955109,68724326401,11580,405184
2596,min:26577762,36,55766351958,68724326401,11580,405184
2597,min:26577763,32,58510695837,68724326401,11580,405184
2598,min:26577764,35,54799898705,68724326401,11580,405184
2599,min:26577765,30,30453208923,68724326401,11580,405184
2600,min:26577766,35,26412140810,68724326401,11580,405184
2601,min:26577767,35,29041176171,68724326401,11580,405184
2602,min:26577768,32,47604660706,68724326401,11580,405184
2603,min:26577769,29,24279235518,68724326401,11580,405184
2604,min:26577770,34,24521666226,68724326401,11580,405184
2605,min:26577771,34,32242985184,68724326401,11580,405184
2606,min:26577772,34,56168544629,68724326401,11580,405184
2607,min:26577773,33,47329431489,68724326401,11580,405184
2608,min:26577774,30,23292775610,68724326401,11580,405184
2609,min:26577775,31,45087775698,68724326401,11580,405184
2610,min:26577776,34,63504197987,68724326401,11580,405184
2611,min:26577777,37,27885471423,68724326401,11580,405184
2612,min:26577778,32,8205292821,68724326401,11580,405184
2613,min:26577779,34,54193259261,68724326401,11580,405184
2614,min:26577780,32,39597106357,68724326401,11580,405184
2615,min:26577781,31,27627826355,68724326401,11580,405184
2616,min:26577782,32,58324657368,68724326401,11580,405184
2617,min:26577783,32,28613213093,68724326401,11580,405184
2618,min:26577784,35,4571158897,68724326401,11580,405184
2619,min:26577785,35,9392201975,68724326401,11580,405184
2620,min:26577786,33,39971857767,68724326401,11580,405184
2621,min:26577787,34,67034568776,68724326401,11580,405184
2622,min:26577788,31,48599326204,68724326401,11580,405184
2623,min:26577789,39,28745659671,68724326401,11580,405184
2624,min:26577790,37,15360117971,68724326401,11580,405184
2625,min:26577791,33,67248846803,68724326401,11580,405184
2626,min:26577792,34,24346696216,68724326401,11580,405184
2627,min:26577793,33,17665536516,68724326401,11580,405184
2628,min:26577794,30,48296312977,68724326401,11580,405184
2629,min:26577795,34,47395882719,68724326401,11580,405184
2630,min:26577796,31,36828128914,68724326401,11580,405184
2631,min:26577797,35,6405213652,68724326401,11580,405184
2632,min:26577798,30,44804983326,68724326401,11580,405184
2633,min:26577799,30,66725981712,68724326401,11580,405184
2634,min:26577800,34,67520228349,68724326401,11580,405184
2635,min:26577801,37,28651169609,68724326401,11580,405184
2636,min:26577802,32,39243000591,68724326401,11580,405184
2637,min:26577803,31,52731993419,68724326401,11580,405184
2638,min:26577804,34,34860839711,68724326401,11580,405184
2639,min:26577805,37,64122040507,68724326401,11580,405184
2640,min:26577806,34,13019202639,68724326401,11580,405184
2641,min:26577807,27,3935820405,68724326401,11580,405184
2642,min:26577808,35,42888139362,68724326401,11580,405184
2643,min:26577809,34,53150523789,68724326401,11580,405184
2644,min:26577810,34,11230841016,68724326401,11580,405184
2645,min:26577811,31,52720651245,68724326401,11580,405184
2646,min:26577812,35,20993420916,68724326401,11580,405184
2647,min:26577813,34,60937815837,68724326401,11580,405184
2648,min:26577814,30,21071823400,68724326401,11580,405184
2649,min:26577815,30,60194235097,68724326401,11580,405184
2650,min:26577816,34,33921536585,68724326401,11580,405184
2651,min:26577817,34,60869086294,68724326401,11580,405184
2652,min:26577818,37,13486230775,68724326401,11580,405184
2653,min:26577819,33,55433821747,68724326401,11580,405184
2654,min:26577820,33,17284268856,68724326401,11580,405184
2655,min:26577821,31,62982201137,68724326401,11580,405184
2656,min:26577822,36,47272222159,68724326401,11580,405184
2657,min:26577823,33,40223928781,68724326401,11580,405184
2658,min:26577824,33,30328205825,68724326401,11580,405184
2659,min:26577825,32,50852993020,68724326401,11580,405184
2660,min:26577826,31,17114945266,68724326401,11580,405184
2661,min:26577827,38,7584793081,68724326401,11580,405184
2662,min:26577828,33,65429272980,68724326401,11580,405184
2663,min:26577829,33,33749707698,68724326401,11580,405184
2664,min:26577830,34,8517490471,68724326401,11580,405184
2665,min:26577831,33,28275853309,68724326401,11580,405184
2666,min:26577832,36,11011276560,68724326401,11580,405184
2667,min:26577833,33,37649796921,68724326401,11580,405184
2668,min:26577834,34,737421145,68724326401,11580,405184
2669,min:26577835,31,19167229713,68724326401,11580,405184
2670,min:26577836,35,19961201198,68724326401,11580,405184
2671,min:26577837,34,4253852299,68724326401,11580,405184
2672,min:26577838,34,67358111780,68724326401,11580,405184
2673,min:26577839,38,50400082504,68724326401,11580,405184
2674,min:26577840,31,45735014501,68724326401,11580,405184
2675,min:26577841,34,21405820380,68724326401,11580,405184
2676,min:26577842,33,15956175837,68724326401,11580,405184
2677,min:26577843,33,48545074319,68724326401,11580,405184
2678,min:26577844,32,61747021181,68724326401,11580,405184
2679,min:26577845,36,22802751151,68724326401,11580,405184
2680,min:26577846,34,23073085458,68724326401,11580,405184
2681,min:26577847,36,37042732553,68724326401,11580,405184
2682,min:26577848,34,29658166486,68724326401,11580,405184
2683,min:26577849,36,66021508471,68724326401,11580,405184
2684,min:26577850,36,50884176907,68724326401,11580,405184
2685,min:26577851,27,35124248062,68724326401,11580,405184
2686,min:26577852,32,50302561460,68724326401,11580,405184
2687,min:26577853,34,45414189045,68724326401,11580,405184
2688,min:26577854,31,14137760957,68724326401,11580,405184
2689,min:26577855,36,10288624073,68724326401,11580,405184
2690,min:26577856,33,13065162353,68724326401,11580,405184
2691,min:26577857,34,54663154835,68724326401,11580,405184
2692,min:26577858,34,42769083829,68724326401,11580,405184
2693,min:26577859,33,35855622271,68724326401,11580,405184
2694,min:26577860,30,6687170853,68724326401,11580,405184
2695,min:26577861,34,8407649750,68724326401,11580,405184
2696,min:26577862,34,5981166728,68724326401,11580,405184
2697,min:26577863,32,39223473772,68724326401,11580,405184
2698,min:26577864,29,63801367787,68724326401,11580,405184
2699,min:26577865,37,58425050680,68724326401,11580,405184
2700,min:26577866,31,8347259152,68724326401,11580,405184
2701,min:26577867,33,42068680759,68724326401,11580,405184
2702,min:26577868,33,56388893702,68724326401,11580,405184
2703,min:26577869,38,42990899761,68724326401,11580,405184
2704,min:26577870,36,21571112203,68724326401,11580,405184
2705,min:26577871,38,43981744909,68724326401,11580,405184
2706,min:26577872,33,54232254954,68724326401,11580,405184
2707,min:26577873,36,4811564283,68724326401,11580,405184
2708,min:26577874,35,10045264018,68724326401,11580,405184
2709,min:26577875,37,11445131565,68724326401,11580,405184
2710,min:26577876,37,12539217041,68724326401,11580,405184
2711,min:26577877,33,68133040664,68724326401,11580,405184
2712,min:26577878,36,68054361964,68724326401,11580,405184
2713,min:26577879,33,24307911191,68724326401,11580,405184
2714,min:26577880,35,30414310484,68724326401,11580,405184
2715,min:26577881,34,51957924747,68724326401,11580,405184
2716,min:26577882,33,57733958391,68724326401,11580,405184
2717,min:26577883,37,17236622775,68724326401,11580,405184
2718,min:26577884,38,19882719280,68724326401,11580,405184
2719,min:26577885,37,66326308848,68724326401,11580,405184
2720,min:26577886,38,28917842300,68724326401,11580,405184
2721,min:26577887,32,38748794498,68724326401,11580,405184
2722,min:26577888,40,6893127970,68724326401,11580,405184
2723,min:26577889,33,11500092358,68724326401,11580,405184
2724,min:26577890,36,335609328,68724326401,11580,405184
2725,min:26577891,34,52578807126,68724326401,11580,405184
2726,min:26577892,33,21397668556,68724326401,11580,405184
2727,min:26577893,36,37117597754,68724326401,11580,405184
2728,min:26577894,33,27311639624,68724326401,11580,405184
2729,min:26577895,32,27717109881,68724326401,11580,405184
2730,min:26577896,34,36561672016,68724326401,11580,405184
2731,min:26577897,34,50247644355,68724326401,11580,405184
2732,min:26577898,34,56718823327,68724326401,11580,405184
2733,min:26577899,34,6890357271,68724326401,11580,405184
2734,min:26577900,36,60577737137,68724326401,11580,405184
2735,min:26577901,35,61679163320,68724326401,11580,405184
2736,min:26577902,34,58648350225,68724326401,11580,405184
2737,min:26577903,34,53706486752,68724326401,11580,405184
2738,min:26577904,37,40034364013,68724326401,11580,405184
2739,min:26577905,35,44710341201,68724326401,11580,405184
2740,min:26577906,34,34413508958,68724326401,11580,405184
2741,min:26577907,33,40923798925,68724326401,11580,405184
2742,min:26577908,35,42343827236,68724326401,11580,405184
2743,min:26577909,34,27641019180,68724326401,11580,405184
2744,min:26577910,35,22820519473,68724326401,11580,405184
2745,min:26577911,33,54100013054,68724326401,11580,405184
2746,min:26577912,35,55098923821,68724326401,11580,405184
2747,min:26577913,34,61617004994,68724326401,11580,405184
2748,min:26577914,36,67617904554,68724326401,11580,405184
2749,min:26577915,38,51444956938,68724326401,11580,405184
2750,min:26577916,34,54350099966,68724326401,11580,405184
2751,min:26577917,32,56918010228,68724326401,11580,405184
2752,min:26577918,32,51969355889,68724326401,11580,405184
2753,min:26577919,34,1907024807,68724326401,11580,405184
2754,min:26577920,32,57811999572,68724326401,11580,405184
2755,min:26577921,35,29431767328,68724326401,11580,405184
2756,min:26577922,34,32903100810,68724326401,11580,405184
2757,min:26577923,35,36180643491,68724326401,11580,405184
2758,min:26577924,34,36000297022,68724326401,11580,405184
2759,min:26577925,34,18418063988,68724326401,11580,405184
2760,min:26577926,36,13784694743,68724326401,11580,405184
2761,min:26577927,34,46059331216,68724326401,11580,405184
2762,min:26577928,36,64989010669,68724326401,11580,405184
2763,min:26577929,35,47026950800,68724326401,11580,405184
2764,min:26577930,34,55902867743,68724326401,11580,405184
2765,min:26577931,33,52714982725,68724326401,11580,405184
2766,min:26577932,34,45199175954,68724326401,11580,405184
2767,min:26577933,33,5428417971,68724326401,11580,405184
2768,min:26577934,35,37099485078,68724326401,11580,405184
2769,min:26577935,34,41597532356,68724326401,11580,405184
2770,min:26577936,36,56804937706,68724326401,11580,405184
2771,min:26577937,35,9694856239,68724326401,11580,405184
2772,min:26577938,37,50652135766,68724326401,11580,405184
2773,min:26577939,37,35410522544,68724326401,11580,405184
2774,min:26577940,34,46471365677,68724326401,11580,405184
2775,min:26577941,33,13329759101,68724326401,11580,405184
2776,min:26577942,32,34122305436,68724326401,11580,405184
2777,min:26577943,36,7582468879,68724326401,11580,405184
2778,min:26577944,36,651338605,68724326401,11580,405184
2779,min:26577945,31,33190919381,68724326401,11580,405184
2780,min:26577946,34,19378625850,68724326401,11580,405184
2781,min:26577947,37,40706927482,68724326401,11580,405184
2782,min:26577948,36,37293002235,68724326401,11580,405184
2783,min:26577949,35,6725467216,68724326401,11580,405184
2784,min:26577950,35,32573615370,68724326401,11580,405184
2785,min:26577951,35,40314308353,68724326401,11580,405184
2786,min:26577952,35,1073408735,68724326401,11580,405184
2787,min:26577953,35,15772810575,68724326401,11580,405184
2788,min:26577954,31,13819540515,68724326401,11580,405184
2789,min:26577955,30,43104538593,68724326401,11580,405184
2790,min:26577956,36,13385328556,68724326401,11580,405184
2791,min:26577957,32,48745483842,68724326401,11580,405184
2792,min:26577958,34,40634311118,68724326401,11580,405184
2793,min:26577959,35,56409583700,68724326401,11580,405184
2794,min:26577960,35,22440994824,68724326401,11580,405184
2795,min:26577961,35,23465850765,68724326401,11580,405184
2796,min:26577962,34,4571218413,68724326401,11580,405184
2797,min:26577963,36,14215227137,68724326401,11580,405184
2798,min:26577964,35,24165645963,68724326401,11580,405184
2799,min:26577965,37,56903295939,68724326401,11580,405184
2800,min:26577966,35,15845203814,68724326401,11580,405184
2801,min:26577967,38,22835618596,68724326401,11580,405184
2802,min:26577968,32,64404735467,68724326401,11580,405184
2803,min:26577969,37,23299070830,68724326401,11580,405184
2804,min:26577970,37,33865331174,68724326401,11580,405184
2805,min:26577971,35,61232227075,68724326401,11580,405184
2806,min:26577972,34,12682055224,68724326401,11580,405184
2807,min:26577973,36,40048168689,68724326401,11580,405184
2808,min:26577974,33,9360510685,68724326401,11580,405184
2809,min:26577975,39,56244977657,68724326401,11580,405184
2810,min:26577976,38,30131269616,68724326401,11580,405184
2811,min:26577977,35,14315433412,68724326401,11580,405184
2812,min:26577978,35,12967372129,68724326401,11580,405184
2813,min:26577979,35,24322004641,68724326401,11580,405184
2814,min:26577980,33,54355395443,68724326401,11580,405184
2815,min:26577981,32,25097437633,68724326401,11580,405184
2816,min:26577982,38,28963288822,68724326401,11580,405184
2817,min:26577983,33,20097714986,68724326401,11580,405184
2818,min:26577984,36,2597325537,68724326401,11580,405184
2819,min:26577985,35,215512489,68724326401,11580,405184
2820,min:26577986,33,29954858223,68724326401,11580,405184
2821,min:26577987,35,23234464542,68724326401,11580,405184
2822,min:26577988,37,46221486616,68724326401,11580,405184
2823,min:26577989,34,3593050974,68724326401,11580,405184
2824,min:26577990,33,68688642476,68724326401,11580,405184
2825,min:26577991,31,26366526175,68724326401,11580,405184
2826,min:26577992,33,6664517782,68724326401,11580,405184
2827,min:26577993,37,58365614380,68724326401,11580,405184
2828,min:26577994,38,61783623476,68724326401,11580,405184
2829,min:26577995,35,1708034593,68724326401,11580,405184
2830,min:26577996,36,17516558872,68724326401,11580,405184
2831,min:26577997,36,6637788683,68724326401,11580,405184
2832,min:26577998,35,39588903469,68724326401,11580,405184
2833,min:26577999,34,38002242632,68724326401,11580,405184
2834,min:26578000,34,54801571460,68724326401,11580,405184
2835,min:26578001,34,8963585299,68724326401,11580,405184
2836,min:26578002,36,52710853350,68724326401,11580,405184
2837,min:26578003,31,53831204793,68724326401,11580,405184
2838,min:26578004,37,42508255821,68724326401,11580,405184
2839,min:26578005,34,56448447437,68724326401,11580,405184
2840,min:26578006,34,47998591117,68724326401,11580,405184
2841,min:26578007,33,18247745695,68724326401,11580,405184
2842,min:26578008,35,43920358680,68724326401,11580,405184
2843,min:26578009,36,58910183910,68724326401,11580,405184
2844,min:26578010,38,65236432425,68724326401,11580,405184
2845,min:26578011,36,25184338286,68724326401,11580,405184
2846,min:26578012,39,61178609364,68724326401,11580,405184
2847,min:26578013,38,6991053259,68724326401,11580,405184
2848,min:26578014,35,49599133006,68724326401,11580,405184
2849,min:26578015,39,15023475139,68724326401,11580,405184
2850,min:26578016,34,46960800110,68724326401,11580,405184
2851,min:26578017,35,58483631325,68724326401,11580,405184
2852,min:26578018,34,2347536105,68724326401,11580,405184
2853,min:26578019,37,61931575808,68724326401,11580,405184
2854,min:26578020,34,25522250493,68724326401,11580,405184
2855,min:26578021,32,32210631058,68724326401,11580,405184
2856,min:26578022,34,23295828362,68724326401,11580,405184
2857,min:26578023,34,56339771443,68724326401,11580,405184
2858,min:26578024,33,21350798482,68724326401,11580,405184
2859,min:26578025,32,16890849683,68724326401,11580,405184
2860,min:26578026,40,11286007906,68724326401,11580,405184
2861,min:26578027,37,66239115561,68724326401,11580,405184
2862,min:26578028,35,8005218331,68724326401,11580,405184
2863,min:26578029,32,19887675849,68724326401,11580,405184
2864,min:26578030,39,42992643453,68724326401,11580,405184
2865,min:26578031,36,62892496199,68724326401,11580,405184
2866,min:26578032,38,1148174986,68724326401,11580,405184
2867,min:26578033,38,48425583180,68724326401,11580,405184
2868,min:26578034,34,12010885671,68724326401,11580,405184
2869,min:26578035,36,41670423217,68724326401,11580,405184
2870,min:26578036,36,60135833776,68724326401,11580,405184
2871,min:26578037,37,67580858104,68724326401,11580,405184
2872,min:26578038,39,57266963532,68724326401,11580,405184
2873,min:26578039,37,15141766880,68724326401,11580,405184
2874,min:26578040,34,38729826663,68724326401,11580,405184
2875,min:26578041,36,27296889842,68724326401,11580,405184
2876,min:26578042,36,59951196232,68724326401,11580,405184
2877,min:26578043,37,67517655541,68724326401,11580,405184
2878,min:26578044,35,1282915691,68724326401,11580,405184
2879,min:26578045,36,44546889096,68724326401,11580,405184
2880,min:26578046,36,61483977479,68724326401,11580,405184
2881,min:26578047,33,47677082549,68724326401,11580,405184
2882,min:26578048,35,61668011517,68724326401,11580,405184
2883,min:26578049,37,50493341948,68724326401,11580,405184
2884,min:26578050,35,48764349701,68724326401,11580,405184
2885,min:26578051,36,66495573552,68724326401,11580,405184
2886,min:26578052,38,17476559443,68724326401,11580,405184
2887,min:26578053,37,52189386571,68724326401,11580,405184
2888,min:26578054,34,47333083876,68724326401,11580,405184
2889,min:26578055,38,44233142930,68724326401,11580,405184
2890,min:26578056,34,55511352035,68724326401,11580,405184
2891,min:26578057,34,50494991315,68724326401,11580,405184
2892,min:26578058,30,31858571884,68724326401,11580,405184
2893,min:26578059,35,65988266209,68724326401,11580,405184
2894,min:26578060,33,12007434767,68724326401,11580,405184
2895,min:26578061,32,32621076974,68724326401,11580,405184
2896,min:26578062,38,24440996347,68724326401,11580,405184
2897,min:26578063,35,17410277249,68724326401,11580,405184
2898,min:26578064,35,39885359940,68724326401,11580,405184
2899,min:26578065,37,16287225687,68724326401,11580,405184
2900,min:26578066,36,67099125151,68724326401,11580,405184
2901,min:26578067,37,1152861462,68724326401,11580,405184
2902,min:26578068,36,63287582440,68724326401,11580,405184
2903,min:26578069,34,1871060238,68724326401,11580,405184
2904,min:26578070,38,33662720672,68724326401,11580,405184
2905,min:26578071,31,11365358567,68724326401,11580,405184
2906,min:26578072,38,60537365034,68724326401,11580,405184
2907,min:26578073,34,49139853531,68724326401,11580,405184
2908,min:26578074,38,11011726219,68724326401,11580,405184
2909,min:26578075,32,25476221040,68724326401,11580,405184
2910,min:26578076,34,8080538482,68724326401,11580,405184
2911,min:26578077,38,26515015521,68724326401,11580,405184
2912,min:26578078,39,51226826833,68724326401,11580,405184
2913,min:26578079,37,65493213815,68724326401,11580,405184
2914,min:26578080,38,4847146375,68724326401,11580,405184
2915,min:26578081,38,59039412569,68724326401,11580,405184
2916,min:26578082,34,32965945950,68724326401,11580,405184
2917,min:26578083,37,42279939490,68724326401,11580,405184
2918,min:26578084,34,4279902618,68724326401,11580,405184
2919,min:26578085,38,11894759295,68724326401,11580,405184
2920,min:26578086,35,18774040159,68724326401,11580,405184
2921,min:26578087,34,23905795930,68724326401,11580,405184
2922,min:26578088,37,32356845684,68724326401,11580,405184
2923,min:26578089,34,12610906475,68724326401,11580,405184
2924,min:26578090,31,63690310357,68724326401,11580,405184
2925,min:26578091,35,16453415994,68724326401,11580,405184
2926,min:26578092,38,43519652336,68724326401,11580,405184
2927,min:26578093,34,3589973348,68724326401,11580,405184
2928,min:26578094,37,26829308408,68724326401,11580,405184
2929,min:26578095,38,55214653069,68724326401,11580,405184
2930,min:26578096,33,8787587828,68724326401,11580,405184
2931,min:26578097,36,47069564422,68724326401,11580,405184
2932,min:26578098,36,23079303420,68724326401,11580,405184
2933,min:26578099,36,19809889956,68724326401,11580,405184
2934,min:26578100,33,14188231170,68724326401,11580,405184
2935,min:26578101,38,59273886565,68724326401,11580,405184
2936,min:26578102,35,47694844906,68724326401,11580,405184
2937,min:26578103,36,119126148,68724326401,11580,405184
2938,min:26578104,34,4131059691,68724326401,11580,405184
2939,min:26578105,38,19433177530,68724326401,11580,405184
2940,min:26578106,34,19691709678,68724326401,11580,405184
2941,min:26578107,34,27506846724,68724326401,11580,405184
2942,min:26578108,36,17178650228,68724326401,11580,405184
2943,min:26578109,38,21651423462,68724326401,11580,405184
2944,min:26578110,34,52007297611,68724326401,11580,405184
2945,min:26578111,38,35991972496,68724326401,11580,405184
2946,min:26578112,38,29901443967,68724326401,11580,405184
2947,min:26578113,36,33960632197,68724326401,11580,405184
2948,min:26578114,36,25333503676,68724326401,11580,405184
2949,min:26578115,33,50706317743,68724326401,11580,405184
2950,min:26578116,34,12333430366,68724326401,11580,405184
2951,min:26578117,38,52324356774,68724326401,11580,405184
2952,min:26578118,36,39109085368,68724326401,11580,405184
2953,min:26578119,35,12622008855,68724326401,11580,405184
2954,min:26578120,37,5530238154,68724326401,11580,405184
2955,min:26578121,37,13869316891,68724326401,11580,405184
2956,min:26578122,35,15352359853,68724326401,11580,405184
2957,min:26578123,34,24069395048,68724326401,11580,405184
2958,min:26578124,37,54011918284,68724326401,11580,405184
2959,min:26578125,39,43073115913,68724326401,11580,405184
2960,min:26578126,36,63213649165,68724326401,11580,405184
2961,min:26578127,31,52588927160,68724326401,11580,405184
2962,min:26578128,35,32939582872,68724326401,11580,405184
2963,min:26578129,35,11806865803,68724326401,11580,405184
2964,min:26578130,35,7816089904,68724326401,11580,405184
2965,min:26578131,34,44372420483,68724326401,11580,405184
2966,min:26578132,37,9573150334,68724326401,11580,405184
2967,min:26578133,36,55043108929,68724326401,11580,405184
2968,min:26578134,35,48960128416,68724326401,11580,405184
2969,min:26578135,38,21594844141,68724326401,11580,405184
2970,min:26578136,32,30723281212,68724326401,11580,405184
2971,min:26578137,34,42725620283,68724326401,11580,405184
2972,min:26578138,37,40197816967,68724326401,11580,405184
2973,min:26578139,36,21263097170,68724326401,11580,405184
2974,min:26578140,35,3407264155,68724326401,11580,405184
2975,min:26578141,37,27655636597,68724326401,11580,405184
2976,min:26578142,36,38649561642,68724326401,11580,405184
2977,min:26578143,32,48509525806,68724326401,11580,405184
2978,min:26578144,35,33269234899,68724326401,11580,405184
2979,min:26578145,33,45004713500,68724326401,11580,405184
2980,min:26578146,36,52389383142,68724326401,11580,405184
2981,min:26578147,35,56990184330,68724326401,11580,405184
2982,min:26578148,38,59567242988,68724326401,11580,405184
2983,min:26578149,34,23100486317,68724326401,11580,405184
2984,min:26578150,37,51236793475,68724326401,11580,405184
2985,min:26578151,34,61911332821,68724326401,11580,405184
2986,min:26578152,33,25347771614,68724326401,11580,405184
2987,min:26578153,37,36975470790,68724326401,11580,405184
2988,min:26578154,32,26154757144,68724326401,11580,405184
2989,min:26578155,37,57948370745,68724326401,11580,405184
2990,min:26578156,34,32675248459,68724326401,11580,405184
2991,min:26578157,37,45433290429,68724326401,11580,405184
2992,min:26578158,33,63305279627,68724326401,11580,405184
2993,min:26578159,30,64224281625,68724326401,11580,405184
2994,min:26578160,39,31051219385,68724326401,11580,405184
2995,min:26578161,35,5034402894,68724326401,11580,405184
2996,min:26578162,28,26397241431,68724326401,11580,405184
2997,min:26578163,38,21183382699,68724326401,11580,405184
2998,min:26578164,34,31792729096,68724326401,11580,405184
2999,min:26578165,37,56074184528,68724326401,11580,405184
3000,min:26578166,33,5549041686,68724326401,11580,405184
3001,min:26578167,36,66492931564,68724326401,11580,405184
3002,min:26578168,33,41712587437,68724326401,11580,405184
3003,min:26578169,35,29843469227,68724326401,11580,405184
3004,min:26578170,36,40854540295,68724326401,11580,405184
3005,min:26578171,39,58786801315,68724326401,11580,405184
3006,min:26578172,34,49008428414,68724326401,11580,405184
3007,min:26578173,35,47602857632,68724326401,11580,405184
3008,min:26578174,36,51515276978,68724326401,11580,405184
3009,min:26578175,38,14189317193,68724326401,11580,405184
3010,min:26578176,34,42599172824,68724326401,11580,405184
3011,min:26578177,36,47775511340,68724326401,11580,405184
3012,min:26578178,36,49250190412,68724326401,11580,405184
3013,min:26578179,37,58969465987,68724326401,11580,405184
3014,min:26578180,37,54823069141,68724326401,11580,405184
3015,min:26578181,35,34212778319,68724326401,11580,405184
3016,min:26578182,34,53923381791,68724326401,11580,405184
3017,min:26578183,33,54685081697,68724326401,11580,405184
3018,min:26578184,38,13137396588,68724326401,11580,405184
3019,min:26578185,37,15598849128,68724326401,11580,405184
3020,min:26578186,38,38629938613,68724326401,11580,405184
3021,min:26578187,35,12355334804,68724326401,11580,405184
3022,min:26578188,37,10672800935,68724326401,11580,405184
3023,min:26578189,38,66984696876,68724326401,11580,405184
3024,min:26578190,34,20430358267,68724326401,11580,405184
3025,min:26578191,37,16569284085,68724326401,11580,405184
3026,min:26578192,37,27611415938,68724326401,11580,405184
3027,min:26578193,34,6411391461,68724326401,11580,405184
3028,min:26578194,34,23323587235,68724326401,11580,405184
3029,min:26578195,37,34750821077,68724326401,11580,405184
3030,min:26578196,36,39662457830,68724326401,11580,405184
3031,min:26578197,34,60674851800,68724326401,11580,405184
3032,min:26578198,33,9831666745,68724326401,11580,405184
3033,min:26578199,34,1829499539,68724326401,11580,405184
3034,min:26578200,38,35593547149,68724326401,11580,405184
3035,min:26578201,34,7388554817,68724326401,11580,405184
3036,min:26578202,37,13466205284,68724326401,11580,405184
3037,min:26578203,35,13783703828,68724326401,11580,405184
3038,min:26578204,33,6000019916,68724326401,11580,405184
3039,min:26578205,35,57654400429,68724326401,11580,405184
3040,min:26578206,35,57053989468,68724326401,11580,405184
3041,min:26578207,32,3786696062,68724326401,11580,405184
3042,min:26578208,30,29387461984,68724326401,11580,405184
3043,min:26578209,35,7798415260,68724326401,11580,405184
3044,min:26578210,32,2571757283,68724326401,11580,405184
3045,min:26578211,33,16479346772,68724326401,11580,405184
3046,min:26578212,35,35166752132,68724326401,11580,405184
3047,min:26578213,38,29403975081,68724326401,11580,405184
3048,min:26578214,31,24022259107,68724326401,11580,405184
3049,min:26578215,32,24654459631,68724326401,11580,405184
3050,min:26578216,34,42898325216,68724326401,11580,405184
3051,min:26578217,33,20215897215,68724326401,11580,405184
3052,min:26578218,33,20825867461,68724326401,11580,405184
3053,min:26578219,37,9638158941,68724326401,11580,405184
3054,min:26578220,36,53713203565,68724326401,11580,405184
3055,min:26578221,32,53976177600,68724326401,11580,405184
3056,min:26578222,37,23219141062,68724326401,11580,405184
3057,min:26578223,38,33618567559,68724326401,11580,405184
3058,min:26578224,37,45244845543,68724326401,11580,405184
3059,min:26578225,33,26282233972,68724326401,11580,405184
3060,min:26578226,34,15632845107,68724326401,11580,405184
3061,min:26578227,35,45150816773,68724326401,11580,405184
3062,min:26578228,35,41256366013,68724326401,11580,405184
3063,min:26578229,33,32757600036,68724326401,11580,405184
3064,min:26578230,33,34894045443,68724326401,11580,405184
3065,min:26578231,38,4480030121,68724326401,11580,405184
3066,min:26578232,33,12400750558,68724326401,11580,405184
3067,min:26578233,32,18884418337,68724326401,11580,405184
3068,min:26578234,38,35629863167,68724326401,11580,405184
3069,min:26578235,37,2149840141,68724326401,11580,405184
3070,min:26578236,33,4924930110,68724326401,11580,405184
3071,min:26578237,37,1448370445,68724326401,11580,405184
3072,min:26578238,34,64119959200,68724326401,11580,405184
3073,min:26578239,37,33891835404,68724326401,11580,405184
3074,min:26578240,36,39217043630,68724326401,11580,405184
3075,min:26578241,36,51754558926,68724326401,11580,405184
3076,min:26578242,34,31345712730,68724326401,11580,405184
3077,min:26578243,35,9332085321,68724326401,11580,405184
3078,min:26578244,34,15155663332,68724326401,11580,405184
3079,min:26578245,35,55563248001,68724326401,11580,405184
3080,min:26578246,37,68306736898,68724326401,11580,405184
3081,min:26578247,37,68023412726,68724326401,11580,405184
3082,min:26578248,34,38216090726,68724326401,11580,405184
3083,min:26578249,39,59249804980,68724326401,11580,405184
3084,min:26578250,37,31985314993,68724326401,11580,405184
3085,min:26578251,36,11717567907,68724326401,11580,405184
3086,min:26578252,38,40074824827,68724326401,11580,405184
3087,min:26578253,35,68524656291,68724326401,11580,405184
3088,min:26578254,37,58712424440,68724326401,11580,405184
3089,min:26578255,33,29622453128,68724326401,11580,405184
3090,min:26578256,33,26953982028,68724326401,11580,405184
3091,min:26578257,37,8254619170,68724326401,11580,405184
3092,min:26578258,35,47732870953,68724326401,11580,405184
3093,min:26578259,38,28851850689,68724326401,11580,405184
3094,min:26578260,36,62854011215,68724326401,11580,405184
3095,min:26578261,35,64280380574,68724326401,11580,405184
3096,min:26578262,33,12545947350,68724326401,11580,405184
3097,min:26578263,36,22015085358,68724326401,11580,405184
3098,min:26578264,32,34972833854,68724326401,11580,405184
3099,min:26578265,35,6106204008,68724326401,11580,405184
3100,min:26578266,37,31688633483,68724326401,11580,405184
3101,min:26578267,34,51551486910,68724326401,11580,405184
3102,min:26578268,35,49743815522,68724326401,11580,405184
3103,min:26578269,37,8040363146,68724326401,11580,405184
3104,min:26578270,33,56780075309,68724326401,11580,405184
3105,min:26578271,33,13125817515,68724326401,11580,405184
3106,min:26578272,35,29841262798,68724326401,11580,405184
3107,min:26578273,31,59294187534,68724326401,11580,405184
3108,min:26578274,35,18044479992,68724326401,11580,405184
3109,min:26578275,34,22509011309,68724326401,11580,405184
3110,min:26578276,31,55894278037,68724326401,11580,405184
3111,min:26578277,34,34375007087,68724326401,11580,405184
3112,min:26578278,36,15956033451,68724326401,11580,405184
3113,min:26578279,33,25661159844,68724326401,11580,405184
3114,min:26578280,35,42601415429,68724326401,11580,405184
3115,min:26578281,36,62404240510,68724326401,11580,405184
3116,min:26578282,37,66071392091,68724326401,11580,405184
3117,min:26578283,34,12507177251,68724326401,11580,405184
3118,min:26578284,33,19940434462,68724326401,11580,405184
3119,min:26578285,33,63431288722,68724326401,11580,405184
3120,min:26578286,37,6144893458,68724326401,11580,405184
3121,min:26578287,33,32637043556,68724326401,11580,405184
3122,min:26578288,33,65730563458,68724326401,11580,405184
3123,min:26578289,34,6303752876,68724326401,11580,405184
3124,min:26578290,36,19667868107,68724326401,11580,405184
3125,min:26578291,34,62420472049,68724326401,11580,405184
3126,min:26578292,30,67347499020,68724326401,11580,405184
3127,min:26578293,36,48088783674,68724326401,11580,405184
3128,min:26578294,35,35547381948,68724326401,11580,405184
3129,min:26578295,35,11664504273,68724326401,11580,405184
3130,min:26578296,37,67655097587,68724326401,11580,405184
3131,min:26578297,34,57529871724,68724326401,11580,405184
3132,min:26578298,35,68067903688,68724326401,11580,405184
3133,min:26578299,37,7486042513,68724326401,11580,405184
3134,min:26578300,33,9266159443,68724326401,11580,405184
3135,min:26578301,35,2332455523,68724326401,11580,405184
3136,min:26578302,38,11771634358,68724326401,11580,405184
3137,min:26578303,33,58229670991,68724326401,11580,405184
3138,min:26578304,33,35543629978,68724326401,11580,405184
3139,min:26578305,34,55776784655,68724326401,11580,405184
3140,min:26578306,36,50183420321,68724326401,11580,405184
3141,min:26578307,35,46854381334,68724326401,11580,405184
3142,min:26578308,34,5429674859,68724326401,11580,405184
3143,min:26578309,36,67033415543,68724326401,11580,405184
3144,min:26578310,37,2787772793,68724326401,11580,405184
3145,min:26578311,30,75128201,68724326401,11580,405184
3146,min:26578312,33,34702085948,68724326401,11580,405184
3147,min:26578313,35,49534294052,68724326401,11580,405184
3148,min:26578314,33,18182540761,68724326401,11580,405184
3149,min:26578315,31,12688716415,68724326401,11580,405184
3150,min:26578316,29,32666149934,68724326401,11580,405184
3151,min:26578317,39,2682924323,68724326401,11580,405184
3152,min:26578318,36,56235306427,68724326401,11580,405184
3153,min:26578319,33,35483704005,68724326401,11580,405184
3154,min:26578320,34,3935290035,68724326401,11580,405184
3155,min:26578321,35,53818957594,68724326401,11580,405184
3156,min:26578322,33,14792396043,68724326401,11580,405184
3157,min:26578323,36,63613273990,68724326401,11580,405184
3158,min:26578324,36,34853563599,68724326401,11580,405184
3159,min:26578325,35,31727108974,68724326401,11580,405184
3160,min:26578326,34,7506576869,68724326401,11580,405184
3161,min:26578327,33,18823724504,68724326401,11580,405184
3162,min:26578328,35,65214903145,68724326401,11580,405184
3163,min:26578329,37,49766645902,68724326401,11580,405184
3164,min:26578330,37,36738579354,68724326401,11580,405184
3165,min:26578331,34,20380412805,68724326401,11580,405184
3166,min:26578332,34,21240657787,68724326401,11580,405184
3167,min:26578333,33,49838195515,68724326401,11580,405184
3168,min:26578334,34,33237474023,68724326401,11580,405184
3169,min:26578335,34,66902168621,68724326401,11580,405184
3170,min:26578336,32,32118146501,68724326401,11580,405184
3171,min:26578337,33,64372876764,68724326401,11580,405184
3172,min:26578338,35,26085631583,68724326401,11580,405184
3173,min:26578339,33,29379219772,68724326401,11580,405184
3174,min:26578340,34,21020174160,68724326401,11580,405184
3175,min:26578341,36,4229749117,68724326401,11580,405184
3176,min:26578342,34,30112510361,68724326401,11580,405184
3177,min:26578343,34,16369966328,68724326401,11580,405184
3178,min:26578344,33,25179860582,68724326401,11580,405184
3179,min:26578345,32,14506052697,68724326401,11580,405184
3180,min:26578346,31,31092627024,68724326401,11580,405184
3181,min:26578347,35,49392356073,68724326401,11580,405184
3182,min:26578348,35,7953294394,68724326401,11580,405184
3183,min:26578349,33,25913932763,68724326401,11580,405184
3184,min:26578350,32,62142383484,68724326401,11580,405184
3185,min:26578351,31,13497721123,68724326401,11580,405184
3186,min:26578352,34,37096545218,68724326401,11580,405184
3187,min:26578353,35,31575836697,68724326401,11580,405184
3188,min:26578354,37,61545498644,68724326401,11580,405184
3189,min:26578355,37,12802042148,68724326401,11580,405184
3190,min:26578356,34,43089275702,68724326401,11580,405184
3191,min:26578357,34,37173997487,68724326401,11580,405184
3192,min:26578358,32,62196898609,68724326401,11580,405184
3193,min:26578359,34,47348448060,68724326401,11580,405184
3194,min:26578360,33,32152483601,68724326401,11580,405184
3195,min:26578361,36,49562802952,68724326401,11580,405184
3196,min:26578362,37,45684774749,68724326401,11580,405184
3197,min:26578363,33,64939373031,68724326401,11580,405184
3198,min:26578364,35,23809928149,68724326401,11580,405184
3199,min:26578365,33,12844306606,68724326401,11580,405184
3200,min:26578366,34,32491097033,68724326401,11580,405184
3201,min:26578367,30,24860302943,68724326401,11580,405184
3202,min:26578368,34,7853102244,68724326401,11580,405184
3203,min:26578369,38,24844993373,68724326401,11580,405184
3204,min:26578370,36,38553107091,68724326401,11580,405184
3205,min:26578371,33,39560422362,68724326401,11580,405184
3206,min:26578372,32,5389634184,68724326401,11580,405184
3207,min:26578373,39,32063653243,68724326401,11580,405184
3208,min:26578374,35,14505070214,68724326401,11580,405184
3209,min:26578375,34,23883954184,68724326401,11580,405184
3210,min:26578376,35,43916343555,68724326401,11580,405184
3211,min:26578377,35,17422174092,68724326401,11580,405184
3212,min:26578378,34,43657820775,68724326401,11580,405184
3213,min:26578379,35,31164000585,68724326401,11580,405184
3214,min:26578380,40,41575873552,68724326401,11580,405184
3215,min:26578381,35,16719321570,68724326401,11580,405184
3216,min:26578382,36,6994867342,68724326401,11580,405184
3217,min:26578383,38,50055769719,68724326401,11580,405184
3218,min:26578384,34,29602686197,68724326401,11580,405184
3219,min:26578385,32,18662128620,68724326401,11580,405184
3220,min:26578386,35,20085451533,68724326401,11580,405184
3221,min:26578387,33,9773756731,68724326401,11580,405184
3222,min:26578388,37,21882257242,68724326401,11580,405184
3223,min:26578389,34,54772526682,68724326401,11580,405184
3224,min:26578390,35,18854079056,68724326401,11580,405184
3225,min:26578391,34,14126165776,68724326401,11580,405184
3226,min:26578392,37,11930301857,68724326401,11580,405184
3227,min:26578393,35,27587688790,68724326401,11580,405184
3228,min:26578394,30,30774773120,68724326401,11580,405184
3229,min:26578395,35,49139409630,68724326401,11580,405184
3230,min:26578396,34,64703581910,68724326401,11580,405184
3231,min:26578397,34,9375197077,68724326401,11580,405184
3232,min:26578398,34,31814421903,68724326401,11580,405184
3233,min:26578399,34,45783216524,68724326401,11580,405184
3234,min:26578400,34,29979254321,68724326401,11580,405184
3235,min:26578401,30,40827226888,68724326401,11580,405184
3236,min:26578402,38,23894325559,68724326401,11580,405184
3237,min:26578403,34,4184279812,68724326401,11580,405184
3238,min:26578404,34,55927741657,68724326401,11580,405184
3239,min:26578405,33,63639855478,68724326401,11580,405184
3240,min:26578406,34,66732313959,68724326401,11580,405184
3241,min:26578407,34,53327234475,68724326401,11580,405184
3242,min:26578408,36,62369261486,68724326401,11580,405184
3243,min:26578409,36,50945340893,68724326401,11580,405184
3244,min:26578410,30,45358156567,68724326401,11580,405184
3245,min:26578411,36,36683894483,68724326401,11580,405184
3246,min:26578412,32,20665574492,68724326401,11580,405184
3247,min:26578413,36,46813839092,68724326401,11580,405184
3248,min:26578414,36,34227098212,68724326401,11580,405184
3249,min:26578415,34,45485444412,68724326401,11580,405184
3250,min:26578416,36,36185168640,68724326401,11580,405184
3251,min:26578417,38,49823884936,68724326401,11580,405184
3252,min:26578418,33,16868917228,68724326401,11580,405184
3253,min:26578419,36,46803985235,68724326401,11580,405184
3254,min:26578420,35,36021653659,68724326401,11580,405184
3255,min:26578421,37,46967219056,68724326401,11580,405184
3256,min:26578422,36,29297385361,68724326401,11580,405184
3257,min:26578423,37,20985924207,68724326401,11580,405184
3258,min:26578424,37,40415968197,68724326401,11580,405184
3259,min:26578425,33,6405745337,68724326401,11580,405184
3260,min:26578426,35,46919282556,68724326401,11580,405184
3261,min:26578427,33,38456257501,68724326401,11580,405184
3262,min:26578428,35,62954869897,68724326401,11580,405184
3263,min:26578429,37,11890589611,68724326401,11580,405184
3264,min:26578430,36,67012034551,68724326401,11580,405184
3265,min:26578431,36,3558358575,68724326401,11580,405184
3266,min:26578432,36,2774539070,68724326401,11580,405184
3267,min:26578433,36,34249157684,68724326401,11580,405184
3268,min:26578434,35,66687304955,68724326401,11580,405184
3269,min:26578435,35,68160294976,68724326401,11580,405184
3270,min:26578436,38,66728022014,68724326401,11580,405184
3271,min:26578437,36,30720085846,68724326401,11580,405184
3272,min:26578438,33,13177829192,68724326401,11580,405184
3273,min:26578439,35,61358436534,68724326401,11580,405184
3274,min:26578440,36,12145954139,68724326401,11580,405184
3275,min:26578441,35,47333893285,68724326401,11580,405184
3276,min:26578442,34,12523798993,68724326401,11580,405184
3277,min:26578443,37,60903739409,68724326401,11580,405184
3278,min:26578444,35,68670847835,68724326401,11580,405184
3279,min:26578445,36,11899719768,68724326401,11580,405184
3280,min:26578446,34,36054957486,68724326401,11580,405184
3281,min:26578447,35,46494688706,68724326401,11580,405184
3282,min:26578448,30,61342846839,68724326401,11580,405184
3283,min:26578449,37,20349588149,68724326401,11580,405184
3284,min:26578450,36,67910967657,68724326401,11580,405184
3285,min:26578451,37,25280643360,68724326401,11580,405184
3286,min:26578452,33,12902062640,68724326401,11580,405184
3287,min:26578453,37,44534511494,68724326401,11580,405184
3288,min:26578454,39,56056614888,68724326401,11580,405184
3289,min:26578455,35,42978227109,68724326401,11580,405184
3290,min:26578456,36,63854392137,68724326401,11580,405184
3291,min:26578457,35,21422270826,68724326401,11580,405184
3292,min:26578458,33,55361594290,68724326401,11580,405184
3293,min:26578459,34,2306567637,68724326401,11580,405184
3294,min:26578460,34,12235080964,68724326401,11580,405184
3295,min:26578461,35,22930722726,68724326401,11580,405184
3296,min:26578462,37,51450023474,68724326401,11580,405184
3297,min:26578463,35,37057070143,68724326401,11580,405184
3298,min:26578464,30,48398677951,68724326401,11580,405184
3299,min:26578465,37,17964459196,68724326401,11580,405184
3300,min:26578466,32,27215108972,68724326401,11580,405184
3301,min:26578467,31,19053762518,68724326401,11580,405184
3302,min:26578468,31,2286124585,68724326401,11580,405184
3303,min:26578469,40,6790371387,68724326401,11580,405184
3304,min:26578470,36,61814110078,68724326401,11580,405184
3305,min:26578471,30,1380553846,68724326401,11580,405184
3306,min:26578472,35,53237787656,68724326401,11580,405184
3307,min:26578473,32,36337152756,68724326401,11580,405184
3308,min:26578474,32,67594967939,68724326401,11580,405184
3309,min:26578475,35,30195848222,68724326401,11580,405184
3310,min:26578476,35,48386986805,68724326401,11580,405184
3311,min:26578477,39,61464816749,68724326401,11580,405184
3312,min:26578478,37,39785776078,68724326401,11580,405184
3313,min:26578479,33,47220388256,68724326401,11580,405184
3314,min:26578480,32,41691981303,68724326401,11580,405184
3315,min:26578481,33,60336632528,68724326401,11580,405184
3316,min:26578482,31,34279391405,68724326401,11580,405184
3317,min:26578483,32,9919769416,68724326401,11580,405184
3318,min:26578484,37,64235755156,68724326401,11580,405184
3319,min:26578485,35,7117548031,68724326401,11580,405184
3320,min:26578486,34,26747768707,68724326401,11580,405184
3321,min:26578487,36,11168588396,68724326401,11580,405184
3322,min:26578488,36,68180015413,68724326401,11580,405184
3323,min:26578489,32,52880029481,68724326401,11580,405184
3324,min:26578490,38,305597176,68724326401,11580,405184
3325,min:26578491,37,52347630789,68724326401,11580,405184
3326,min:26578492,37,765378189,68724326401,11580,405184
3327,min:26578493,35,44120374685,68724326401,11580,405184
3328,min:26578494,35,50828093682,68724326401,11580,405184
3329,min:26578495,30,25156907347,68724326401,11580,405184
3330,min:26578496,36,11886622880,68724326401,11580,405184
3331,min:26578497,36,33088451929,68724326401,11580,405184
3332,min:26578498,34,64019222882,68724326401,11580,405184
3333,min:26578499,36,67389988021,68724326401,11580,405184
3334,min:26578500,30,26802895700,68724326401,11580,405184
3335,min:26578501,35,25491648456,68724326401,11580,405184
3336,min:26578502,37,63778142448,68724326401,11580,405184
3337,min:26578503,33,95926792,68724326401,11580,405184
3338,min:26578504,31,27965714592,68724326401,11580,405184
3339,min:26578505,35,59141521037,68724326401,11580,405184
3340,min:26578506,34,62407499064,68724326401,11580,405184
3341,min:26578507,40,28116006660,68724326401,11580,405184
3342,min:26578508,37,20426090827,68724326401,11580,405184
3343,min:26578509,36,19178436708,68724326401,11580,405184
3344,min:26578510,36,31272308061,68724326401,11580,405184
3345,min:26578511,33,28064894549,68724326401,11580,405184
3346,min:26578512,34,18939042007,68724326401,11580,405184
3347,min:26578513,34,43997730069,68724326401,11580,405184
3348,min:26578514,40,14669187326,68724326401,11580,405184
3349,min:26578515,36,14885609963,68724326401,11580,405184
3350,min:26578516,36,9880730036,68724326401,11580,405184
3351,min:26578517,37,15618747976,68724326401,11580,405184
3352,min:26578518,32,55346863587,68724326401,11580,405184
3353,min:26578519,37,20698550744,68724326401,11580,405184
3354,min:26578520,37,2644036016,68724326401,11580,405184
3355,min:26578521,37,40248717126,68724326401,11580,405184
3356,min:26578522,35,29525089894,68724326401,11580,405184
3357,min:26578523,38,52956558835,68724326401,11580,405184
3358,min:26578524,36,64602020756,68724326401,11580,405184
3359,min:26578525,35,59203683722,68724326401,11580,405184
3360,min:26578526,35,28586444349,68724326401,11580,405184
3361,min:26578527,37,36081442914,68724326401,11580,405184
3362,min:26578528,35,52797223485,68724326401,11580,405184
3363,min:26578529,37,46718972750,68724326401,11580,405184
3364,min:26578530,35,11799785794,68724326401,11580,405184
3365,min:26578531,36,10230715406,68724326401,11580,405184
3366,min:26578532,30,14059861886,68724326401,11580,405184
3367,min:26578533,33,47867744020,68724326401,11580,405184
3368,min:26578534,36,23991086233,68724326401,11580,405184
3369,min:26578535,36,12900262234,68724326401,11580,405184
3370,min:26578536,36,1109163462,68724326401,11580,405184
3371,min:26578537,36,11100479520,68724326401,11580,405184
3372,min:26578538,38,13184714974,68724326401,11580,405184
3373,min:26578539,35,11749332762,68724326401,11580,405184
3374,min:26578540,39,48484720441,68724326401,11580,405184
3375,min:26578541,36,60516846827,68724326401,11580,405184
3376,min:26578542,33,9633085604,68724326401,11580,405184
3377,min:26578543,36,19793362651,68724326401,11580,405184
3378,min:26578544,38,66580961925,68724326401,11580,405184
3379,min:26578545,36,66143333374,68724326401,11580,405184
3380,min:26578546,36,26806439550,68724326401,11580,405184
3381,min:26578547,35,46194948777,68724326401,11580,405184
3382,min:26578548,36,66718831582,68724326401,11580,405184
3383,min:26578549,37,14978213920,68724326401,11580,405184
3384,min:26578550,35,47274574027,68724326401,11580,405184
3385,min:26578551,37,43044973494,68724326401,11580,405184
3386,min:26578552,37,1684281618,68724326401,11580,405184
3387,min:26578553,37,29879941842,68724326401,11580,405184
3388,min:26578554,34,769989450,68724326401,11580,405184
3389,min:26578555,38,14592246060,68724326401,11580,405184
3390,min:26578556,38,57146014143,68724326401,11580,405184
3391,min:26578557,34,11825050251,68724326401,11580,405184
3392,min:26578558,40,32418020201,68724326401,11580,405184
3393,min:26578559,39,10411812003,68724326401,11580,405184
3394,min:26578560,34,47070359752,68724326401,11580,405184
3395,min:26578561,38,36822675559,68724326401,11580,405184
3396,min:26578562,33,68182617855,68724326401,11580,405184
3397,min:26578563,36,38008237626,68724326401,11580,405184
3398,min:26578564,30,9927805057,68724326401,11580,405184
3399,min:26578565,36,55556693745,68724326401,11580,405184
3400,min:26578566,38,31266046121,68724326401,11580,405184
3401,min:26578567,39,58117511043,68724326401,11580,405184
3402,min:26578568,34,17406588023,68724326401,11580,405184
3403,min:26578569,36,57777260785,68724326401,11580,405184
3404,min:26578570,35,1856402387,68724326401,11580,405184
3405,min:26578571,37,14051670334,68724326401,11580,405184
3406,min:26578572,40,56427040613,68724326401,11580,405184
3407,min:26578573,36,63399234829,68724326401,11580,405184
3408,min:26578574,34,57397924756,68724326401,11580,405184
3409,min:26578575,37,21974983415,68724326401,11580,405184
3410,min:26578576,36,8463239674,68724326401,11580,405184
3411,min:26578577,35,47115079982,68724326401,11580,405184
3412,min:26578578,36,64423156144,68724326401,11580,405184
3413,min:26578579,31,39003666675,68724326401,11580,405184
3414,min:26578580,37,34196037127,68724326401,11580,405184
3415,min:26578581,34,9917894723,68724326401,11580,405184
3416,min:26578582,38,36836662218,68724326401,11580,405184
3417,min:26578583,36,34183987305,68724326401,11580,405184
3418,min:26578584,36,60795439158,68724326401,11580,405184
3419,min:26578585,35,35792979588,68724326401,11580,405184
3420,min:26578586,32,55704327399,68724326401,11580,405184
3421,min:26578587,34,48027206406,68724326401,11580,405184
3422,min:26578588,33,62862806978,68724326401,11580,405184
3423,min:26578589,36,17864701287,68724326401,11580,405184
3424,min:26578590,37,49135867697,68724326401,11580,405184
3425,min:26578591,33,45557741591,68724326401,11580,405184
3426,min:26578592,33,19257036699,68724326401,11580,405184
3427,min:26578593,36,33144923826,68724326401,11580,405184
3428,min:26578594,36,40097916157,68724326401,11580,405184
3429,min:26578595,39,13393050497,68724326401,11580,405184
3430,min:26578596,36,61196705764,68724326401,11580,405184
3431,min:26578597,33,30623757278,68724326401,11580,405184
3432,min:26578598,34,20012272725,68724326401,11580,405184
3433,min:26578599,36,42452581678,68724326401,11580,405184
3434,min:26578600,37,34553612162,68724326401,11580,405184
3435,min:26578601,36,18761679379,68724326401,11580,405184
3436,min:26578602,35,35994502147,68724326401,11580,405184
3437,min:26578603,36,54599399619,68724326401,11580,405184
3438,min:26578604,35,59764524864,68724326401,11580,405184
3439,min:26578605,39,15058738813,68724326401,11580,405184
3440,min:26578606,34,234484165,68724326401,11580,405184
3441,min:26578607,36,25566564469,68724326401,11580,405184
3442,min:26578608,36,53527989411,68724326401,11580,405184
3443,min:26578609,34,54865538150,68724326401,11580,405184
3444,min:26578610,37,42534610131,68724326401,11580,405184
3445,min:26578611,35,51700223509,68724326401,11580,405184
3446,min:26578612,36,30090250496,68724326401,11580,405184
3447,min:26578613,37,54628767711,68724326401,11580,405184
3448,min:26578614,37,49096436304,68724326401,11580,405184
3449,min:26578615,37,32252314381,68724326401,11580,405184
3450,min:26578616,33,12655700814,68724326401,11580,405184
3451,min:26578617,35,2986101404,68724326401,11580,405184
3452,min:26578618,36,9820607854,68724326401,11580,405184
3453,min:26578619,37,40070305900,68724326401,11580,405184
3454,min:26578620,36,39959261466,68724326401,11580,405184
3455,min:26578621,35,5099421585,68724326401,11580,405184
3456,min:26578622,38,37493920113,68724326401,11580,405184
3457,min:26578623,34,26025262821,68724326401,11580,405184
3458,min:26578624,36,23009080701,68724326401,11580,405184
3459,min:26578625,35,13816851017,68724326401,11580,405184
3460,min:26578626,37,17474900052,68724326401,11580,405184
3461,min:26578627,35,41206721295,68724326401,11580,405184
3462,min:26578628,39,35189735103,68724326401,11580,405184
3463,min:26578629,37,61891851962,68724326401,11580,405184
3464,min:26578630,37,16450298505,68724326401,11580,405184
3465,min:26578631,38,38061486414,68724326401,11580,405184
3466,min:26578632,37,41114373127,68724326401,11580,405184
3467,min:26578633,36,54531939178,68724326401,11580,405184
3468,min:26578634,35,29071702537,68724326401,11580,405184
3469,min:26578635,34,58315940660,68724326401,11580,405184
3470,min:26578636,37,49801635985,68724326401,11580,405184
3471,min:26578637,37,58911794317,68724326401,11580,405184
3472,min:26578638,35,27912180090,68724326401,11580,405184
3473,min:26578639,35,54768634042,68724326401,11580,405184
3474,min:26578640,29,13832383567,68724326401,11580,405184
3475,min:26578641,40,60624793996,68724326401,11580,405184
3476,min:26578642,35,41304291390,68724326401,11580,405184
3477,min:26578643,36,27437109331,68724326401,11580,405184
3478,min:26578644,35,44586308150,68724326401,11580,405184
3479,min:26578645,37,23072678116,68724326401,11580,405184
3480,min:26578646,36,17237072951,68724326401,11580,405184
3481,min:26578647,38,14391118203,68724326401,11580,405184
3482,min:26578648,37,31596634706,68724326401,11580,405184
3483,min:26578649,37,31365966117,68724326401,11580,405184
3484,min:26578650,37,63505890956,68724326401,11580,405184
3485,min:26578651,37,43069658551,68724326401,11580,405184
3486,min:26578652,35,24920651170,68724326401,11580,405184
3487,min:26578653,32,17736264575,68724326401,11580,405184
3488,min:26578654,37,63399774086,68724326401,11580,405184
3489,min:26578655,38,9063814662,68724326401,11580,405184
3490,min:26578656,36,7761832353,68724326401,11580,405184
3491,min:26578657,35,54402476744,68724326401,11580,405184
3492,min:26578658,35,63580976270,68724326401,11580,405184
3493,min:26578659,38,7141735463,68724326401,11580,405184
3494,min:26578660,34,7864018511,68724326401,11580,405184
3495,min:26578661,32,30068110986,68724326401,11580,405184
3496,min:26578662,33,12373504589,68724326401,11580,405184
3497,min:26578663,41,62466914025,68724326401,11580,405184
3498,min:26578664,38,39776033401,68724326401,11580,405184
3499,min:26578665,36,34457071451,68724326401,11580,405184
3500,min:26578666,36,36851369930,68724326401,11580,405184
3501,min:26578667,38,3584194337,68724326401,11580,405184
3502,min:26578668,35,39691582895,68724326401,11580,405184
3503,min:26578669,33,52193388340,68724326401,11580,405184
3504,min:26578670,33,4353194582,68724326401,11580,405184
3505,min:26578671,34,22704942729,68724326401,11580,405184
3506,min:26578672,35,11232156225,68724326401,11580,405184
3507,min:26578673,35,35434152163,68724326401,11580,405184
3508,min:26578674,36,5102553846,68724326401,11580,405184
3509,min:26578675,40,28973406169,68724326401,11580,405184
3510,min:26578676,37,63197548943,68724326401,11580,405184
3511,min:26578677,36,57688399421,68724326401,11580,405184
3512,min:26578678,35,44496396345,68724326401,11580,405184
3513,min:26578679,36,1010644115,68724326401,11580,405184
3514,min:26578680,36,6395501496,68724326401,11580,405184
3515,min:26578681,36,62657772951,68724326401,11580,405184
3516,min:26578682,38,47055867424,68724326401,11580,405184
3517,min:26578683,35,29673725177,68724326401,11580,405184
3518,min:26578684,35,33464246631,68724326401,11580,405184
3519,min:26578685,33,32035051852,68724326401,11580,405184
3520,min:26578686,36,64529776748,68724326401,11580,405184
3521,min:26578687,39,37487020416,68724326401,11580,405184
3522,min:26578688,34,35645894516,68724326401,11580,405184
3523,min:26578689,33,36663862554,68724326401,11580,405184
3524,min:26578690,37,34067665566,68724326401,11580,405184
3525,min:26578691,37,67339341399,68724326401,11580,405184
3526,min:26578692,34,13886326922,68724326401,11580,405184
3527,min:26578693,38,47640811952,68724326401,11580,405184
3528,min:26578694,34,44088715116,68724326401,11580,405184
3529,min:26578695,37,5789621752,68724326401,11580,405184
3530,min:26578696,38,22306827382,68724326401,11580,405184
3531,min:26578697,35,25252523317,68724326401,11580,405184
3532,min:26578698,36,39751079448,68724326401,11580,405184
3533,min:26578699,34,13590637703,68724326401,11580,405184
3534,min:26578700,38,24391672120,68724326401,11580,405184
3535,min:26578701,35,36059427952,68724326401,11580,405184
3536,min:26578702,36,19031812795,68724326401,11580,405184
3537,min:26578703,38,2514258384,68724326401,11580,405184
3538,min:26578704,37,31264044039,68724326401,11580,405184
3539,min:26578705,36,48884540280,68724326401,11580,405184
3540,min:26578706,36,2490702893,68724326401,11580,405184
3541,min:26578707,36,14360772554,68724326401,11580,405184
3542,min:26578708,37,33474514341,68724326401,11580,405184
3543,min:26578709,37,50805115540,68724326401,11580,405184
3544,min:26578710,36,19929359793,68724326401,11580,405184
3545,min:26578711,35,40748036573,68724326401,11580,405184
3546,min:26578712,38,53654561296,68724326401,11580,405184
3547,min:26578713,36,2761424432,68724326401,11580,405184
3548,min:26578714,34,25014782496,68724326401,11580,405184
3549,min:26578715,41,8728544081,68724326401,11580,405184
3550,min:26578716,37,51411252287,68724326401,11580,405184
3551,min:26578717,35,32255399567,68724326401,11580,405184
3552,min:26578718,36,57496840703,68724326401,11580,405184
3553,min:26578719,34,13267254240,68724326401,11580,405184
3554,min:26578720,36,33889586439,68724326401,11580,405184
3555,min:26578721,38,10467747707,68724326401,11580,405184
3556,min:26578722,33,67555664688,68724326401,11580,405184
3557,min:26578723,37,44066512374,68724326401,11580,405184
3558,min:26578724,33,60284818087,68724326401,11580,405184
3559,min:26578725,39,59344887563,68724326401,11580,405184
3560,min:26578726,36,68220730062,68724326401,11580,405184
3561,min:26578727,38,5441249185,68724326401,11580,405184
3562,min:26578728,39,10313361132,68724326401,11580,405184
3563,min:26578729,38,66264030826,68724326401,11580,405184
3564,min:26578730,36,52495429554,68724326401,11580,405184
3565,min:26578731,38,43554486198,68724326401,11580,405184
3566,min:26578732,38,53327276421,68724326401,11580,405184
3567,min:26578733,39,58600015221,68724326401,11580,405184
3568,min:26578734,33,36720250002,68724326401,11580,405184
3569,min:26578735,37,64663626547,68724326401,11580,405184
3570,min:26578736,38,21482001186,68724326401,11580,405184
3571,min:26578737,38,47720101498,68724326401,11580,405184
3572,min:26578738,36,26536594855,68724326401,11580,405184
3573,min:26578739,34,43921956246,68724326401,11580,405184
3574,min:26578740,33,16181245743,68724326401,11580,405184
3575,min:26578741,38,43177629609,68724326401,11580,405184
3576,min:26578742,35,51142088111,68724326401,11580,405184
3577,min:26578743,33,30815568120,68724326401,11580,405184
3578,min:26578744,34,46712852889,68724326401,11580,405184
3579,min:26578745,34,48663522686,68724326401,11580,405184
3580,min:26578746,38,17767307874,68724326401,11580,405184
3581,min:26578747,33,27119954397,68724326401,11580,405184
3582,min:26578748,38,49589116829,68724326401,11580,405184
3583,min:26578749,36,68430081571,68724326401,11580,405184
3584,min:26578750,35,41255082258,68724326401,11580,405184
3585,min:26578751,34,39623778538,68724326401,11580,405184
3586,min:26578752,37,23555173086,68724326401,11580,405184
3587,min:26578753,36,31625591249,68724326401,11580,405184
3588,min:26578754,37,7273234243,68724326401,11580,405184
3589,min:26578755,35,54647685990,68724326401,11580,405184
3590,min:26578756,33,26214876379,68724326401,11580,405184
3591,min:26578757,33,47466675145,68724326401,11580,405184
3592,min:26578758,35,48199981944,68724326401,11580,405184
3593,min:26578759,39,46347040425,68724326401,11580,405184
3594,min:26578760,37,15218987081,68724326401,11580,405184
3595,min:26578761,36,56734369969,68724326401,11580,405184
3596,min:26578762,37,48496354685,68724326401,11580,405184
3597,min:26578763,38,58803250024,68724326401,11580,405184
3598,min:26578764,37,3258590227,68724326401,11580,405184
3599,min:26578765,34,63044553296,68724326401,11580,405184
3600,min:26578766,35,60699495282,68724326401,11580,405184
3601,min:26578767,37,41606624151,68724326401,11580,405184
3602,min:26578768,34,23381005927,68724326401,11580,405184
3603,min:26578769,35,61993067272,68724326401,11580,405184
3604,min:26578770,38,60981746041,68724326401,11580,405184
3605,min:26578771,34,19421967975,68724326401,11580,405184
3606,min:26578772,39,22839424220,68724326401,11580,405184
3607,min:26578773,37,32620263549,68724326401,11580,405184
3608,min:26578774,37,50380352671,68724326401,11580,405184
3609,min:26578775,33,1780117182,68724326401,11580,405184
3610,min:26578776,36,64082336872,68724326401,11580,405184
3611,min:26578777,36,90346037,68724326401,11580,405184
3612,min:26578778,37,24496036470,68724326401,11580,405184
3613,min:26578779,35,43001876539,68724326401,11580,405184
3614,min:26578780,36,60513809516,68724326401,11580,405184
3615,min:26578781,37,8821664729,68724326401,11580,405184
3616,min:26578782,33,44872364828,68724326401,11580,405184
3617,min:26578783,34,68359017669,68724326401,11580,405184
3618,min:26578784,34,22533417464,68724326401,11580,405184
3619,min:26578785,36,16783383051,68724326401,11580,405184
3620,min:26578786,37,66290673540,68724326401,11580,405184
3621,min:26578787,34,13394425065,68724326401,11580,405184
3622,min:26578788,36,50006202590,68724326401,11580,405184
3623,min:26578789,36,40236082672,68724326401,11580,405184
3624,min:26578790,37,33807585658,68724326401,11580,405184
3625,min:26578791,33,36804430413,68724326401,11580,405184
3626,min:26578792,36,47472934761,68724326401,11580,405184
3627,min:26578793,34,39063313032,68724326401,11580,405184
3628,min:26578794,34,34687242556,68724326401,11580,405184
3629,min:26578795,33,64090269104,68724326401,11580,405184
3630,min:26578796,38,40121126642,68724326401,11580,405184
3631,min:26578797,35,48327791307,68724326401,11580,405184
3632,min:26578798,36,4460237458,68724326401,11580,405184
3633,min:26578799,38,53592073278,68724326401,11580,405184
3634,min:26578800,33,20544158870,68724326401,11580,405184
3635,min:26578801,35,24080222337,68724326401,11580,405184
3636,min:26578802,37,45263609605,68724326401,11580,405184
3637,min:26578803,36,394206923,68724326401,11580,405184
3638,min:26578804,35,4622048580,68724326401,11580,405184
3639,min:26578805,30,63354738114,68724326401,11580,405184
3640,min:26578806,35,35495160765,68724326401,11580,405184
3641,min:26578807,39,63051874027,68724326401,11580,405184
3642,min:26578808,32,45191948768,68724326401,11580,405184
3643,min:26578809,34,67966586529,68724326401,11580,405184
3644,min:26578810,35,45014595951,68724326401,11580,405184
3645,min:26578811,33,39471171308,68724326401,11580,405184
3646,min:26578812,36,49181473971,68724326401,11580,405184
3647,min:26578813,39,52055439236,68724326401,11580,405184
3648,min:26578814,31,7862478790,68724326401,11580,405184
3649,min:26578815,39,63170924413,68724326401,11580,405184
3650,min:26578816,34,28715594632,68724326401,11580,405184
3651,min:26578817,40,65287021714,68724326401,11580,405184
3652,min:26578818,37,19982981229,68724326401,11580,405184
3653,min:26578819,34,46101922858,68724326401,11580,405184
3654,min:26578820,35,68415253116,68724326401,11580,405184
3655,min:26578821,34,46638500932,68724326401,11580,405184
3656,min:26578822,36,66792935287,68724326401,11580,405184
3657,min:26578823,33,13785274054,68724326401,11580,405184
3658,min:26578824,36,29023169616,68724326401,11580,405184
3659,min:26578825,34,4793902715,68724326401,11580,405184
3660,min:26578826,34,832442558,68724326401,11580,405184
3661,min:26578827,36,43408223680,68724326401,11580,405184
3662,min:26578828,33,18408342502,68724326401,11580,405184
3663,min:26578829,36,27661975550,68724326401,11580,405184
3664,min:26578830,37,38632549123,68724326401,11580,405184
3665,min:26578831,35,32943113975,68724326401,11580,405184
3666,min:26578832,34,38204033938,68724326401,11580,405184
3667,min:26578833,34,27887149461,68724326401,11580,405184
3668,min:26578834,34,17889454265,68724326401,11580,405184
3669,min:26578835,29,63502350458,68724326401,11580,405184
3670,min:26578836,38,30784469568,68724326401,11580,405184
3671,min:26578837,37,21064880054,68724326401,11580,405184
3672,min:26578838,36,10656894840,68724326401,11580,405184
3673,min:26578839,37,32550049923,68724326401,11580,405184
3674,min:26578840,35,52537641128,68724326401,11580,405184
3675,min:26578841,40,65048664042,68724326401,11580,405184
3676,min:26578842,35,62200651881,68724326401,11580,405184
3677,min:26578843,35,52430475188,68724326401,11580,405184
3678,min:26578844,36,514331039,68724326401,11580,405184
3679,min:26578845,33,2018606556,68724326401,11580,405184
3680,min:26578846,36,31707671190,68724326401,11580,405184
3681,min:26578847,37,23077692646,68724326401,11580,405184
3682,min:26578848,39,10985688204,68724326401,11580,405184
3683,min:26578849,34,56563045715,68724326401,11580,405184
3684,min:26578850,37,66144856141,68724326401,11580,405184
3685,min:26578851,36,35881977893,68724326401,11580,405184
3686,min:26578852,34,41210280242,68724326401,11580,405184
3687,min:26578853,32,67047186753,68724326401,11580,405184
3688,min:26578854,35,36242045190,68724326401,11580,405184
3689,min:26578855,35,45629665886,68724326401,11580,405184
3690,min:26578856,35,17554431931,68724326401,11580,405184
3691,min:26578857,34,41448985951,68724326401,11580,405184
3692,min:26578858,31,23687952519,68724326401,11580,405184
3693,min:26578859,35,23572154220,68724326401,11580,405184
3694,min:26578860,35,13139356453,68724326401,11580,405184
3695,min:26578861,31,21596527467,68724326401,11580,405184
3696,min:26578862,33,11765767781,68724326401,11580,405184
3697,min:26578863,35,39877185186,68724326401,11580,405184
3698,min:26578864,34,2125200262,68724326401,11580,405184
3699,min:26578865,36,23707551403,68724326401,11580,405184
3700,min:26578866,35,26852113156,68724326401,11580,405184
3701,min:26578867,38,10523639694,68724326401,11580,405184
3702,min:26578868,35,24120115813,68724326401,11580,405184
3703,min:26578869,34,49293237922,68724326401,11580,405184
3704,min:26578870,37,21449012607,68724326401,11580,405184
3705,min:26578871,37,57245249776,68724326401,11580,405184
3706,min:26578872,38,62768019051,68724326401,11580,405184
3707,min:26578873,36,33947765134,68724326401,11580,405184
3708,min:26578874,33,21508592634,68724326401,11580,405184
3709,min:26578875,38,62743618392,68724326401,11580,405184
3710,min:26578876,39,40803661856,68724326401,11580,405184
3711,min:26578877,37,55598121675,68724326401,11580,405184
3712,min:26578878,37,30267042555,68724326401,11580,405184
3713,min:26578879,37,38897361216,68724326401,11580,405184
3714,min:26578880,32,60591614136,68724326401,11580,405184
3715,min:26578881,35,41371465085,68724326401,11580,405184
3716,min:26578882,36,3915718337,68724326401,11580,405184
3717,min:26578883,33,60108045335,68724326401,11580,405184
3718,min:26578884,38,14963286942,68724326401,11580,405184
3719,min:26578885,38,4564997590,68724326401,11580,405184
3720,min:26578886,37,64123609397,68724326401,11580,405184
3721,min:26578887,36,27866112061,68724326401,11580,405184
3722,min:26578888,36,8117118314,68724326401,11580,405184
3723,min:26578889,33,4712806197,68724326401,11580,405184
3724,min:26578890,32,30679039048,68724326401,11580,405184
3725,min:26578891,36,49095248901,68724326401,11580,405184
3726,min:26578892,35,25885533853,68724326401,11580,405184
3727,min:26578893,32,6737985068,68724326401,11580,405184
3728,min:26578894,33,59008254712,68724326401,11580,405184
3729,min:26578895,31,52274585963,68724326401,11580,405184
3730,min:26578896,34,53460933986,68724326401,11580,405184
3731,min:26578897,35,38013822808,68724326401,11580,405184
3732,min:26578898,33,26061451560,68724326401,11580,405184
3733,min:26578899,34,52662323664,68724326401,11580,405184
3734,min:26578900,37,19190322931,68724326401,11580,405184
3735,min:26578901,35,30997239799,68724326401,11580,405184
3736,min:26578902,36,40261243202,68724326401,11580,405184
3737,min:26578903,36,61121308548,68724326401,11580,405184
3738,min:26578904,34,37752210803,68724326401,11580,405184
3739,min:26578905,38,66781862755,68724326401,11580,405184
3740,min:26578906,33,50290906928,68724326401,11580,405184
3741,min:26578907,35,56011948220,68724326401,11580,405184
3742,min:26578908,35,67012616639,68724326401,11580,405184
3743,min:26578909,37,53769188651,68724326401,11580,405184
3744,min:26578910,36,41207411725,68724326401,11580,405184
3745,min:26578911,36,53833904517,68724326401,11580,405184
3746,min:26578912,35,24744153073,68724326401,11580,405184
3747,min:26578913,36,52636646985,68724326401,11580,405184
3748,min:26578914,34,424080492,68724326401,11580,405184
3749,min:26578915,34,64544539192,68724326401,11580,405184
3750,min:26578916,35,23983067089,68724326401,11580,405184
3751,min:26578917,35,33752624057,68724326401,11580,405184
3752,min:26578918,32,62938580238,68724326401,11580,405184
3753,min:26578919,32,34763961766,68724326401,11580,405184
3754,min:26578920,33,46526352114,68724326401,11580,405184
3755,min:26578921,31,25503026455,68724326401,11580,405184
3756,min:26578922,33,63392056957,68724326401,11580,405184
3757,min:26578923,36,58626777367,68724326401,11580,405184
3758,min:26578924,36,16815454413,68724326401,11580,405184
3759,min:26578925,33,68474201880,68724326401,11580,405184
3760,min:26578926,37,56239013084,68724326401,11580,405184
3761,min:26578927,31,36763044652,68724326401,11580,405184
3762,min:26578928,25,33752145368,68724326401,11580,405184
3763,min:26578929,32,14035504982,68724326401,11580,405184
3764,min:26578930,36,6889552888,68724326401,11580,405184
3765,min:26578931,34,30441014785,68724326401,11580,405184
3766,min:26578932,34,28208003602,68724326401,11580,405184
3767,min:26578933,31,13161393136,68724326401,11580,405184
3768,min:26578934,35,38494224257,68724326401,11580,405184
3769,min:26578935,37,16954193010,68724326401,11580,405184
3770,min:26578936,37,63171098813,68724326401,11580,405184
3771,min:26578937,39,10866935417,68724326401,11580,405184
3772,min:26578938,39,23727893388,68724326401,11580,405184
3773,min:26578939,39,28559300876,68724326401,11580,405184
3774,min:26578940,37,53224256218,68724326401,11580,405184
3775,min:26578941,32,19519042823,68724326401,11580,405184
3776,min:26578942,33,23310381943,68724326401,11580,405184
3777,min:26578943,34,14719695971,68724326401,11580,405184
3778,min:26578944,30,30302538063,68724326401,11580,405184
3779,min:26578945,34,51431490991,68724326401,11580,405184
3780,min:26578946,32,68628387689,68724326401,11580,405184
3781,min:26578947,35,51501596645,68724326401,11580,405184
3782,min:26578948,33,30196666030,68724326401,11580,405184
3783,min:26578949,36,65428797006,68724326401,11580,405184
3784,min:26578950,36,50626721293,68724326401,11580,405184
3785,min:26578951,37,50617547442,68724326401,11580,405184
3786,min:26578952,36,11184679543,68724326401,11580,405184
3787,min:26578953,34,36396878597,68724326401,11580,405184
3788,min:26578954,39,53040898225,68724326401,11580,405184
3789,min:26578955,32,19573636215,68724326401,11580,405184
3790,min:26578956,35,44876165750,68724326401,11580,405184
3791,min:26578957,36,52473312684,68724326401,11580,405184
3792,min:26578958,37,35659202243,68724326401,11580,405184
3793,min:26578959,34,21393815254,68724326401,11580,405184
3794,min:26578960,34,14488199847,68724326401,11580,405184
3795,min:26578961,32,21508353398,68724326401,11580,405184
3796,min:26578962,36,47501209613,68724326401,11580,405184
3797,min:26578963,35,896528627,68724326401,11580,405184
3798,min:26578964,32,398033749,68724326401,11580,405184
3799,min:26578965,35,58810755107,68724326401,11580,405184
3800,min:26578966,34,8744683318,68724326401,11580,405184
3801,min:26578967,35,12946109637,68724326401,11580,405184
3802,min:26578968,34,29392929898,68724326401,11580,405184
3803,min:26578969,33,21478662433,68724326401,11580,405184
3804,min:26578970,34,25509115722,68724326401,11580,405184
3805,min:26578971,35,43738962498,68724326401,11580,405184
3806,min:26578972,38,11628031755,68724326401,11580,405184
3807,min:26578973,34,47951292925,68724326401,11580,405184
3808,min:26578974,33,47154807639,68724326401,11580,405184
3809,min:26578975,34,60862092590,68724326401,11580,405184
3810,min:26578976,36,54192044731,68724326401,11580,405184
3811,min:26578977,34,36895971699,68724326401,11580,405184
3812,min:26578978,36,23359293578,68724326401,11580,405184
3813,min:26578979,39,1483594411,68724326401,11580,405184
3814,min:26578980,33,15640941025,68724326401,11580,405184
3815,min:26578981,33,45262974065,68724326401,11580,405184
3816,min:26578982,36,19101270342,68724326401,11580,405184
3817,min:26578983,38,48573213411,68724326401,11580,405184
3818,min:26578984,37,63907158531,68724326401,11580,405184
3819,min:26578985,36,270803560,68724326401,11580,405184
3820,min:26578986,35,8961867326,68724326401,11580,405184
3821,min:26578987,38,10176293698,68724326401,11580,405184
3822,min:26578988,30,36587419817,68724326401,11580,405184
3823,min:26578989,31,58166609646,68724326401,11580,405184
3824,min:26578990,33,55036924978,68724326401,11580,405184
3825,min:26578991,33,6319277947,68724326401,11580,405184
3826,min:26578992,33,87333291,68724326401,11580,405184
3827,min:26578993,36,53536593506,68724326401,11580,405184
3828,min:26578994,37,3430372300,68724326401,11580,405184
3829,min:26578995,35,57035918442,68724326401,11580,405184
3830,min:26578996,35,54407875775,68724326401,11580,405184
3831,min:26578997,35,59549108463,68724326401,11580,405184
3832,min:26578998,37,38883734003,68724326401,11580,405184
3833,min:26578999,35,48961355874,68724326401,11580,405184
3834,min:26579000,37,3316519152,68724326401,11580,405184
3835,min:26579001,36,26324277506,68724326401,11580,405184
3836,min:26579002,35,66985719349,68724326401,11580,405184
3837,min:26579003,33,52607591529,68724326401,11580,405184
3838,min:26579004,35,31691949827,68724326401,11580,405184
3839,min:26579005,33,27118197710,68724326401,11580,405184
3840,min:26579006,37,43007247381,68724326401,11580,405184
3841,min:26579007,38,58401941364,68724326401,11580,405184
3842,min:26579008,37,68206063404,68724326401,11580,405184
3843,min:26579009,38,58268899947,68724326401,11580,405184
3844,min:26579010,36,9654029230,68724326401,11580,405184
3845,min:26579011,38,40162951773,68724326401,11580,405184
3846,min:26579012,35,67160795658,68724326401,11580,405184
3847,min:26579013,34,46703448598,68724326401,11580,405184
3848,min:26579014,37,11832236282,68724326401,11580,405184
3849,min:26579015,35,16788549752,68724326401,11580,405184
3850,min:26579016,41,614392877,68724326401,11580,405184
3851,min:26579017,32,26223081582,68724326401,11580,405184
3852,min:26579018,34,42176935001,68724326401,11580,405184
3853,min:26579019,35,46399143409,68724326401,11580,405184
3854,min:26579020,32,54766087788,68724326401,11580,405184
3855,min:26579021,37,48269643647,68724326401,11580,405184
3856,min:26579022,32,68180535297,68724326401,11580,405184
3857,min:26579023,32,18798425427,68724326401,11580,405184
3858,min:26579024,33,49167697316,68724326401,11580,405184
3859,min:26579025,37,59275948707,68724326401,11580,405184
3860,min:26579026,35,54320784342,68724326401,11580,405184
3861,min:26579027,36,42926093744,68724326401,11580,405184
3862,min:26579028,34,42638295364,68724326401,11580,405184
3863,min:26579029,32,57156584454,68724326401,11580,405184
3864,min:26579030,33,9587081560,68724326401,11580,405184
3865,min:26579031,36,16341643805,68724326401,11580,405184
3866,min:26579032,37,24359010906,68724326401,11580,405184
3867,min:26579033,34,13410756263,68724326401,11580,405184
3868,min:26579034,38,58581733268,68724326401,11580,405184
3869,min:26579035,37,24372819088,68724326401,11580,405184
3870,min:26579036,33,53441105240,68724326401,11580,405184
3871,min:26579037,32,33804231828,68724326401,11580,405184
3872,min:26579038,33,55809746250,68724326401,11580,405184
3873,min:26579039,36,11036012667,68724326401,11580,405184
3874,min:26579040,37,1319992819,68724326401,11580,405184
3875,min:26579041,37,56272802301,68724326401,11580,405184
3876,min:26579042,37,33986253157,68724326401,11580,405184
3877,min:26579043,38,55008293434,68724326401,11580,405184
3878,min:26579044,37,5684526886,68724326401,11580,405184
3879,min:26579045,35,44356964901,68724326401,11580,405184
3880,min:26579046,32,7597988377,68724326401,11580,405184
3881,min:26579047,38,46326663840,68724326401,11580,405184
3882,min:26579048,37,29719131391,68724326401,11580,405184
3883,min:26579049,34,51195473606,68724326401,11580,405184
3884,min:26579050,34,52842750283,68724326401,11580,405184
3885,min:26579051,34,51923194932,68724326401,11580,405184
3886,min:26579052,34,45428529887,68724326401,11580,405184
3887,min:26579053,33,9249879485,68724326401,11580,405184
3888,min:26579054,32,56425388899,68724326401,11580,405184
3889,min:26579055,34,4669977742,68724326401,11580,405184
3890,min:26579056,32,47231469097,68724326401,11580,405184
3891,min:26579057,30,50968123952,68724326401,11580,405184
3892,min:26579058,38,57812477741,68724326401,11580,405184
3893,min:26579059,39,63375029478,68724326401,11580,405184
3894,min:26579060,31,36215325954,68724326401,11580,405184
3895,min:26579061,32,62337171416,68724326401,11580,405184
3896,min:26579062,33,27080371144,68724326401,11580,405184
3897,min:26579063,37,25561755856,68724326401,11580,405184
3898,min:26579064,31,22161540532,68724326401,11580,405184
3899,min:26579065,33,47420211740,68724326401,11580,405184
3900,min:26579066,37,6065358639,68724326401,11580,405184
3901,min:26579067,32,22061509020,68724326401,11580,405184
3902,min:26579068,30,56703259967,68724326401,11580,405184
3903,min:26579069,32,15023195508,68724326401,11580,405184
3904,min:26579070,35,10312174194,68724326401,11580,405184
3905,min:26579071,36,29555533081,68724326401,11580,405184
3906,min:26579072,37,31130856373,68724326401,11580,405184
3907,min:26579073,36,19386301331,68724326401,11580,405184
3908,min:26579074,35,43825688602,68724326401,11580,405184
3909,min:26579075,36,57497570822,68724326401,11580,405184
3910,min:26579076,34,31236927666,68724326401,11580,405184
3911,min:26579077,36,19143581040,68724326401,11580,405184
3912,min:26579078,32,42338571041,68724326401,11580,405184
3913,min:26579079,36,12915232885,68724326401,11580,405184
3914,min:26579080,37,32430231192,68724326401,11580,405184
3915,min:26579081,36,48742485674,68724326401,11580,405184
3916,min:26579082,38,34883266133,68724326401,11580,405184
3917,min:26579083,36,23692619315,68724326401,11580,405184
3918,min:26579084,38,13158916209,68724326401,11580,405184
3919,min:26579085,34,26011817360,68724326401,11580,405184
3920,min:26579086,34,44266535245,68724326401,11580,405184
3921,min:26579087,38,68275429295,68724326401,11580,405184
3922,min:26579088,39,54368751048,68724326401,11580,405184
3923,min:26579089,37,16782970921,68724326401,11580,405184
3924,min:26579090,36,32693430480,68724326401,11580,405184
3925,min:26579091,36,35881243007,68724326401,11580,405184
3926,min:26579092,36,35292563073,68724326401,11580,405184
3927,min:26579093,36,57234248511,68724326401,11580,405184
3928,min:26579094,36,2345572728,68724326401,11580,405184
3929,min:26579095,32,31222007734,68724326401,11580,405184
3930,min:26579096,36,2066992933,68724326401,11580,405184
3931,min:26579097,37,58495787046,68724326401,11580,405184
3932,min:26579098,34,9845718524,68724326401,11580,405184
3933,min:26579099,37,1027435962,68724326401,11580,405184
3934,min:26579100,37,14929260334,68724326401,11580,405184
3935,min:26579101,34,55062107239,68724326401,11580,405184
3936,min:26579102,35,4836725868,68724326401,11580,405184
3937,min:26579103,34,61029388304,68724326401,11580,405184
3938,min:26579104,37,41107227640,68724326401,11580,405184
3939,min:26579105,36,38169035624,68724326401,11580,405184
3940,min:26579106,38,18080544149,68724326401,11580,405184
3941,min:26579107,33,52723695297,68724326401,11580,405184
3942,min:26579108,39,17252547495,68724326401,11580,405184
3943,min:26579109,37,66546396231,68724326401,11580,405184
3944,min:26579110,32,65244238171,68724326401,11580,405184
3945,min:26579111,35,40185669764,68724326401,11580,405184
3946,min:26579112,38,50987562849,68724326401,11580,405184
3947,min:26579113,33,49288717805,68724326401,11580,405184
3948,min:26579114,35,56474028496,68724326401,11580,405184
3949,min:26579115,38,48715770104,68724326401,11580,405184
3950,min:26579116,34,20523893766,68724326401,11580,405184
3951,min:26579117,33,35797682317,68724326401,11580,405184
3952,min:26579118,37,46941046433,68724326401,11580,405184
3953,min:26579119,36,19683638042,68724326401,11580,405184
3954,min:26579120,36,5105307363,68724326401,11580,405184
3955,min:26579121,39,59556285105,68724326401,11580,405184
3956,min:26579122,37,2711277775,68724326401,11580,405184
3957,min:26579123,37,14319794006,68724326401,11580,405184
3958,min:26579124,37,13380073944,68724326401,11580,405184
3959,min:26579125,38,44604094203,68724326401,11580,405184
3960,min:26579126,34,60246172410,68724326401,11580,405184
3961,min:26579127,35,33138037952,68724326401,11580,405184
3962,min:26579128,34,46765763484,68724326401,11580,405184
3963,min:26579129,31,54573689207,68724326401,11580,405184
3964,min:26579130,35,20852150483,68724326401,11580,405184
3965,min:26579131,38,59227849368,68724326401,11580,405184
3966,min:26579132,36,26199640778,68724326401,11580,405184
3967,min:26579133,35,41757172767,68724326401,11580,405184
3968,min:26579134,33,39959813848,68724326401,11580,405184
3969,min:26579135,38,8745238908,68724326401,11580,405184
3970,min:26579136,38,49925344314,68724326401,11580,405184
3971,min:26579137,33,53801161154,68724326401,11580,405184
3972,min:26579138,36,47522695733,68724326401,11580,405184
3973,min:26579139,35,43024950029,68724326401,11580,405184
3974,min:26579140,39,30301393977,68724326401,11580,405184
3975,min:26579141,35,46657887023,68724326401,11580,405184
3976,min:26579142,36,40096106710,68724326401,11580,405184
3977,min:26579143,35,3027574319,68724326401,11580,405184
3978,min:26579144,35,26210361375,68724326401,11580,405184
3979,min:26579145,34,1495642032,68724326401,11580,405184
3980,min:26579146,32,37668046370,68724326401,11580,405184
3981,min:26579147,35,15035291419,68724326401,11580,405184
3982,min:26579148,37,23020389909,68724326401,11580,405184
3983,min:26579149,35,50904690793,68724326401,11580,405184
3984,min:26579150,37,62994320955,68724326401,11580,405184
3985,min:26579151,36,4270028902,68724326401,11580,405184
3986,min:26579152,38,56826384554,68724326401,11580,405184
3987,min:26579153,37,28545388504,68724326401,11580,405184
3988,min:26579154,38,61581123131,68724326401,11580,405184
3989,min:26579155,39,66349080428,68724326401,11580,405184
3990,min:26579156,36,44942768804,68724326401,11580,405184
3991,min:26579157,35,54732857924,68724326401,11580,405184
3992,min:26579158,34,64220890211,68724326401,11580,405184
3993,min:26579159,33,42327959898,68724326401,11580,405184
3994,min:26579160,31,61176111406,68724326401,11580,405184
3995,min:26579161,35,47634024254,68724326401,11580,405184
3996,min:26579162,30,17749887653,68724326401,11580,405184
3997,min:26579163,34,13766534329,68724326401,11580,405184
3998,min:26579164,35,33057383623,68724326401,11580,405184
3999,min:26579165,36,35650254959,68724326401,11580,405184
4000,min:26579166,31,66352829452,68724326401,11580,405184
4001,min:26579167,38,59739834662,68724326401,11580,405184
4002,min:26579168,34,48068693704,68724326401,11580,405184
4003,min:26579169,35,11611534210,68724326401,11580,405184
4004,min:26579170,32,24924115825,68724326401,11580,405184
4005,min:26579171,35,1694649799,68724326401,11580,405184
4006,min:26579172,37,3500731669,68724326401,11580,405184
4007,min:26579173,33,52661373406,68724326401,11580,405184
4008,min:26579174,34,39292443220,68724326401,11580,405184
4009,min:26579175,35,67119532735,68724326401,11580,405184
4010,min:26579176,36,32335296470,68724326401,11580,405184
4011,min:26579177,33,36429499195,68724326401,11580,405184
4012,min:26579178,33,23730585852,68724326401,11580,405184
4013,min:26579179,37,19251041797,68724326401,11580,405184
4014,min:26579180,35,1338996621,68724326401,11580,405184
4015,min:26579181,32,44771109956,68724326401,11580,405184
4016,min:26579182,33,62013611278,68724326401,11580,405184
4017,min:26579183,36,61703754547,68724326401,11580,405184
4018,min:26579184,36,27986296565,68724326401,11580,405184
4019,min:26579185,37,38094900459,68724326401,11580,405184
4020,min:26579186,37,32647854822,68724326401,11580,405184
4021,min:26579187,37,63956661713,68724326401,11580,405184
4022,min:26579188,36,980771786,68724326401,11580,405184
4023,min:26579189,36,55904258995,68724326401,11580,405184
4024,min:26579190,32,14771002854,68724326401,11580,405184
4025,min:26579191,37,27258641569,68724326401,11580,405184
4026,min:26579192,36,7475204925,68724326401,11580,405184
4027,min:26579193,36,35356685644,68724326401,11580,405184
4028,min:26579194,33,7030943577,68724326401,11580,405184
4029,min:26579195,36,6935831808,68724326401,11580,405184
4030,min:26579196,35,18412892437,68724326401,11580,405184
4031,min:26579197,29,44637167541,68724326401,11580,405184
4032,min:26579198,36,30835480671,68724326401,11580,405184
4033,min:26579199,38,48634994716,68724326401,11580,405184
4034,min:26579200,37,63329032398,68724326401,11580,405184
4035,min:26579201,38,32776827940,68724326401,11580,405184
4036,min:26579202,36,55204097026,68724326401,11580,405184
4037,min:26579203,34,26937677877,68724326401,11580,405184
4038,min:26579204,35,1270570884,68724326401,11580,405184
4039,min:26579205,34,31812624571,68724326401,11580,405184
4040,min:26579206,38,52011417264,68724326401,11580,405184
4041,min:26579207,37,39362749741,68724326401,11580,405184
4042,min:26579208,37,1278815278,68724326401,11580,405184
4043,min:26579209,39,24313455770,68724326401,11580,405184
4044,min:26579210,34,25582518210,68724326401,11580,405184
4045,min:26579211,37,43807793549,68724326401,11580,405184
4046,min:26579212,34,15494154418,68724326401,11580,405184
4047,min:26579213,36,33842304078,68724326401,11580,405184
4048,min:26579214,37,58294659569,68724326401,11580,405184
4049,min:26579215,39,58974444850,68724326401,11580,405184
4050,min:26579216,37,25651959239,68724326401,11580,405184
4051,min:26579217,35,10946353414,68724326401,11580,405184
4052,min:26579218,37,32800643943,68724326401,11580,405184
4053,min:26579219,36,30213396585,68724326401,11580,405184
4054,min:26579220,33,26084197965,68724326401,11580,405184
4055,min:26579221,32,22501152948,68724326401,11580,405184
4056,min:26579222,36,53255278834,68724326401,11580,405184
4057,min:26579223,36,57311552060,68724326401,11580,405184
4058,min:26579224,38,65085698166,68724326401,11580,405184
4059,min:26579225,35,7153033582,68724326401,11580,405184
4060,min:26579226,35,31756903231,68724326401,11580,405184
4061,min:26579227,37,27941233420,68724326401,11580,405184
4062,min:26579228,38,48721521462,68724326401,11580,405184
4063,min:26579229,36,41212059809,68724326401,11580,405184
4064,min:26579230,37,54743080700,68724326401,11580,405184
4065,min:26579231,38,760818009,68724326401,11580,405184
4066,min:26579232,33,29629560363,68724326401,11580,405184
4067,min:26579233,32,4803225959,68724326401,11580,405184
4068,min:26579234,38,41300788714,68724326401,11580,405184
4069,min:26579235,36,45273739272,68724326401,11580,405184
4070,min:26579236,33,19775855495,68724326401,11580,405184
4071,min:26579237,34,36160652615,68724326401,11580,405184
4072,min:26579238,37,19822329978,68724326401,11580,405184
4073,min:26579239,37,31744568509,68724326401,11580,405184
4074,min:26579240,37,23790097338,68724326401,11580,405184
4075,min:26579241,36,67368474077,68724326401,11580,405184
4076,min:26579242,39,19175479264,68724326401,11580,405184
4077,min:26579243,39,52029111805,68724326401,11580,405184
4078,min:26579244,38,8447856560,68724326401,11580,405184
4079,min:26579245,37,17912859126,68724326401,11580,405184
4080,min:26579246,33,9514680809,68724326401,11580,405184
4081,min:26579247,37,32207053389,68724326401,11580,405184
4082,min:26579248,34,26027876096,68724326401,11580,405184
4083,min:26579249,39,53072492208,68724326401,11580,405184
4084,min:26579250,36,45288816010,68724326401,11580,405184
4085,min:26579251,33,59961716849,68724326401,11580,405184
4086,min:26579252,37,12951759641,68724326401,11580,405184
4087,min:26579253,35,10930162622,68724326401,11580,405184
4088,min:26579254,35,18993204079,68724326401,11580,405184
4089,min:26579255,35,26417534565,68724326401,11580,405184
4090,min:26579256,32,23809734137,68724326401,11580,405184
4091,min:26579257,36,63688616703,68724326401,11580,405184
4092,min:26579258,36,21782021106,68724326401,11580,405184
4093,min:26579259,34,19673561589,68724326401,11580,405184
4094,min:26579260,36,68160820126,68724326401,11580,405184
4095,min:26579261,36,49401072848,68724326401,11580,405184
4096,min:26579262,33,25927897390,68724326401,11580,405184
4097,min:26579263,32,46196592175,68724326401,11580,405184
4098,min:26579264,37,55077715296,68724326401,11580,405184
4099,min:26579265,31,53240291634,68724326401,11580,405184
4100,min:26579266,37,48927092191,68724326401,11580,405184
4101,min:26579267,34,62601814742,68724326401,11580,405184
4102,min:26579268,33,13882461915,68724326401,11580,405184
4103,min:26579269,35,36370041018,68724326401,11580,405184
4104,min:26579270,37,46684870932,68724326401,11580,405184
4105,min:26579271,37,40121670108,68724326401,11580,405184
4106,min:26579272,35,25013469955,68724326401,11580,405184
4107,min:26579273,36,63119918371,68724326401,11580,405184
4108,min:26579274,37,43808449148,68724326401,11580,405184
4109,min:26579275,35,13565228348,68724326401,11580,405184
4110,min:26579276,32,20898984202,68724326401,11580,405184
4111,min:26579277,37,26235793160,68724326401,11580,405184
4112,min:26579278,35,5415999586,68724326401,11580,405184
4113,min:26579279,38,9155251596,68724326401,11580,405184
4114,min:26579280,34,48317719919,68724326401,11580,405184
4115,min:26579281,37,48121958865,68724326401,11580,405184
4116,min:26579282,36,2327002480,68724326401,11580,405184
4117,min:26579283,33,40343570669,68724326401,11580,405184
4118,min:26579284,35,29071158967,68724326401,11580,405184
4119,min:26579285,35,18264104666,68724326401,11580,405184
4120,min:26579286,34,11901168439,68724326401,11580,405184
4121,min:26579287,35,39496472175,68724326401,11580,405184
4122,min:26579288,36,50119790497,68724326401,11580,405184
4123,min:26579289,37,37755366107,68724326401,11580,405184
4124,min:26579290,33,15277383354,68724326401,11580,405184
4125,min:26579291,38,68014061955,68724326401,11580,405184
4126,min:26579292,36,10879434457,68724326401,11580,405184
4127,min:26579293,35,35753377743,68724326401,11580,405184
4128,min:26579294,35,17576416670,68724326401,11580,405184
4129,min:26579295,34,58602600773,68724326401,11580,405184
4130,min:26579296,37,8781752213,68724326401,11580,405184
4131,min:26579297,38,49137262766,68724326401,11580,405184
4132,min:26579298,33,7903619126,68724326401,11580,405184
4133,min:26579299,37,43761882793,68724326401,11580,405184
4134,min:26579300,37,59970616121,68724326401,11580,405184
4135,min:26579301,36,30195830341,68724326401,11580,405184
4136,min:26579302,35,28027202462,68724326401,11580,405184
4137,min:26579303,41,11490375134,68724326401,11580,405184
4138,min:26579304,40,43550058693,68724326401,11580,405184
4139,min:26579305,38,892602858,68724326401,11580,405184
4140,min:26579306,38,21724933240,68724326401,11580,405184
4141,min:26579307,37,49178119052,68724326401,11580,405184
4142,min:26579308,38,46792896050,68724326401,11580,405184
4143,min:26579309,38,48811616323,68724326401,11580,405184
4144,min:26579310,36,23057587482,68724326401,11580,405184
4145,min:26579311,36,40272890858,68724326401,11580,405184
4146,min:26579312,34,38496967311,68724326401,11580,405184
4147,min:26579313,37,53044311905,68724326401,11580,405184
4148,min:26579314,38,40616808039,68724326401,11580,405184
4149,min:26579315,35,26824609356,68724326401,11580,405184
4150,min:26579316,34,27084703711,68724326401,11580,405184
4151,min:26579317,36,41255855731,68724326401,11580,405184
4152,min:26579318,35,52991033721,68724326401,11580,405184
4153,min:26579319,32,48303864819,68724326401,11580,405184
4154,min:26579320,36,62907617109,68724326401,11580,405184
4155,min:26579321,36,49677483717,68724326401,11580,405184
4156,min:26579322,36,13765591013,68724326401,11580,405184
4157,min:26579323,36,61806292054,68724326401,11580,405184
4158,min:26579324,34,26627493108,68724326401,11580,405184
4159,min:26579325,34,44096285016,68724326401,11580,405184
4160,min:26579326,33,37544481624,68724326401,11580,405184
4161,min:26579327,38,12600164670,68724326401,11580,405184
4162,min:26579328,36,11027783880,68724326401,11580,405184
4163,min:26579329,35,41353856600,68724326401,11580,405184
4164,min:26579330,34,54361617412,68724326401,11580,405184
4165,min:26579331,34,17372202980,68724326401,11580,405184
4166,min:26579332,33,51885916759,68724326401,11580,405184
4167,min:26579333,31,48253346579,68724326401,11580,405184
4168,min:26579334,36,26068048398,68724326401,11580,405184
4169,min:26579335,34,23150681442,68724326401,11580,405184
4170,min:26579336,34,44057814755,68724326401,11580,405184
4171,min:26579337,34,41228205111,68724326401,11580,405184
4172,min:26579338,31,63649507920,68724326401,11580,405184
4173,min:26579339,35,39007746376,68724326401,11580,405184
4174,min:26579340,37,35987025083,68724326401,11580,405184
4175,min:26579341,35,64226279042,68724326401,11580,405184
4176,min:26579342,38,50059579209,68724326401,11580,405184
4177,min:26579343,35,66711846354,68724326401,11580,405184
4178,min:26579344,33,52696610334,68724326401,11580,405184
4179,min:26579345,36,28252135834,68724326401,11580,405184
4180,min:26579346,36,35707140769,68724326401,11580,405184
4181,min:26579347,36,10856523675,68724326401,11580,405184
4182,min:26579348,38,64503199845,68724326401,11580,405184
4183,min:26579349,35,52046997706,68724326401,11580,405184
4184,min:26579350,37,5073601724,68724326401,11580,405184
4185,min:26579351,37,67063192236,68724326401,11580,405184
4186,min:26579352,36,41756640460,68724326401,11580,405184
4187,min:26579353,36,65419518151,68724326401,11580,405184
4188,min:26579354,38,3890625298,68724326401,11580,405184
4189,min:26579355,32,27124303293,68724326401,11580,405184
4190,min:26579356,37,15989106656,68724326401,11580,405184
4191,min:26579357,36,13672873628,68724326401,11580,405184
4192,min:26579358,38,25190715813,68724326401,11580,405184
4193,min:26579359,36,67081386632,68724326401,11580,405184
4194,min:26579360,39,6771251224,68724326401,11580,405184
4195,min:26579361,36,48005589759,68724326401,11580,405184
4196,min:26579362,36,47356121440,68724326401,11580,405184
4197,min:26579363,35,53387774603,68724326401,11580,405184
4198,min:26579364,36,48520301143,68724326401,11580,405184
4199,min:26579365,32,47524990009,68724326401,11580,405184
4200,min:26579366,38,9106554844,68724326401,11580,405184
4201,min:26579367,35,7354538912,68724326401,11580,405184
4202,min:26579368,37,48176938260,68724326401,11580,405184
4203,min:26579369,36,63140606210,68724326401,11580,405184
4204,min:26579370,32,39782529758,68724326401,11580,405184
4205,min:26579371,37,45730332551,68724326401,11580,405184
4206,min:26579372,34,4886215826,68724326401,11580,405184
4207,min:26579373,37,63623018239,68724326401,11580,405184
4208,min:26579374,36,33708347794,68724326401,11580,405184
4209,min:26579375,35,40775783747,68724326401,11580,405184
4210,min:26579376,33,30962608179,68724326401,11580,405184
4211,min:26579377,36,37530750545,68724326401,11580,405184
4212,min:26579378,36,16327979875,68724326401,11580,405184
4213,min:26579379,35,40592601395,68724326401,11580,405184
4214,min:26579380,36,7470574585,68724326401,11580,405184
4215,min:26579381,36,10081898055,68724326401,11580,405184
4216,min:26579382,37,23182744991,68724326401,11580,405184
4217,min:26579383,38,24365172435,68724326401,11580,405184
4218,min:26579384,33,39146735956,68724326401,11580,405184
4219,min:26579385,34,7556771752,68724326401,11580,405184
4220,min:26579386,35,37125772025,68724326401,11580,405184
4221,min:26579387,37,27291161812,68724326401,11580,405184
4222,min:26579388,32,67180474759,68724326401,11580,405184
4223,min:26579389,38,62241776471,68724326401,11580,405184
4224,min:26579390,35,54063900407,68724326401,11580,405184
4225,min:26579391,36,57262665426,68724326401,11580,405184
4226,min:26579392,36,11011904121,68724326401,11580,405184
4227,min:26579393,38,10893468206,68724326401,11580,405184
4228,min:26579394,33,23042438760,68724326401,11580,405184
4229,min:26579395,36,8006621922,68724326401,11580,405184
4230,min:26579396,40,22690968948,68724326401,11580,405184
4231,min:26579397,38,48204010062,68724326401,11580,405184
4232,min:26579398,35,15901806072,68724326401,11580,405184
4233,min:26579399,36,12475481011,68724326401,11580,405184
4234,min:26579400,37,36496205865,68724326401,11580,405184
4235,min:26579401,33,49882791198,68724326401,11580,405184
4236,min:26579402,33,33512378085,68724326401,11580,405184
4237,min:26579403,35,31300325193,68724326401,11580,405184
4238,min:26579404,35,66039917614,68724326401,11580,405184
4239,min:26579405,37,10889989389,68724326401,11580,405184
4240,min:26579406,31,31545343416,68724326401,11580,405184
4241,min:26579407,37,48249885644,68724326401,11580,405184
4242,min:26579408,32,54943877836,68724326401,11580,405184
4243,min:26579409,37,42667417681,68724326401,11580,405184
4244,min:26579410,36,62443619638,68724326401,11580,405184
4245,min:26579411,34,62097137148,68724326401,11580,405184
4246,min:26579412,32,50346227887,68724326401,11580,405184
4247,min:26579413,36,58989800200,68724326401,11580,405184
4248,min:26579414,36,37989094571,68724326401,11580,405184
4249,min:26579415,35,48180125661,68724326401,11580,405184
4250,min:26579416,36,12994534837,68724326401,11580,405184
4251,min:26579417,31,19106955762,68724326401,11580,405184
4252,min:26579418,35,36678413504,68724326401,11580,405184
4253,min:26579419,37,7102382716,68724326401,11580,405184
4254,min:26579420,35,33021566356,68724326401,11580,405184
4255,min:26579421,31,3984960499,68724326401,11580,405184
4256,min:26579422,33,16137403208,68724326401,11580,405184
4257,min:26579423,34,7775118,68724326401,11580,405184
4258,min:26579424,36,57264687504,68724326401,11580,405184
4259,min:26579425,35,60977632178,68724326401,11580,405184
4260,min:26579426,35,40417007801,68724326401,11580,405184
4261,min:26579427,35,65715079528,68724326401,11580,405184
4262,min:26579428,33,22954541589,68724326401,11580,405184
4263,min:26579429,36,19944316348,68724326401,11580,405184
4264,min:26579430,34,4217262872,68724326401,11580,405184
4265,min:26579431,38,62258011304,68724326401,11580,405184
4266,min:26579432,31,55949840976,68724326401,11580,405184
4267,min:26579433,36,13991146283,68724326401,11580,405184
4268,min:26579434,34,7894768595,68724326401,11580,405184
4269,min:26579435,33,45553887757,68724326401,11580,405184
4270,min:26579436,36,66184676343,68724326401,11580,405184
4271,min:26579437,36,41290789812,68724326401,11580,405184
4272,min:26579438,33,38321494584,68724326401,11580,405184
4273,min:26579439,33,55638326776,68724326401,11580,405184
4274,min:26579440,33,46076089413,68724326401,11580,405184
4275,min:26579441,33,63473631652,68724326401,11580,405184
4276,min:26579442,32,17760607162,68724326401,11580,405184
4277,min:26579443,34,31825892046,68724326401,11580,405184
4278,min:26579444,37,59680768756,68724326401,11580,405184
4279,min:26579445,34,46101710201,68724326401,11580,405184
4280,min:26579446,31,5532328139,68724326401,11580,405184
4281,min:26579447,35,21979697180,68724326401,11580,405184
4282,min:26579448,35,38965430359,68724326401,11580,405184
4283,min:26579449,32,4647855330,68724326401,11580,405184
4284,min:26579450,32,3758369971,68724326401,11580,405184
4285,min:26579451,35,25597662239,68724326401,11580,405184
4286,min:26579452,32,24513145051,68724326401,11580,405184
4287,min:26579453,34,39739134344,68724326401,11580,405184
4288,min:26579454,35,48341627439,68724326401,11580,405184
4289,min:26579455,34,19390528506,68724326401,11580,405184
4290,min:26579456,36,25701133493,68724326401,11580,405184
4291,min:26579457,35,36455767439,68724326401,11580,405184
4292,min:26579458,32,18753007245,68724326401,11580,405184
4293,min:26579459,35,46834131543,68724326401,11580,405184
4294,min:26579460,34,29813066203,68724326401,11580,405184
4295,min:26579461,33,27826898979,68724326401,11580,405184
4296,min:26579462,32,63609080670,68724326401,11580,405184
4297,min:26579463,37,63160863386,68724326401,11580,405184
4298,min:26579464,33,46424126944,68724326401,11580,405184
4299,min:26579465,33,15160897867,68724326401,11580,405184
4300,min:26579466,34,23620845707,68724326401,11580,405184
4301,min:26579467,33,39327838863,68724326401,11580,405184
4302,min:26579468,35,20985764558,68724326401,11580,405184
4303,min:26579469,34,25531016366,68724326401,11580,405184
4304,min:26579470,38,29263654180,68724326401,11580,405184
4305,min:26579471,34,67869822883,68724326401,11580,405184
4306,min:26579472,36,2918108337,68724326401,11580,405184
4307,min:26579473,34,4576923931,68724326401,11580,405184
4308,min:26579474,40,9733369746,68724326401,11580,405184
4309,min:26579475,34,31949471044,68724326401,11580,405184
4310,min:26579476,35,32906114313,68724326401,11580,405184
4311,min:26579477,36,33523599225,68724326401,11580,405184
4312,min:26579478,35,19081866564,68724326401,11580,405184
4313,min:26579479,31,45787372203,68724326401,11580,405184
4314,min:26579480,36,30729461055,68724326401,11580,405184
4315,min:26579481,34,6283720342,68724326401,11580,405184
4316,min:26579482,36,916501616,68724326401,11580,405184
4317,min:26579483,34,18997537971,68724326401,11580,405184
4318,min:26579484,33,13675874608,68724326401,11580,405184
4319,min:26579485,36,1298420265,68724326401,11580,405184
4320,min:26579486,36,14672667355,68724326401,11580,405184
4321,min:26579487,30,8162460071,68724326401,11580,405184
4322,min:26579488,35,22235995699,68724326401,11580,405184
4323,min:26579489,32,53668495865,68724326401,11580,405184
4324,min:26579490,36,42037411563,68724326401,11580,405184
4325,min:26579491,34,30806265342,68724326401,11580,405184
4326,min:26579492,37,46568436178,68724326401,11580,405184
4327,min:26579493,32,491101112,68724326401,11580,405184
4328,min:26579494,36,50954062948,68724326401,11580,405184
4329,min:26579495,36,64515127858,68724326401,11580,405184
4330,min:26579496,35,13965382001,68724326401,11580,405184
4331,min:26579497,34,48724662077,68724326401,11580,405184
4332,min:26579498,36,21521874086,68724326401,11580,405184
4333,min:26579499,34,64198969364,68724326401,11580,405184
4334,min:26579500,37,1986638196,68724326401,11580,405184
4335,min:26579501,37,28047896785,68724326401,11580,405184
4336,min:26579502,32,341802001,68724326401,11580,405184
4337,min:26579503,35,29561906352,68724326401,11580,405184
4338,min:26579504,38,13422524157,68724326401,11580,405184
4339,min:26579505,36,4754683606,68724326401,11580,405184
4340,min:26579506,38,37105471096,68724326401,11580,405184
4341,min:26579507,36,67888637713,68724326401,11580,405184
4342,min:26579508,37,13034744941,68724326401,11580,405184
4343,min:26579509,38,50445704795,68724326401,11580,405184
4344,min:26579510,37,19761234324,68724326401,11580,405184
4345,min:26579511,40,34606687904,68724326401,11580,405184
4346,min:26579512,38,35734958332,68724326401,11580,405184
4347,min:26579513,34,44234647923,68724326401,11580,405184
4348,min:26579514,36,63822545715,68724326401,11580,405184
4349,min:26579515,33,45217296161,68724326401,11580,405184
4350,min:26579516,36,9628194772,68724326401,11580,405184
4351,min:26579517,31,56252932551,68724326401,11580,405184
4352,min:26579518,36,16371218952,68724326401,11580,405184
4353,min:26579519,36,66706970987,68724326401,11580,405184
4354,min:26579520,37,47591141305,68724326401,11580,405184
4355,min:26579521,35,3758725410,68724326401,11580,405184
4356,min:26579522,35,42609323386,68724326401,11580,405184
4357,min:26579523,35,13994826815,68724326401,11580,405184
4358,min:26579524,33,28325592451,68724326401,11580,405184
4359,min:26579525,33,56968801910,68724326401,11580,405184
4360,min:26579526,35,44175225497,68724326401,11580,405184
4361,min:26579527,35,29981155926,68724326401,11580,405184
4362,min:26579528,36,1414709554,68724326401,11580,405184
4363,min:26579529,36,28244517131,68724326401,11580,405184
4364,min:26579530,39,26401525716,68724326401,11580,405184
4365,min:26579531,36,7153814132,68724326401,11580,405184
4366,min:26579532,39,41878274356,68724326401,11580,405184
4367,min:26579533,39,18928588394,68724326401,11580,405184
4368,min:26579534,36,68080548860,68724326401,11580,405184
4369,min:26579535,34,539499313,68724326401,11580,405184
4370,min:26579536,40,11552965029,68724326401,11580,405184
4371,min:26579537,33,29995048345,68724326401,11580,405184
4372,min:26579538,38,8045908725,68724326401,11580,405184
4373,min:26579539,34,66995177044,68724326401,11580,405184
4374,min:26579540,38,25053838854,68724326401,11580,405184
4375,min:26579541,40,47951237193,68724326401,11580,405184
4376,min:26579542,39,936152828,68724326401,11580,405184
4377,min:26579543,34,6263495930,68724326401,11580,405184
4378,min:26579544,37,28615274047,68724326401,11580,405184
4379,min:26579545,37,51867989895,68724326401,11580,405184
4380,min:26579546,34,16566112580,68724326401,11580,405184
4381,min:26579547,36,47490670205,68724326401,11580,405184
4382,min:26579548,36,32816482902,68724326401,11580,405184
4383,min:26579549,34,19515307806,68724326401,11580,405184
4384,min:26579550,35,32061512261,68724326401,11580,405184
4385,min:26579551,32,16765094422,68724326401,11580,405184
4386,min:26579552,37,40169927136,68724326401,11580,405184
4387,min:26579553,37,63122431558,68724326401,11580,405184
4388,min:26579554,37,44030156666,68724326401,11580,405184
4389,min:26579555,36,28948845555,68724326401,11580,405184
4390,min:26579556,34,44306102814,68724326401,11580,405184
4391,min:26579557,36,20782416842,68724326401,11580,405184
4392,min:26579558,36,9030895025,68724326401,11580,405184
4393,min:26579559,38,55333081841,68724326401,11580,405184
4394,min:26579560,37,58694150337,68724326401,11580,405184
4395,min:26579561,33,43708629146,68724326401,11580,405184
4396,min:26579562,35,27958032255,68724326401,11580,405184
4397,min:26579563,37,62462857007,68724326401,11580,405184
4398,min:26579564,36,52721571056,68724326401,11580,405184
4399,min:26579565,37,62107476199,68724326401,11580,405184
4400,min:26579566,35,38158783477,68724326401,11580,405184
4401,min:26579567,35,39420588318,68724326401,11580,405184
4402,min:26579568,40,35465324803,68724326401,11580,405184
4403,min:26579569,35,47940842290,68724326401,11580,405184
4404,min:26579570,37,53192629635,68724326401,11580,405184
4405,min:26579571,34,40072230780,68724326401,11580,405184
4406,min:26579572,38,52104741685,68724326401,11580,405184
4407,min:26579573,36,646300550,68724326401,11580,405184
4408,min:26579574,35,40646682551,68724326401,11580,405184
4409,min:26579575,34,35650283878,68724326401,11580,405184
4410,min:26579576,38,59450509882,68724326401,11580,405184
4411,min:26579577,38,51898367714,68724326401,11580,405184
4412,min:26579578,34,55011309417,68724326401,11580,405184
4413,min:26579579,39,10931048935,68724326401,11580,405184
4414,min:26579580,36,58023875930,68724326401,11580,405184
4415,min:26579581,37,9673567560,68724326401,11580,405184
4416,min:26579582,32,47808995634,68724326401,11580,405184
4417,min:26579583,36,55142383612,68724326401,11580,405184
4418,min:26579584,36,50681536552,68724326401,11580,405184
4419,min:26579585,37,44173422297,68724326401,11580,405184
4420,min:26579586,38,1655132978,68724326401,11580,405184
4421,min:26579587,35,33197974914,68724326401,11580,405184
4422,min:26579588,37,57764334445,68724326401,11580,405184
4423,min:26579589,34,35365226061,68724326401,11580,405184
4424,min:26579590,34,51410818963,68724326401,11580,405184
4425,min:26579591,34,38142138353,68724326401,11580,405184
4426,min:26579592,36,17048288087,68724326401,11580,405184
4427,min:26579593,37,49369958810,68724326401,11580,405184
4428,min:26579594,37,8624643784,68724326401,11580,405184
4429,min:26579595,33,40376286328,68724326401,11580,405184
4430,min:26579596,35,40482411573,68724326401,11580,405184
4431,min:26579597,34,2339837650,68724326401,11580,405184
4432,min:26579598,31,33491265508,68724326401,11580,405184
4433,min:26579599,35,56422977986,68724326401,11580,405184
4434,min:26579600,35,30644824684,68724326401,11580,405184
4435,min:26579601,36,54689929393,68724326401,11580,405184
4436,min:26579602,36,55041560369,68724326401,11580,405184
4437,min:26579603,36,27575818629,68724326401,11580,405184
4438,min:26579604,36,5637754272,68724326401,11580,405184
4439,min:26579605,36,16349054551,68724326401,11580,405184
4440,min:26579606,33,56857979389,68724326401,11580,405184
4441,min:26579607,33,24823766865,68724326401,11580,405184
4442,min:26579608,34,1201319737,68724326401,11580,405184
4443,min:26579609,33,20612933558,68724326401,11580,405184
4444,min:26579610,33,35289977710,68724326401,11580,405184
4445,min:26579611,33,32872987316,68724326401,11580,405184
4446,min:26579612,34,50452958396,68724326401,11580,405184
4447,min:26579613,32,7631836275,68724326401,11580,405184
4448,min:26579614,37,51111921553,68724326401,11580,405184
4449,min:26579615,34,43193791906,68724326401,11580,405184
4450,min:26579616,32,62432001419,68724326401,11580,405184
4451,min:26579617,36,44765993639,68724326401,11580,405184
4452,min:26579618,35,51539391494,68724326401,11580,405184
4453,min:26579619,31,43269369363,68724326401,11580,405184
4454,min:26579620,33,6680085127,68724326401,11580,405184
4455,min:26579621,37,23683660837,68724326401,11580,405184
4456,min:26579622,34,55329405599,68724326401,11580,405184
4457,min:26579623,36,31398921083,68724326401,11580,405184
4458,min:26579624,36,24525332092,68724326401,11580,405184
4459,min:26579625,33,23130768205,68724326401,11580,405184
4460,min:26579626,39,12719498331,68724326401,11580,405184
4461,min:26579627,32,34844498956,68724326401,11580,405184
4462,min:26579628,39,39533561032,68724326401,11580,405184
4463,min:26579629,40,2340557032,68724326401,11580,405184
4464,min:26579630,36,28367083903,68724326401,11580,405184
4465,min:26579631,34,67940301167,68724326401,11580,405184
4466,min:26579632,37,68292387237,68724326401,11580,405184
4467,min:26579633,38,23627234389,68724326401,11580,405184
4468,min:26579634,35,48619757159,68724326401,11580,405184
4469,min:26579635,33,56415598085,68724326401,11580,405184
4470,min:26579636,32,46234909281,68724326401,11580,405184
4471,min:26579637,35,22336722217,68724326401,11580,405184
4472,min:26579638,36,6533374728,68724326401,11580,405184
4473,min:26579639,36,987148718,68724326401,11580,405184
4474,min:26579640,38,27107566845,68724326401,11580,405184
4475,min:26579641,37,66005828032,68724326401,11580,405184
4476,min:26579642,34,2771012025,68724326401,11580,405184
4477,min:26579643,39,49061486354,68724326401,11580,405184
4478,min:26579644,38,15431927917,68724326401,11580,405184
4479,min:26579645,37,8525559867,68724326401,11580,405184
4480,min:26579646,37,28114020335,68724326401,11580,405184
4481,min:26579647,39,21161857974,68724326401,11580,405184
4482,min:26579648,35,63710412923,68724326401,11580,405184
4483,min:26579649,37,21559226727,68724326401,11580,405184
4484,min:26579650,34,53324848676,68724326401,11580,405184
4485,min:26579651,37,20770896884,68724326401,11580,405184
4486,min:26579652,38,62839662666,68724326401,11580,405184
4487,min:26579653,36,22310974372,68724326401,11580,405184
4488,min:26579654,33,64805611892,68724326401,11580,405184
4489,min:26579655,38,66772546159,68724326401,11580,405184
4490,min:26579656,38,28036214658,68724326401,11580,405184
4491,min:26579657,35,21115684218,68724326401,11580,405184
4492,min:26579658,39,26067950629,68724326401,11580,405184
4493,min:26579659,41,32447000277,68724326401,11580,405184
4494,min:26579660,39,30259363795,68724326401,11580,405184
4495,min:26579661,37,7468582894,68724326401,11580,405184
4496,min:26579662,37,27852329994,68724326401,11580,405184
4497,min:26579663,35,53690159975,68724326401,11580,405184
4498,min:26579664,34,18120078807,68724326401,11580,405184
4499,min:26579665,34,36175295716,68724326401,11580,405184
4500,min:26579666,35,4229034170,68724326401,11580,405184
4501,min:26579667,35,50212103167,68724326401,11580,405184
4502,min:26579668,37,29803461054,68724326401,11580,405184
4503,min:26579669,35,4538139111,68724326401,11580,405184
4504,min:26579670,35,48066614311,68724326401,11580,405184
4505,min:26579671,38,47528165797,68724326401,11580,405184
4506,min:26579672,37,6255272518,68724326401,11580,405184
4507,min:26579673,36,35420442067,68724326401,11580,405184
4508,min:26579674,38,14283510790,68724326401,11580,405184
4509,min:26579675,35,57260920126,68724326401,11580,405184
4510,min:26579676,37,55047107146,68724326401,11580,405184
4511,min:26579677,36,18679161890,68724326401,11580,405184
4512,min:26579678,36,39959350186,68724326401,11580,405184
4513,min:26579679,37,1358128877,68724326401,11580,405184
4514,min:26579680,37,32583165514,68724326401,11580,405184
4515,min:26579681,37,31000534036,68724326401,11580,405184
4516,min:26579682,35,19572682524,68724326401,11580,405184
4517,min:26579683,35,41768454931,68724326401,11580,405184
4518,min:26579684,36,48459401663,68724326401,11580,405184
4519,min:26579685,38,33386498325,68724326401,11580,405184
4520,min:26579686,35,732379509,68724326401,11580,405184
4521,min:26579687,39,7996673862,68724326401,11580,405184
4522,min:26579688,36,56354895842,68724326401,11580,405184
4523,min:26579689,34,7539066872,68724326401,11580,405184
4524,min:26579690,38,11434614616,68724326401,11580,405184
4525,min:26579691,38,7424843068,68724326401,11580,405184
4526,min:26579692,35,46543554838,68724326401,11580,405184
4527,min:26579693,37,21774574468,68724326401,11580,405184
4528,min:26579694,33,50686627856,68724326401,11580,405184
4529,min:26579695,37,16881262168,68724326401,11580,405184
4530,min:26579696,34,38660421092,68724326401,11580,405184
4531,min:26579697,35,34736085445,68724326401,11580,405184
4532,min:26579698,37,25000899758,68724326401,11580,405184
4533,min:26579699,40,21648089841,68724326401,11580,405184
4534,min:26579700,35,23517690709,68724326401,11580,405184
4535,min:26579701,38,46852690511,68724326401,11580,405184
4536,min:26579702,36,47899101600,68724326401,11580,405184
4537,min:26579703,37,9659521379,68724326401,11580,405184
4538,min:26579704,35,27461951961,68724326401,11580,405184
4539,min:26579705,39,41558059863,68724326401,11580,405184
4540,min:26579706,35,29295983522,68724326401,11580,405184
4541,min:26579707,36,35463950752,68724326401,11580,405184
4542,min:26579708,38,36704421626,68724326401,11580,405184
4543,min:26579709,41,19374779095,68724326401,11580,405184
4544,min:26579710,37,61222850935,68724326401,11580,405184
4545,min:26579711,39,51437512634,68724326401,11580,405184
4546,min:26579712,37,11395128910,68724326401,11580,405184
4547,min:26579713,40,56900835911,68724326401,11580,405184
4548,min:26579714,36,14838085444,68724326401,11580,405184
4549,min:26579715,38,11995231744,68724326401,11580,405184
4550,min:26579716,38,51564950457,68724326401,11580,405184
4551,min:26579717,40,54568807761,68724326401,11580,405184
4552,min:26579718,35,17548359715,68724326401,11580,405184
4553,min:26579719,38,41763473549,68724326401,11580,405184
4554,min:26579720,33,27933769332,68724326401,11580,405184
4555,min:26579721,37,52717958265,68724326401,11580,405184
4556,min:26579722,37,61354133968,68724326401,11580,405184
4557,min:26579723,35,48418921093,68724326401,11580,405184
4558,min:26579724,36,7371500102,68724326401,11580,405184
4559,min:26579725,35,6424162555,68724326401,11580,405184
4560,min:26579726,35,46045854713,68724326401,11580,405184
4561,min:26579727,38,59683436457,68724326401,11580,405184
4562,min:26579728,37,18810784484,68724326401,11580,405184
4563,min:26579729,37,64963373329,68724326401,11580,405184
4564,min:26579730,33,45325915739,68724326401,11580,405184
4565,min:26579731,39,13199216763,68724326401,11580,405184
4566,min:26579732,31,37097746301,68724326401,11580,405184
4567,min:26579733,31,9607475802,68724326401,11580,405184
4568,min:26579734,33,4494452569,68724326401,11580,405184
4569,min:26579735,39,30836055561,68724326401,11580,405184
4570,min:26579736,34,17945281374,68724326401,11580,405184
4571,min:26579737,39,50711684274,68724326401,11580,405184
4572,min:26579738,35,62141435339,68724326401,11580,405184
4573,min:26579739,38,59251244797,68724326401,11580,405184
4574,min:26579740,34,64913990601,68724326401,11580,405184
4575,min:26579741,35,20399458366,68724326401,11580,405184
4576,min:26579742,38,2610096693,68724326401,11580,405184
4577,min:26579743,31,22208106940,68724326401,11580,405184
4578,min:26579744,37,55558044548,68724326401,11580,405184
4579,min:26579745,37,64108157417,68724326401,11580,405184
4580,min:26579746,38,33861768004,68724326401,11580,405184
4581,min:26579747,38,30084009228,68724326401,11580,405184
4582,min:26579748,34,33708340121,68724326401,11580,405184
4583,min:26579749,34,47904512085,68724326401,11580,405184
4584,min:26579750,39,33207411667,68724326401,11580,405184
4585,min:26579751,34,27086691345,68724326401,11580,405184
4586,min:26579752,36,43684653268,68724326401,11580,405184
4587,min:26579753,37,52439430135,68724326401,11580,405184
4588,min:26579754,36,21662562226,68724326401,11580,405184
4589,min:26579755,36,58491597171,68724326401,11580,405184
4590,min:26579756,36,38295256340,68724326401,11580,405184
4591,min:26579757,37,4219162365,68724326401,11580,405184
4592,min:26579758,36,17147821550,68724326401,11580,405184
4593,min:26579759,37,5822031425,68724326401,11580,405184
4594,min:26579760,33,35410196914,68724326401,11580,405184
4595,min:26579761,37,766929930,68724326401,11580,405184
4596,min:26579762,36,47929956527,68724326401,11580,405184
4597,min:26579763,36,63301057951,68724326401,11580,405184
4598,min:26579764,40,20621248535,68724326401,11580,405184
4599,min:26579765,35,14595497315,68724326401,11580,405184
4600,min:26579766,38,21191875010,68724326401,11580,405184
4601,min:26579767,39,22560491637,68724326401,11580,405184
4602,min:26579768,37,57187412731,68724326401,11580,405184
4603,min:26579769,37,43817425631,68724326401,11580,405184
4604,min:26579770,36,31127293660,68724326401,11580,405184
4605,min:26579771,41,38993734025,68724326401,11580,405184
4606,min:26579772,39,3250727726,68724326401,11580,405184
4607,min:26579773,40,53231381843,68724326401,11580,405184
4608,min:26579774,36,53826751594,68724326401,11580,405184
4609,min:26579775,41,62952771032,68724326401,11580,405184
4610,min:26579776,38,19302781041,68724326401,11580,405184
4611,min:26579777,32,38466966765,68724326401,11580,405184
4612,min:26579778,34,41044634517,68724326401,11580,405184
4613,min:26579779,39,50326173069,68724326401,11580,405184
4614,min:26579780,35,1699745313,68724326401,11580,405184
4615,min:26579781,36,5152881029,68724326401,11580,405184
4616,min:26579782,35,523588690,68724326401,11580,405184
4617,min:26579783,37,63220570940,68724326401,11580,405184
4618,min:26579784,40,62500534740,68724326401,11580,405184
4619,min:26579785,36,37029455608,68724326401,11580,405184
4620,min:26579786,36,35247376790,68724326401,11580,405184
4621,min:26579787,35,28370244991,68724326401,11580,405184
4622,min:26579788,36,41076545132,68724326401,11580,405184
4623,min:26579789,32,15600857427,68724326401,11580,405184
4624,min:26579790,35,8586056893,68724326401,11580,405184
4625,min:26579791,37,51437109309,68724326401,11580,405184
4626,min:26579792,37,34218597090,68724326401,11580,405184
4627,min:26579793,35,66522230670,68724326401,11580,405184
4628,min:26579794,34,55500719255,68724326401,11580,405184
4629,min:26579795,36,12239500351,68724326401,11580,405184
4630,min:26579796,35,33474918280,68724326401,11580,405184
4631,min:26579797,34,42366675190,68724326401,11580,405184
4632,min:26579798,36,198446550,68724326401,11580,405184
4633,min:26579799,37,65574081308,68724326401,11580,405184
4634,min:26579800,35,39167427555,68724326401,11580,405184
4635,min:26579801,38,7216551968,68724326401,11580,405184
4636,min:26579802,36,25544438932,68724326401,11580,405184
4637,min:26579803,39,16393641702,68724326401,11580,405184
4638,min:26579804,37,49943035473,68724326401,11580,405184
4639,min:26579805,34,58511424849,68724326401,11580,405184
4640,min:26579806,39,53896670527,68724326401,11580,405184
4641,min:26579807,33,56249828990,68724326401,11580,405184
4642,min:26579808,36,65004683443,68724326401,11580,405184
4643,min:26579809,36,50552604848,68724326401,11580,405184
4644,min:26579810,38,61269720809,68724326401,11580,405184
4645,min:26579811,35,22366241994,68724326401,11580,405184
4646,min:26579812,34,25346088726,68724326401,11580,405184
4647,min:26579813,40,30888961348,68724326401,11580,405184
4648,min:26579814,37,29074670836,68724326401,11580,405184
4649,min:26579815,36,58109418004,68724326401,11580,405184
4650,min:26579816,40,5409044771,68724326401,11580,405184
4651,min:26579817,38,2132303532,68724326401,11580,405184
4652,min:26579818,36,27384315509,68724326401,11580,405184
4653,min:26579819,38,4950591319,68724326401,11580,405184
4654,min:26579820,37,20290165927,68724326401,11580,405184
4655,min:26579821,39,40769420720,68724326401,11580,405184
4656,min:26579822,34,58732544382,68724326401,11580,405184
4657,min:26579823,39,14269518209,68724326401,11580,405184
4658,min:26579824,38,44279346315,68724326401,11580,405184
4659,min:26579825,37,62753647213,68724326401,11580,405184
4660,min:26579826,38,10097277710,68724326401,11580,405184
4661,min:26579827,40,57477053790,68724326401,11580,405184
4662,min:26579828,40,30593695990,68724326401,11580,405184
4663,min:26579829,36,34666629260,68724326401,11580,405184
4664,min:26579830,37,66499238426,68724326401,11580,405184
4665,min:26579831,32,41461894551,68724326401,11580,405184
4666,min:26579832,36,39297071752,68724326401,11580,405184
4667,min:26579833,37,28359388234,68724326401,11580,405184
4668,min:26579834,37,58754905360,68724326401,11580,405184
4669,min:26579835,33,57631788269,68724326401,11580,405184
4670,min:26579836,34,24800831195,68724326401,11580,405184
4671,min:26579837,36,12983190613,68724326401,11580,405184
4672,min:26579838,38,48417481354,68724326401,11580,405184
4673,min:26579839,36,48329541114,68724326401,11580,405184
4674,min:26579840,33,12990816840,68724326401,11580,405184
4675,min:26579841,37,4077479285,68724326401,11580,405184
4676,min:26579842,35,19128303604,68724326401,11580,405184
4677,min:26579843,36,29441929820,68724326401,11580,405184
4678,min:26579844,34,54257111355,68724326401,11580,405184
4679,min:26579845,37,58933000462,68724326401,11580,405184
4680,min:26579846,34,60984061009,68724326401,11580,405184
4681,min:26579847,37,28623877740,68724326401,11580,405184
4682,min:26579848,39,25746109000,68724326401,11580,405184
4683,min:26579849,37,35173386680,68724326401,11580,405184
4684,min:26579850,36,11605743553,68724326401,11580,405184
4685,min:26579851,37,2354315492,68724326401,11580,405184
4686,min:26579852,36,62680370551,68724326401,11580,405184
4687,min:26579853,36,12446038535,68724326401,11580,405184
4688,min:26579854,38,52923477980,68724326401,11580,405184
4689,min:26579855,37,49814921793,68724326401,11580,405184
4690,min:26579856,35,32252281679,68724326401,11580,405184
4691,min:26579857,37,51004122157,68724326401,11580,405184
4692,min:26579858,34,49869461893,68724326401,11580,405184
4693,min:26579859,35,21218986272,68724326401,11580,405184
4694,min:26579860,38,8947114836,68724326401,11580,405184
4695,min:26579861,36,2244114656,68724326401,11580,405184
4696,min:26579862,36,40667446940,68724326401,11580,405184
4697,min:26579863,36,9057964279,68724326401,11580,405184
4698,min:26579864,36,10118450607,68724326401,11580,405184
4699,min:26579865,35,17610637554,68724326401,11580,405184
4700,min:26579866,40,21736615906,68724326401,11580,405184
4701,min:26579867,36,67237071993,68724326401,11580,405184
4702,min:26579868,38,41035790814,68724326401,11580,405184
4703,min:26579869,39,48887774901,68724326401,11580,405184
4704,min:26579870,37,67013765377,68724326401,11580,405184
4705,min:26579871,36,10005908057,68724326401,11580,405184
4706,min:26579872,36,49754902927,68724326401,11580,405184
4707,min:26579873,38,3632869413,68724326401,11580,405184
4708,min:26579874,39,13498815366,68724326401,11580,405184
4709,min:26579875,38,7041046472,68724326401,11580,405184
4710,min:26579876,32,28579829574,68724326401,11580,405184
4711,min:26579877,36,26820343141,68724326401,11580,405184
4712,min:26579878,37,12830986788,68724326401,11580,405184
4713,min:26579879,37,55400030486,68724326401,11580,405184
4714,min:26579880,31,68638714837,68724326401,11580,405184
4715,min:26579881,35,26056553746,68724326401,11580,405184
4716,min:26579882,35,58237465331,68724326401,11580,405184
4717,min:26579883,36,1755625639,68724326401,11580,405184
4718,min:26579884,34,47630161171,68724326401,11580,405184
4719,min:26579885,36,27218263918,68724326401,11580,405184
4720,min:26579886,36,31800785129,68724326401,11580,405184
4721,min:26579887,35,1471694385,68724326401,11580,405184
4722,min:26579888,30,22251919822,68724326401,11580,405184
4723,min:26579889,33,67636269386,68724326401,11580,405184
4724,min:26579890,38,46945532769,68724326401,11580,405184
4725,min:26579891,36,40308949286,68724326401,11580,405184
4726,min:26579892,34,25476935524,68724326401,11580,405184
4727,min:26579893,36,49846984869,68724326401,11580,405184
4728,min:26579894,36,1808911299,68724326401,11580,405184
4729,min:26579895,33,50907781781,68724326401,11580,405184
4730,min:26579896,35,5313097277,68724326401,11580,405184
4731,min:26579897,33,60044929770,68724326401,11580,405184
4732,min:26579898,34,557214348,68724326401,11580,405184
4733,min:26579899,37,28926705500,68724326401,11580,405184
4734,min:26579900,37,47473364996,68724326401,11580,405184
4735,min:26579901,36,42531317908,68724326401,11580,405184
4736,min:26579902,35,35160916023,68724326401,11580,405184
4737,min:26579903,34,28281788442,68724326401,11580,405184
4738,min:26579904,36,50426666112,68724326401,11580,405184
4739,min:26579905,34,65511883465,68724326401,11580,405184
4740,min:26579906,38,64079606798,68724326401,11580,405184
4741,min:26579907,36,38262147348,68724326401,11580,405184
4742,min:26579908,32,1226410970,68724326401,11580,405184
4743,min:26579909,32,67615781587,68724326401,11580,405184
4744,min:26579910,36,33088648320,68724326401,11580,405184
4745,min:26579911,35,3398635465,68724326401,11580,405184
4746,min:26579912,38,4674373491,68724326401,11580,405184
4747,min:26579913,35,24411366694,68724326401,11580,405184
4748,min:26579914,33,20390520852,68724326401,11580,405184
4749,min:26579915,36,62300588533,68724326401,11580,405184
4750,min:26579916,35,12772123102,68724326401,11580,405184
4751,min:26579917,38,40009665996,68724326401,11580,405184
4752,min:26579918,35,24319721328,68724326401,11580,405184
4753,min:26579919,34,25319928706,68724326401,11580,405184
4754,min:26579920,37,55573791475,68724326401,11580,405184
4755,min:26579921,35,24624300149,68724326401,11580,405184
4756,min:26579922,36,33836692280,68724326401,11580,405184
4757,min:26579923,34,27277869971,68724326401,11580,405184
4758,min:26579924,33,13819118139,68724326401,11580,405184
4759,min:26579925,35,36493290061,68724326401,11580,405184
4760,min:26579926,37,52782068342,68724326401,11580,405184
4761,min:26579927,34,30794660309,68724326401,11580,405184
4762,min:26579928,38,27988681386,68724326401,11580,405184
4763,min:26579929,32,44828808214,68724326401,11580,405184
4764,min:26579930,38,48254210654,68724326401,11580,405184
4765,min:26579931,37,67135326981,68724326401,11580,405184
4766,min:26579932,37,46386218339,68724326401,11580,405184
4767,min:26579933,35,67090990025,68724326401,11580,405184
4768,min:26579934,36,17704574172,68724326401,11580,405184
4769,min:26579935,35,20323796583,68724326401,11580,405184
4770,min:26579936,38,40615300750,68724326401,11580,405184
4771,min:26579937,36,13441987761,68724326401,11580,405184
4772,min:26579938,33,58388211416,68724326401,11580,405184
4773,min:26579939,37,37021442228,68724326401,11580,405184
4774,min:26579940,30,12334563230,68724326401,11580,405184
4775,min:26579941,36,65105126953,68724326401,11580,405184
4776,min:26579942,37,50680179309,68724326401,11580,405184
4777,min:26579943,34,10219094099,68724326401,11580,405184
4778,min:26579944,34,36661510060,68724326401,11580,405184
4779,min:26579945,35,63280643044,68724326401,11580,405184
4780,min:26579946,37,13186810339,68724326401,11580,405184
4781,min:26579947,36,41484651482,68724326401,11580,405184
4782,min:26579948,35,66683686144,68724326401,11580,405184
4783,min:26579949,35,13822389683,68724326401,11580,405184
4784,min:26579950,33,28814177628,68724326401,11580,405184
4785,min:26579951,33,34689785804,68724326401,11580,405184
4786,min:26579952,34,66009654975,68724326401,11580,405184
4787,min:26579953,38,14027041320,68724326401,11580,405184
4788,min:26579954,36,41825550484,68724326401,11580,405184
4789,min:26579955,36,59104982265,68724326401,11580,405184
4790,min:26579956,39,8706172601,68724326401,11580,405184
4791,min:26579957,28,16709661086,68724326401,11580,405184
4792,min:26579958,36,34452299270,68724326401,11580,405184
4793,min:26579959,38,55663518361,68724326401,11580,405184
4794,min:26579960,37,11246741539,68724326401,11580,405184
4795,min:26579961,34,27011596643,68724326401,11580,405184
4796,min:26579962,35,13593606007,68724326401,11580,405184
4797,min:26579963,37,5695706142,68724326401,11580,405184
4798,min:26579964,35,38264805947,68724326401,11580,405184
4799,min:26579965,35,42062823342,68724326401,11580,405184
4800,min:26579966,36,68605972060,68724326401,11580,405184
4801,min:26579967,33,59821184882,68724326401,11580,405184
4802,min:26579968,36,42385489478,68724326401,11580,405184
4803,min:26579969,36,26823214771,68724326401,11580,405184
4804,min:26579970,31,26351227925,68724326401,11580,405184
4805,min:26579971,36,48290862583,68724326401,11580,405184
4806,min:26579972,35,10640222937,68724326401,11580,405184
4807,min:26579973,34,42293796166,68724326401,11580,405184
4808,min:26579974,35,22316452816,68724326401,11580,405184
4809,min:26579975,34,47004696635,68724326401,11580,405184
4810,min:26579976,31,14661586054,68724326401,11580,405184
4811,min:26579977,35,38042712932,68724326401,11580,405184
4812,min:26579978,37,14406963188,68724326401,11580,405184
4813,min:26579979,34,35358850780,68724326401,11580,405184
4814,min:26579980,35,57150197984,68724326401,11580,405184
4815,min:26579981,33,50793058926,68724326401,11580,405184
4816,min:26579982,37,15494413223,68724326401,11580,405184
4817,min:26579983,34,55100726590,68724326401,11580,405184
4818,min:26579984,35,59794740034,68724326401,11580,405184
4819,min:26579985,35,22549021399,68724326401,11580,405184
4820,min:26579986,35,22946289250,68724326401,11580,405184
4821,min:26579987,34,41337404508,68724326401,11580,405184
4822,min:26579988,32,39103842433,68724326401,11580,405184
4823,min:26579989,32,7484789193,68724326401,11580,405184
4824,min:26579990,33,54055145498,68724326401,11580,405184
4825,min:26579991,37,55701208364,68724326401,11580,405184
4826,min:26579992,37,25124213008,68724326401,11580,405184
4827,min:26579993,37,3211939394,68724326401,11580,405184
4828,min:26579994,37,36535563867,68724326401,11580,405184
4829,min:26579995,34,62568758339,68724326401,11580,405184
4830,min:26579996,36,47685746133,68724326401,11580,405184
4831,min:26579997,32,32334432196,68724326401,11580,405184
4832,min:26579998,39,23014351835,68724326401,11580,405184
4833,min:26579999,37,43077099269,68724326401,11580,405184
4834,min:26580000,34,15129324088,68724326401,11580,405184
4835,min:26580001,37,51868097826,68724326401,11580,405184
4836,min:26580002,36,42476849732,68724326401,11580,405184
4837,min:26580003,33,62589926903,68724326401,11580,405184
4838,min:26580004,37,11046947647,68724326401,11580,405184
4839,min:26580005,35,21912019720,68724326401,11580,405184
4840,min:26580006,36,45191485807,68724326401,11580,405184
4841,min:26580007,37,38230208486,68724326401,11580,405184
4842,min:26580008,35,68091417509,68724326401,11580,405184
4843,min:26580009,36,47642343860,68724326401,11580,405184
4844,min:26580010,40,35628750886,68724326401,11580,405184
4845,min:26580011,35,9581966210,68724326401,11580,405184
4846,min:26580012,35,38252096544,68724326401,11580,405184
4847,min:26580013,33,62174605038,68724326401,11580,405184
4848,min:26580014,36,28742752025,68724326401,11580,405184
4849,min:26580015,32,28252869302,68724326401,11580,405184
4850,min:26580016,38,17564903678,68724326401,11580,405184
4851,min:26580017,37,16178358875,68724326401,11580,405184
4852,min:26580018,36,9760923116,68724326401,11580,405184
4853,min:26580019,40,14340958204,68724326401,11580,405184
4854,min:26580020,35,33807589191,68724326401,11580,405184
4855,min:26580021,35,21560291423,68724326401,11580,405184
4856,min:26580022,34,51243250281,68724326401,11580,405184
4857,min:26580023,34,46243978188,68724326401,11580,405184
4858,min:26580024,35,10183362798,68724326401,11580,405184
4859,min:26580025,33,52512093523,68724326401,11580,405184
4860,min:26580026,37,37245595811,68724326401,11580,405184
4861,min:26580027,34,58114688170,68724326401,11580,405184
4862,min:26580028,37,11114421126,68724326401,11580,405184
4863,min:26580029,34,38331257375,68724326401,11580,405184
4864,min:26580030,34,68416641843,68724326401,11580,405184
4865,min:26580031,33,2571259078,68724326401,11580,405184
4866,min:26580032,34,2938743090,68724326401,11580,405184
4867,min:26580033,38,28964511810,68724326401,11580,405184
4868,min:26580034,33,10117039915,68724326401,11580,405184
4869,min:26580035,36,9812522996,68724326401,11580,405184
4870,min:26580036,33,60227655003,68724326401,11580,405184
4871,min:26580037,37,44789789294,68724326401,11580,405184
4872,min:26580038,34,41765057634,68724326401,11580,405184
4873,min:26580039,35,57063858865,68724326401,11580,405184
4874,min:26580040,35,828218404,68724326401,11580,405184
4875,min:26580041,32,29355881726,68724326401,11580,405184
4876,min:26580042,37,30712234571,68724326401,11580,405184
4877,min:26580043,34,1282655899,68724326401,11580,405184
4878,min:26580044,31,66869133830,68724326401,11580,405184
4879,min:26580045,32,31504151917,68724326401,11580,405184
4880,min:26580046,36,57535738180,68724326401,11580,405184
4881,min:26580047,33,40223837582,68724326401,11580,405184
4882,min:26580048,32,29654925349,68724326401,11580,405184
4883,min:26580049,36,40914577262,68724326401,11580,405184
4884,min:26580050,32,61545952816,68724326401,11580,405184
4885,min:26580051,35,53817853054,68724326401,11580,405184
4886,min:26580052,33,63837053342,68724326401,11580,405184
4887,min:26580053,35,42120372535,68724326401,11580,405184
4888,min:26580054,33,22465445688,68724326401,11580,405184
4889,min:26580055,36,44641741082,68724326401,11580,405184
4890,min:26580056,34,45731588980,68724326401,11580,405184
4891,min:26580057,33,31421603930,68724326401,11580,405184
4892,min:26580058,37,57849539834,68724326401,11580,405184
4893,min:26580059,32,35854433682,68724326401,11580,405184
4894,min:26580060,36,20329159278,68724326401,11580,405184
4895,min:26580061,35,36551425378,68724326401,11580,405184
4896,min:26580062,31,64340760360,68724326401,11580,405184
4897,min:26580063,36,47760217377,68724326401,11580,405184
4898,min:26580064,33,67562924219,68724326401,11580,405184
4899,min:26580065,35,63664252437,68724326401,11580,405184
4900,min:26580066,35,13353060789,68724326401,11580,405184
4901,min:26580067,32,54476419238,68724326401,11580,405184
4902,min:26580068,34,36212531796,68724326401,11580,405184
4903,min:26580069,35,56811580335,68724326401,11580,405184
4904,min:26580070,33,27405099505,68724326401,11580,405184
4905,min:26580071,38,25807251459,68724326401,11580,405184
4906,min:26580072,33,64029063097,68724326401,11580,405184
4907,min:26580073,34,33968288416,68724326401,11580,405184
4908,min:26580074,39,65969147633,68724326401,11580,405184
4909,min:26580075,38,38570626490,68724326401,11580,405184
4910,min:26580076,34,39167605758,68724326401,11580,405184
4911,min:26580077,33,40371302166,68724326401,11580,405184
4912,min:26580078,38,64343930181,68724326401,11580,405184
4913,min:26580079,35,40214608320,68724326401,11580,405184
4914,min:26580080,34,62420719080,68724326401,11580,405184
4915,min:26580081,36,50181509302,68724326401,11580,405184
4916,min:26580082,38,42718340086,68724326401,11580,405184
4917,min:26580083,35,7176286352,68724326401,11580,405184
4918,min:26580084,33,45771755449,68724326401,11580,405184
4919,min:26580085,37,21506037986,68724326401,11580,405184
4920,min:26580086,32,59259534514,68724326401,11580,405184
4921,min:26580087,38,44880340376,68724326401,11580,405184
4922,min:26580088,33,51819368111,68724326401,11580,405184
4923,min:26580089,38,54813706991,68724326401,11580,405184
4924,min:26580090,35,23335140757,68724326401,11580,405184
4925,min:26580091,33,39633216066,68724326401,11580,405184
4926,min:26580092,37,20161744631,68724326401,11580,405184
4927,min:26580093,32,20434155749,68724326401,11580,405184
4928,min:26580094,37,40424958834,68724326401,11580,405184
4929,min:26580095,35,11625663560,68724326401,11580,405184
4930,min:26580096,41,31382934657,68724326401,11580,405184
4931,min:26580097,37,33491847718,68724326401,11580,405184
4932,min:26580098,35,11855126030,68724326401,11580,405184
4933,min:26580099,36,8534124146,68724326401,11580,405184
4934,min:26580100,35,35567008496,68724326401,11580,405184
4935,min:26580101,33,1671931043,68724326401,11580,405184
4936,min:26580102,36,42018613623,68724326401,11580,405184
4937,min:26580103,33,20973448044,68724326401,11580,405184
4938,min:26580104,36,13257918271,68724326401,11580,405184
4939,min:26580105,37,4016008771,68724326401,11580,405184
4940,min:26580106,33,59595756284,68724326401,11580,405184
4941,min:26580107,32,24952727019,68724326401,11580,405184
4942,min:26580108,37,16197858607,68724326401,11580,405184
4943,min:26580109,34,50694528984,68724326401,11580,405184
4944,min:26580110,33,49380733888,68724326401,11580,405184
4945,min:26580111,35,27120086999,68724326401,11580,405184
4946,min:26580112,35,41006239556,68724326401,11580,405184
4947,min:26580113,35,64349730648,68724326401,11580,405184
4948,min:26580114,38,68693614359,68724326401,11580,405184
4949,min:26580115,33,42540620209,68724326401,11580,405184
4950,min:26580116,37,16158979557,68724326401,11580,405184
4951,min:26580117,34,66132429329,68724326401,11580,405184
4952,min:26580118,38,65890598518,68724326401,11580,405184
4953,min:26580119,36,36686148,68724326401,11580,405184
4954,min:26580120,37,11353121488,68724326401,11580,405184
4955,min:26580121,33,40469812229,68724326401,11580,405184
4956,min:26580122,35,9439707353,68724326401,11580,405184
4957,min:26580123,38,42574241862,68724326401,11580,405184
4958,min:26580124,39,27382157604,68724326401,11580,405184
4959,min:26580125,33,3124463739,68724326401,11580,405184
4960,min:26580126,33,7911242615,68724326401,11580,405184
4961,min:26580127,34,43513280541,68724326401,11580,405184
4962,min:26580128,38,3871387552,68724326401,11580,405184
4963,min:26580129,37,24094078958,68724326401,11580,405184
4964,min:26580130,34,45314978071,68724326401,11580,405184
4965,min:26580131,37,13126083850,68724326401,11580,405184
4966,min:26580132,35,58560709220,68724326401,11580,405184
4967,min:26580133,34,2796261430,68724326401,11580,405184
4968,min:26580134,37,6523641169,68724326401,11580,405184
4969,min:26580135,34,62282749459,68724326401,11580,405184
4970,min:26580136,32,16291125705,68724326401,11580,405184
4971,min:26580137,36,9014452277,68724326401,11580,405184
4972,min:26580138,35,7195689376,68724326401,11580,405184
4973,min:26580139,38,58379055815,68724326401,11580,405184
4974,min:26580140,35,42940916190,68724326401,11580,405184
4975,min:26580141,38,33793505078,68724326401,11580,405184
4976,min:26580142,33,6183136985,68724326401,11580,405184
4977,min:26580143,35,63540251556,68724326401,11580,405184
4978,min:26580144,36,46042017540,68724326401,11580,405184
4979,min:26580145,35,42068648219,68724326401,11580,405184
4980,min:26580146,38,37791842256,68724326401,11580,405184
4981,min:26580147,35,19990121888,68724326401,11580,405184
4982,min:26580148,37,14292495804,68724326401,11580,405184
4983,min:26580149,32,3641800363,68724326401,11580,405184
4984,min:26580150,32,3103877877,68724326401,11580,405184
4985,min:26580151,35,1321565901,68724326401,11580,405184
4986,min:26580152,36,10097353168,68724326401,11580,405184
4987,min:26580153,35,2475903778,68724326401,11580,405184
4988,min:26580154,35,18224196045,68724326401,11580,405184
4989,min:26580155,34,14611499786,68724326401,11580,405184
4990,min:26580156,34,59965759600,68724326401,11580,405184
4991,min:26580157,36,415192863,68724326401,11580,405184
4992,min:26580158,36,14922032572,68724326401,11580,405184
4993,min:26580159,37,30112997675,68724326401,11580,405184
4994,min:26580160,36,68201542676,68724326401,11580,405184
4995,min:26580161,39,27832041804,68724326401,11580,405184
4996,min:26580162,36,34928027677,68724326401,11580,405184
4997,min:26580163,35,44258358536,68724326401,11580,405184
4998,min:26580164,38,32450364462,68724326401,11580,405184
4999,min:26580165,37,10256415768,68724326401,11580,405184
5000,min:26580166,34,38389051458,68724326401,11580,405184
5001,min:26580167,38,67265819137,68724326401,11580,405184
5002,min:26580168,34,42050586158,68724326401,11580,405184
5003,min:26580169,38,56640432186,68724326401,11580,405184
5004,min:26580170,34,21173947431,68724326401,11580,405184
5005,min:26580171,38,58065185971,68724326401,11580,405184
5006,min:26580172,33,53712705870,68724326401,11580,405184
5007,min:26580173,37,59730814029,68724326401,11580,405184
5008,min:26580174,35,62058760316,68724326401,11580,405184
5009,min:26580175,35,49408940624,68724326401,11580,405184
5010,min:26580176,31,15749814334,68724326401,11580,405184
5011,min:26580177,39,15267689251,68724326401,11580,405184
5012,min:26580178,35,34958052554,68724326401,11580,405184
5013,min:26580179,36,14824942348,68724326401,11580,405184
5014,min:26580180,36,5243436280,68724326401,11580,405184
5015,min:26580181,37,59321091429,68724326401,11580,405184
5016,min:26580182,34,7875208399,68724326401,11580,405184
5017,min:26580183,37,15508045430,68724326401,11580,405184
5018,min:26580184,40,68659576381,68724326401,11580,405184
5019,min:26580185,34,11139403258,68724326401,11580,405184
5020,min:26580186,36,13752077336,68724326401,11580,405184
5021,min:26580187,37,47417208336,68724326401,11580,405184
5022,min:26580188,39,46095417634,68724326401,11580,405184
5023,min:26580189,35,41948691177,68724326401,11580,405184
5024,min:26580190,35,14922519724,68724326401,11580,405184
5025,min:26580191,32,46661520871,68724326401,11580,405184
5026,min:26580192,37,53165659491,68724326401,11580,405184
5027,min:26580193,35,48005705665,68724326401,11580,405184
5028,min:26580194,35,66972407204,68724326401,11580,405184
5029,min:26580195,32,8539143448,68724326401,11580,405184
5030,min:26580196,34,45540870835,68724326401,11580,405184
5031,min:26580197,33,51197765394,68724326401,11580,405184
5032,min:26580198,35,17187350975,68724326401,11580,405184
5033,min:26580199,35,16497542967,68724326401,11580,405184
5034,min:26580200,38,10630158893,68724326401,11580,405184
5035,min:26580201,34,36565458196,68724326401,11580,405184
5036,min:26580202,33,45646597337,68724326401,11580,405184
5037,min:26580203,33,40951232726,68724326401,11580,405184
5038,min:26580204,36,3536744081,68724326401,11580,405184
5039,min:26580205,34,793111974,68724326401,11580,405184
5040,min:26580206,37,20991692507,68724326401,11580,405184
5041,min:26580207,36,67817490122,68724326401,11580,405184
5042,min:26580208,37,29430724247,68724326401,11580,405184
5043,min:26580209,35,29600585369,68724326401,11580,405184
5044,min:26580210,38,36825738717,68724326401,11580,405184
5045,min:26580211,33,11116752474,68724326401,11580,405184
5046,min:26580212,36,67261437555,68724326401,11580,405184
5047,min:26580213,36,46862256760,68724326401,11580,405184
5048,min:26580214,35,25842959854,68724326401,11580,405184
5049,min:26580215,36,8685824938,68724326401,11580,405184
5050,min:26580216,36,9274157237,68724326401,11580,405184
5051,min:26580217,35,30818616797,68724326401,11580,405184
5052,min:26580218,36,42115768016,68724326401,11580,405184
5053,min:26580219,34,59994721673,68724326401,11580,405184
5054,min:26580220,33,35954363913,68724326401,11580,405184
5055,min:26580221,34,24871486606,68724326401,11580,405184
5056,min:26580222,32,23528057278,68724326401,11580,405184
5057,min:26580223,35,57052041644,68724326401,11580,405184
5058,min:26580224,38,16156181724,68724326401,11580,405184
5059,min:26580225,36,30630580388,68724326401,11580,405184
5060,min:26580226,36,57221020869,68724326401,11580,405184
5061,min:26580227,32,61304972185,68724326401,11580,405184
5062,min:26580228,32,53648054837,68724326401,11580,405184
5063,min:26580229,35,18802970258,68724326401,11580,405184
5064,min:26580230,33,62050470606,68724326401,11580,405184
5065,min:26580231,38,64588882200,68724326401,11580,405184
5066,min:26580232,33,2387425655,68724326401,11580,405184
5067,min:26580233,36,64975721277,68724326401,11580,405184
5068,min:26580234,34,55710258531,68724326401,11580,405184
5069,min:26580235,38,8874601350,68724326401,11580,405184
5070,min:26580236,36,55915188103,68724326401,11580,405184
5071,min:26580237,33,58181451271,68724326401,11580,405184
5072,min:26580238,39,12612530035,68724326401,11580,405184
5073,min:26580239,33,32426708801,68724326401,11580,405184
5074,min:26580240,38,61263727938,68724326401,11580,405184
5075,min:26580241,36,13756905622,68724326401,11580,405184
5076,min:26580242,36,59560071507,68724326401,11580,405184
5077,min:26580243,37,61670272981,68724326401,11580,405184
5078,min:26580244,37,62224661701,68724326401,11580,405184
5079,min:26580245,36,54249135216,68724326401,11580,405184
5080,min:26580246,39,2963531127,68724326401,11580,405184
5081,min:26580247,35,7496073540,68724326401,11580,405184
5082,min:26580248,32,27977017404,68724326401,11580,405184
5083,min:26580249,37,43037293995,68724326401,11580,405184
5084,min:26580250,30,62274359330,68724326401,11580,405184
5085,min:26580251,37,32478880791,68724326401,11580,405184
5086,min:26580252,35,22663493219,68724326401,11580,405184
5087,min:26580253,35,2605358232,68724326401,11580,405184
5088,min:26580254,34,3934276689,68724326401,11580,405184
5089,min:26580255,32,56512103641,68724326401,11580,405184
5090,min:26580256,35,13071712153,68724326401,11580,405184
5091,min:26580257,37,30526158694,68724326401,11580,405184
5092,min:26580258,34,39494510657,68724326401,11580,405184
5093,min:26580259,37,14642241273,68724326401,11580,405184
5094,min:26580260,37,24154090755,68724326401,11580,405184
5095,min:26580261,34,30652138073,68724326401,11580,405184
5096,min:26580262,35,50804955093,68724326401,11580,405184
5097,min:26580263,39,58274435391,68724326401,11580,405184
5098,min:26580264,39,5043655675,68724326401,11580,405184
5099,min:26580265,32,15193962828,68724326401,11580,405184
5100,min:26580266,37,35696042472,68724326401,11580,405184
5101,min:26580267,40,46814350849,68724326401,11580,405184
5102,min:26580268,34,49933079444,68724326401,11580,405184
5103,min:26580269,35,49700605540,68724326401,11580,405184
5104,min:26580270,34,27029126382,68724326401,11580,405184
5105,min:26580271,35,25132178870,68724326401,11580,405184
5106,min:26580272,32,4611764262,68724326401,11580,405184
5107,min:26580273,33,55658412464,68724326401,11580,405184
5108,min:26580274,36,36297558365,68724326401,11580,405184
5109,min:26580275,34,26803449252,68724326401,11580,405184
5110,min:26580276,36,25816099868,68724326401,11580,405184
5111,min:26580277,33,1820603578,68724326401,11580,405184
5112,min:26580278,31,43945299188,68724326401,11580,405184
5113,min:26580279,32,2708148026,68724326401,11580,405184
5114,min:26580280,39,52714243288,68724326401,11580,405184
5115,min:26580281,35,9019149363,68724326401,11580,405184
5116,min:26580282,32,28677502298,68724326401,11580,405184
5117,min:26580283,37,21407090432,68724326401,11580,405184
5118,min:26580284,38,21333001369,68724326401,11580,405184
5119,min:26580285,35,663107341,68724326401,11580,405184
5120,min:26580286,33,44009238774,68724326401,11580,405184
5121,min:26580287,35,8659746794,68724326401,11580,405184
5122,min:26580288,36,38582238098,68724326401,11580,405184
5123,min:26580289,33,54931076567,68724326401,11580,405184
5124,min:26580290,36,34848554248,68724326401,11580,405184
5125,min:26580291,35,14837659652,68724326401,11580,405184
5126,min:26580292,37,46060326569,68724326401,11580,405184
5127,min:26580293,35,65836899295,68724326401,11580,405184
5128,min:26580294,38,52944949827,68724326401,11580,405184
5129,min:26580295,35,30140065581,68724326401,11580,405184
5130,min:26580296,37,38984856929,68724326401,11580,405184
5131,min:26580297,36,35953244802,68724326401,11580,405184
5132,min:26580298,37,42612047700,68724326401,11580,405184
5133,min:26580299,34,28110074880,68724326401,11580,405184
5134,min:26580300,36,29643081492,68724326401,11580,405184
5135,min:26580301,35,61219290822,68724326401,11580,405184
5136,min:26580302,32,62947113622,68724326401,11580,405184
5137,min:26580303,34,37374969657,68724326401,11580,405184
5138,min:26580304,34,2054337574,68724326401,11580,405184
5139,min:26580305,37,61109162113,68724326401,11580,405184
5140,min:26580306,34,3753705149,68724326401,11580,405184
5141,min:26580307,37,52414419347,68724326401,11580,405184
5142,min:26580308,34,58332869894,68724326401,11580,405184
5143,min:26580309,33,63768618274,68724326401,11580,405184
5144,min:26580310,36,55655072205,68724326401,11580,405184
5145,min:26580311,34,23988916931,68724326401,11580,405184
5146,min:26580312,36,15508227844,68724326401,11580,405184
5147,min:26580313,36,283194135,68724326401,11580,405184
5148,min:26580314,37,62974515353,68724326401,11580,405184
5149,min:26580315,33,25587775824,68724326401,11580,405184
5150,min:26580316,33,68169230877,68724326401,11580,405184
5151,min:26580317,33,20116899730,68724326401,11580,405184
5152,min:26580318,36,35771119860,68724326401,11580,405184
5153,min:26580319,33,67242504118,68724326401,11580,405184
5154,min:26580320,38,30314614373,68724326401,11580,405184
5155,min:26580321,39,27194860937,68724326401,11580,405184
5156,min:26580322,33,26967468928,68724326401,11580,405184
5157,min:26580323,35,41271144446,68724326401,11580,405184
5158,min:26580324,38,41845885268,68724326401,11580,405184
5159,min:26580325,32,32041319688,68724326401,11580,405184
5160,min:26580326,33,5876939429,68724326401,11580,405184
5161,min:26580327,35,16470056982,68724326401,11580,405184
5162,min:26580328,35,5804558732,68724326401,11580,405184
5163,min:26580329,33,16619614175,68724326401,11580,405184
5164,min:26580330,32,35631098443,68724326401,11580,405184
5165,min:26580331,36,43944820619,68724326401,11580,405184
5166,min:26580332,36,33699409496,68724326401,11580,405184
5167,min:26580333,35,17746894940,68724326401,11580,405184
5168,min:26580334,36,59750498672,68724326401,11580,405184
5169,min:26580335,33,12283198287,68724326401,11580,405184
5170,min:26580336,34,21005076293,68724326401,11580,405184
5171,min:26580337,31,14894664116,68724326401,11580,405184
5172,min:26580338,37,2583295842,68724326401,11580,405184
5173,min:26580339,30,8992448846,68724326401,11580,405184
5174,min:26580340,34,61520938817,68724326401,11580,405184
5175,min:26580341,31,8080755430,68724326401,11580,405184
5176,min:26580342,39,62297437370,68724326401,11580,405184
5177,min:26580343,33,60419161062,68724326401,11580,405184
5178,min:26580344,31,41470045471,68724326401,11580,405184
5179,min:26580345,37,45853841332,68724326401,11580,405184
5180,min:26580346,34,39859372092,68724326401,11580,405184
5181,min:26580347,38,47541471804,68724326401,11580,405184
5182,min:26580348,32,52700995465,68724326401,11580,405184
5183,min:26580349,35,53160947787,68724326401,11580,405184
5184,min:26580350,33,25360101278,68724326401,11580,405184
5185,min:26580351,33,22951179076,68724326401,11580,405184
5186,min:26580352,33,19888310768,68724326401,11580,405184
5187,min:26580353,36,41220308722,68724326401,11580,405184
5188,min:26580354,31,1996720425,68724326401,11580,405184
5189,min:26580355,37,26815976952,68724326401,11580,405184
5190,min:26580356,38,41613167846,68724326401,11580,405184
5191,min:26580357,36,6268546948,68724326401,11580,405184
5192,min:26580358,37,34699159183,68724326401,11580,405184
5193,min:26580359,37,17806023611,68724326401,11580,405184
5194,min:26580360,36,19891017626,68724326401,11580,405184
5195,min:26580361,36,31152215673,68724326401,11580,405184
5196,min:26580362,36,48316273578,68724326401,11580,405184
5197,min:26580363,35,60188816986,68724326401,11580,405184
5198,min:26580364,36,55581599328,68724326401,11580,405184
5199,min:26580365,35,14644414653,68724326401,11580,405184
5200,min:26580366,38,10923542615,68724326401,11580,405184
5201,min:26580367,38,10220717422,68724326401,11580,405184
5202,min:26580368,32,21721458326,68724326401,11580,405184
5203,min:26580369,35,51956205207,68724326401,11580,405184
5204,min:26580370,35,2259507472,68724326401,11580,405184
5205,min:26580371,35,44187356638,68724326401,11580,405184
5206,min:26580372,35,1389657625,68724326401,11580,405184
5207,min:26580373,36,51012072301,68724326401,11580,405184
5208,min:26580374,37,8888138007,68724326401,11580,405184
5209,min:26580375,36,38821439840,68724326401,11580,405184
5210,min:26580376,34,12885058877,68724326401,11580,405184
5211,min:26580377,39,10830467443,68724326401,11580,405184
5212,min:26580378,36,24808116148,68724326401,11580,405184
5213,min:26580379,34,67015651914,68724326401,11580,405184
5214,min:26580380,36,21108553838,68724326401,11580,405184
5215,min:26580381,35,19299573817,68724326401,11580,405184
5216,min:26580382,35,256215691,68724326401,11580,405184
5217,min:26580383,33,60811527174,68724326401,11580,405184
5218,min:26580384,37,42933706380,68724326401,11580,405184
5219,min:26580385,35,30371756080,68724326401,11580,405184
5220,min:26580386,34,47073113661,68724326401,11580,405184
5221,min:26580387,34,34639602565,68724326401,11580,405184
5222,min:26580388,35,50372174738,68724326401,11580,405184
5223,min:26580389,36,41630372006,68724326401,11580,405184
5224,min:26580390,32,46094745323,68724326401,11580,405184
5225,min:26580391,37,34188617973,68724326401,11580,405184
5226,min:26580392,36,36205646115,68724326401,11580,405184
5227,min:26580393,35,52626576325,68724326401,11580,405184
5228,min:26580394,33,34684615352,68724326401,11580,405184
5229,min:26580395,36,698002816,68724326401,11580,405184
5230,min:26580396,35,20474541756,68724326401,11580,405184
5231,min:26580397,37,31661288293,68724326401,11580,405184
5232,min:26580398,39,36394182205,68724326401,11580,405184
5233,min:26580399,32,23709847072,68724326401,11580,405184
5234,min:26580400,37,10881804937,68724326401,11580,405184
5235,min:26580401,35,40373892952,68724326401,11580,405184
5236,min:26580402,38,46046654416,68724326401,11580,405184
5237,min:26580403,36,22429091887,68724326401,11580,405184
5238,min:26580404,37,16874141798,68724326401,11580,405184
5239,min:26580405,36,5547100349,68724326401,11580,405184
5240,min:26580406,35,42147168958,68724326401,11580,405184
5241,min:26580407,36,33628847700,68724326401,11580,405184
5242,min:26580408,39,58274196254,68724326401,11580,405184
5243,min:26580409,33,65316777738,68724326401,11580,405184
5244,min:26580410,35,27134398267,68724326401,11580,405184
5245,min:26580411,34,39586969326,68724326401,11580,405184
5246,min:26580412,36,29730200276,68724326401,11580,405184
5247,min:26580413,35,28168360870,68724326401,11580,405184
5248,min:26580414,39,4688519723,68724326401,11580,405184
5249,min:26580415,36,51137268457,68724326401,11580,405184
5250,min:26580416,33,34184646451,68724326401,11580,405184
5251,min:26580417,39,2141697333,68724326401,11580,405184
5252,min:26580418,37,44491660693,68724326401,11580,405184
5253,min:26580419,36,45471769575,68724326401,11580,405184
5254,min:26580420,35,61469367188,68724326401,11580,405184
5255,min:26580421,37,45936191731,68724326401,11580,405184
5256,min:26580422,33,28974865370,68724326401,11580,405184
5257,min:26580423,36,24651042213,68724326401,11580,405184
5258,min:26580424,38,24856303130,68724326401,11580,405184
5259,min:26580425,35,55071839653,68724326401,11580,405184
5260,min:26580426,37,15360838876,68724326401,11580,405184
5261,min:26580427,36,67658998114,68724326401,11580,405184
5262,min:26580428,35,46685209616,68724326401,11580,405184
5263,min:26580429,34,17641730076,68724326401,11580,405184
5264,min:26580430,38,30550035609,68724326401,11580,405184
5265,min:26580431,38,67746653011,68724326401,11580,405184
5266,min:26580432,35,48338255968,68724326401,11580,405184
5267,min:26580433,36,41524248223,68724326401,11580,405184
5268,min:26580434,41,26333909805,68724326401,11580,405184
5269,min:26580435,35,46645057228,68724326401,11580,405184
5270,min:26580436,35,24954848833,68724326401,11580,405184
5271,min:26580437,37,51233846543,68724326401,11580,405184
5272,min:26580438,35,48512846434,68724326401,11580,405184
5273,min:26580439,34,32432961753,68724326401,11580,405184
5274,min:26580440,36,669797023,68724326401,11580,405184
5275,min:26580441,33,51143891774,68724326401,11580,405184
5276,min:26580442,35,39117304248,68724326401,11580,405184
5277,min:26580443,37,9651313025,68724326401,11580,405184
5278,min:26580444,36,19749905187,68724326401,11580,405184
5279,min:26580445,35,49457135604,68724326401,11580,405184
5280,min:26580446,37,19691374373,68724326401,11580,405184
5281,min:26580447,34,33672990010,68724326401,11580,405184
5282,min:26580448,36,62279364647,68724326401,11580,405184
5283,min:26580449,37,58366030885,68724326401,11580,405184
5284,min:26580450,36,52516578615,68724326401,11580,405184
5285,min:26580451,36,50940006437,68724326401,11580,405184
5286,min:26580452,35,28477228270,68724326401,11580,405184
5287,min:26580453,35,54024284647,68724326401,11580,405184
5288,min:26580454,38,39392823222,68724326401,11580,405184
5289,min:26580455,35,21428663674,68724326401,11580,405184
5290,min:26580456,34,19668300695,68724326401,11580,405184
5291,min:26580457,37,61873563370,68724326401,11580,405184
5292,min:26580458,34,7887879454,68724326401,11580,405184
5293,min:26580459,34,25536789683,68724326401,11580,405184
5294,min:26580460,37,21271179589,68724326401,11580,405184
5295,min:26580461,38,1572930800,68724326401,11580,405184
5296,min:26580462,38,57539802373,68724326401,11580,405184
5297,min:26580463,36,25144824917,68724326401,11580,405184
5298,min:26580464,37,42742030022,68724326401,11580,405184
5299,min:26580465,32,19387830785,68724326401,11580,405184
5300,min:26580466,38,14909070034,68724326401,11580,405184
5301,min:26580467,36,25709511382,68724326401,11580,405184
5302,min:26580468,33,68299645044,68724326401,11580,405184
5303,min:26580469,38,52558652842,68724326401,11580,405184
5304,min:26580470,40,5433374687,68724326401,11580,405184
5305,min:26580471,40,44957238118,68724326401,11580,405184
5306,min:26580472,36,5682735130,68724326401,11580,405184
5307,min:26580473,40,46604212132,68724326401,11580,405184
5308,min:26580474,37,17151217121,68724326401,11580,405184
5309,min:26580475,38,6022410971,68724326401,11580,405184
5310,min:26580476,38,31832952226,68724326401,11580,405184
5311,min:26580477,34,67015789038,68724326401,11580,405184
5312,min:26580478,36,18600013788,68724326401,11580,405184
5313,min:26580479,38,23823438562,68724326401,11580,405184
5314,min:26580480,35,12805069073,68724326401,11580,405184
5315,min:26580481,35,4559474922,68724326401,11580,405184
5316,min:26580482,38,25424639164,68724326401,11580,405184
5317,min:26580483,41,28765260805,68724326401,11580,405184
5318,min:26580484,37,53512454036,68724326401,11580,405184
5319,min:26580485,38,59746379648,68724326401,11580,405184
5320,min:26580486,34,38218751370,68724326401,11580,405184
5321,min:26580487,35,18346591446,68724326401,11580,405184
5322,min:26580488,34,36447011935,68724326401,11580,405184
5323,min:26580489,35,14046383768,68724326401,11580,405184
5324,min:26580490,39,52733526985,68724326401,11580,405184
5325,min:26580491,37,41187791828,68724326401,11580,405184
5326,min:26580492,39,49882600494,68724326401,11580,405184
5327,min:26580493,35,41651168028,68724326401,11580,405184
5328,min:26580494,37,42322467901,68724326401,11580,405184
5329,min:26580495,39,47647034997,68724326401,11580,405184
5330,min:26580496,35,66738347724,68724326401,11580,405184
5331,min:26580497,38,57258472698,68724326401,11580,405184
5332,min:26580498,39,33603094775,68724326401,11580,405184
5333,min:26580499,36,40954683837,68724326401,11580,405184
5334,min:26580500,37,65233420892,68724326401,11580,405184
5335,min:26580501,36,46201817607,68724326401,11580,405184
5336,min:26580502,35,3496918532,68724326401,11580,405184
5337,min:26580503,32,67985945766,68724326401,11580,405184
5338,min:26580504,38,68070925481,68724326401,11580,405184
5339,min:26580505,34,51043980206,68724326401,11580,405184
5340,min:26580506,37,1973211087,68724326401,11580,405184
5341,min:26580507,37,9621039897,68724326401,11580,405184
5342,min:26580508,37,62683691154,68724326401,11580,405184
5343,min:26580509,32,34534512165,68724326401,11580,405184
5344,min:26580510,35,51028074045,68724326401,11580,405184
5345,min:26580511,36,58137280897,68724326401,11580,405184
5346,min:26580512,34,7424894266,68724326401,11580,405184
5347,min:26580513,40,33011927022,68724326401,11580,405184
5348,min:26580514,33,13170498063,68724326401,11580,405184
5349,min:26580515,33,17154927857,68724326401,11580,405184
5350,min:26580516,33,39561620510,68724326401,11580,405184
5351,min:26580517,40,18983940584,68724326401,11580,405184
5352,min:26580518,35,26074360177,68724326401,11580,405184
5353,min:26580519,40,56112537755,68724326401,11580,405184
5354,min:26580520,36,62202359959,68724326401,11580,405184
5355,min:26580521,33,47825826184,68724326401,11580,405184
5356,min:26580522,37,11694442663,68724326401,11580,405184
5357,min:26580523,36,16641918370,68724326401,11580,405184
5358,min:26580524,35,68540492891,68724326401,11580,405184
5359,min:26580525,38,53182390359,68724326401,11580,405184
5360,min:26580526,36,51693164928,68724326401,11580,405184
5361,min:26580527,34,54360893339,68724326401,11580,405184
5362,min:26580528,38,5670459879,68724326401,11580,405184
5363,min:26580529,39,42064999891,68724326401,11580,405184
5364,min:26580530,39,51590580974,68724326401,11580,405184
5365,min:26580531,35,55480403800,68724326401,11580,405184
5366,min:26580532,35,26203742888,68724326401,11580,405184
5367,min:26580533,37,30415869020,68724326401,11580,405184
5368,min:26580534,35,33255345655,68724326401,11580,405184
5369,min:26580535,34,53293662054,68724326401,11580,405184
5370,min:26580536,36,44767695790,68724326401,11580,405184
5371,min:26580537,35,28718712550,68724326401,11580,405184
5372,min:26580538,35,25890615757,68724326401,11580,405184
5373,min:26580539,35,42610367868,68724326401,11580,405184
5374,min:26580540,37,4237134503,68724326401,11580,405184
5375,min:26580541,37,22740310147,68724326401,11580,405184
5376,min:26580542,37,6350029508,68724326401,11580,405184
5377,min:26580543,35,7951411147,68724326401,11580,405184
5378,min:26580544,36,3021335904,68724326401,11580,405184
5379,min:26580545,38,41477470023,68724326401,11580,405184
5380,min:26580546,35,15409059089,68724326401,11580,405184
5381,min:26580547,33,38063463946,68724326401,11580,405184
5382,min:26580548,36,55613827725,68724326401,11580,405184
5383,min:26580549,34,27277863628,68724326401,11580,405184
5384,min:26580550,36,6882502328,68724326401,11580,405184
5385,min:26580551,37,54126641235,68724326401,11580,405184
5386,min:26580552,37,29794539973,68724326401,11580,405184
5387,min:26580553,34,27429750849,68724326401,11580,405184
5388,min:26580554,38,9851147016,68724326401,11580,405184
5389,min:26580555,36,10654262024,68724326401,11580,405184
5390,min:26580556,32,37232821832,68724326401,11580,405184
5391,min:26580557,33,28505539465,68724326401,11580,405184
5392,min:26580558,34,64116854578,68724326401,11580,405184
5393,min:26580559,33,1431455906,68724326401,11580,405184
5394,min:26580560,35,60585243368,68724326401,11580,405184
5395,min:26580561,36,23906043792,68724326401,11580,405184
5396,min:26580562,35,63958801149,68724326401,11580,405184
5397,min:26580563,34,34808170143,68724326401,11580,405184
5398,min:26580564,33,37527541366,68724326401,11580,405184
5399,min:26580565,35,50632081545,68724326401,11580,405184
5400,min:26580566,37,65645040743,68724326401,11580,405184
5401,min:26580567,32,44945848742,68724326401,11580,405184
5402,min:26580568,33,8353532462,68724326401,11580,405184
5403,min:26580569,33,11232517970,68724326401,11580,405184
5404,min:26580570,38,42434555290,68724326401,11580,405184
5405,min:26580571,35,15110526066,68724326401,11580,405184
5406,min:26580572,37,37924641466,68724326401,11580,405184
5407,min:26580573,34,41158341977,68724326401,11580,405184
5408,min:26580574,38,13351947879,68724326401,11580,405184
5409,min:26580575,32,18013045623,68724326401,11580,405184
5410,min:26580576,37,66813310748,68724326401,11580,405184
5411,min:26580577,37,25550720664,68724326401,11580,405184
5412,min:26580578,34,3434194642,68724326401,11580,405184
5413,min:26580579,33,40940274143,68724326401,11580,405184
5414,min:26580580,37,50823375726,68724326401,11580,405184
5415,min:26580581,36,19603339626,68724326401,11580,405184
5416,min:26580582,35,41147167372,68724326401,11580,405184
5417,min:26580583,35,830370332,68724326401,11580,405184
5418,min:26580584,36,37430578225,68724326401,11580,405184
5419,min:26580585,36,43029256083,68724326401,11580,405184
5420,min:26580586,33,15534781937,68724326401,11580,405184
5421,min:26580587,31,2664333209,68724326401,11580,405184
5422,min:26580588,37,59491174792,68724326401,11580,405184
5423,min:26580589,33,32073393315,68724326401,11580,405184
5424,min:26580590,36,54699826828,68724326401,11580,405184
5425,min:26580591,36,60678545318,68724326401,11580,405184
5426,min:26580592,34,18083835418,68724326401,11580,405184
5427,min:26580593,33,22554938595,68724326401,11580,405184
5428,min:26580594,35,15992765989,68724326401,11580,405184
5429,min:26580595,33,42630488176,68724326401,11580,405184
5430,min:26580596,37,66501394741,68724326401,11580,405184
5431,min:26580597,38,65726603422,68724326401,11580,405184
5432,min:26580598,34,7508330812,68724326401,11580,405184
5433,min:26580599,37,65644486219,68724326401,11580,405184
5434,min:26580600,37,29139158697,68724326401,11580,405184
5435,min:26580601,33,12017989858,68724326401,11580,405184
5436,min:26580602,33,44879003277,68724326401,11580,405184
5437,min:26580603,36,19586130640,68724326401,11580,405184
5438,min:26580604,35,36879947491,68724326401,11580,405184
5439,min:26580605,37,41028134034,68724326401,11580,405184
5440,min:26580606,34,36593098058,68724326401,11580,405184
5441,min:26580607,36,67984837454,68724326401,11580,405184
5442,min:26580608,36,36597078933,68724326401,11580,405184
5443,min:26580609,35,66796517319,68724326401,11580,405184
5444,min:26580610,33,21948529111,68724326401,11580,405184
5445,min:26580611,35,39833026928,68724326401,11580,405184
5446,min:26580612,35,52760329217,68724326401,11580,405184
5447,min:26580613,34,67733580902,68724326401,11580,405184
5448,min:26580614,38,25150884337,68724326401,11580,405184
5449,min:26580615,34,59766967653,68724326401,11580,405184
5450,min:26580616,34,45892183537,68724326401,11580,405184
5451,min:26580617,33,60878582820,68724326401,11580,405184
5452,min:26580618,36,8747176484,68724326401,11580,405184
5453,min:26580619,36,30313250904,68724326401,11580,405184
5454,min:26580620,31,31984005890,68724326401,11580,405184
5455,min:26580621,36,54981692379,68724326401,11580,405184
5456,min:26580622,32,38427144716,68724326401,11580,405184
5457,min:26580623,36,26487830004,68724326401,11580,405184
5458,min:26580624,34,51203386817,68724326401,11580,405184
5459,min:26580625,37,35668087248,68724326401,11580,405184
5460,min:26580626,32,36576869131,68724326401,11580,405184
5461,min:26580627,34,41387384382,68724326401,11580,405184
5462,min:26580628,33,24016697118,68724326401,11580,405184
5463,min:26580629,37,3092122790,68724326401,11580,405184
5464,min:26580630,33,5579503705,68724326401,11580,405184
5465,min:26580631,31,12827458492,68724326401,11580,405184
5466,min:26580632,32,23298036088,68724326401,11580,405184
5467,min:26580633,34,25100602771,68724326401,11580,405184
5468,min:26580634,35,35057342904,68724326401,11580,405184
5469,min:26580635,32,22545102905,68724326401,11580,405184
5470,min:26580636,38,22213717577,68724326401,11580,405184
5471,min:26580637,35,4555026144,68724326401,11580,405184
5472,min:26580638,33,38199298977,68724326401,11580,405184
5473,min:26580639,35,23548678116,68724326401,11580,405184
5474,min:26580640,33,58885671331,68724326401,11580,405184
5475,min:26580641,35,51230369028,68724326401,11580,405184
5476,min:26580642,32,5001386501,68724326401,11580,405184
5477,min:26580643,33,59502697228,68724326401,11580,405184
5478,min:26580644,33,56933679749,68724326401,11580,405184
5479,min:26580645,32,33904394127,68724326401,11580,405184
5480,min:26580646,37,49174966234,68724326401,11580,405184
5481,min:26580647,36,5950720003,68724326401,11580,405184
5482,min:26580648,31,11195817636,68724326401,11580,405184
5483,min:26580649,34,4347678403,68724326401,11580,405184
5484,min:26580650,38,21417490408,68724326401,11580,405184
5485,min:26580651,35,14449414230,68724326401,11580,405184
5486,min:26580652,35,50824529437,68724326401,11580,405184
5487,min:26580653,31,12823756780,68724326401,11580,405184
5488,min:26580654,37,47985821209,68724326401,11580,405184
5489,min:26580655,34,41277468989,68724326401,11580,405184
5490,min:26580656,35,23617644038,68724326401,11580,405184
5491,min:26580657,34,9665911908,68724326401,11580,405184
5492,min:26580658,37,55658017804,68724326401,11580,405184
5493,min:26580659,34,24147383017,68724326401,11580,405184
5494,min:26580660,39,56905203317,68724326401,11580,405184
5495,min:26580661,36,49513614016,68724326401,11580,405184
5496,min:26580662,34,53743307372,68724326401,11580,405184
5497,min:26580663,35,62106484086,68724326401,11580,405184
5498,min:26580664,36,18876705747,68724326401,11580,405184
5499,min:26580665,34,63753035375,68724326401,11580,405184
5500,min:26580666,32,15769738001,68724326401,11580,405184
5501,min:26580667,32,22542920640,68724326401,11580,405184
5502,min:26580668,33,3095739798,68724326401,11580,405184
5503,min:26580669,33,39477979883,68724326401,11580,405184
5504,min:26580670,34,68006867429,68724326401,11580,405184
5505,min:26580671,34,22472074020,68724326401,11580,405184
5506,min:26580672,34,61006268704,68724326401,11580,405184
5507,min:26580673,33,44065190158,68724326401,11580,405184
5508,min:26580674,37,34289765789,68724326401,11580,405184
5509,min:26580675,34,64623125375,68724326401,11580,405184
5510,min:26580676,38,55177787778,68724326401,11580,405184
5511,min:26580677,32,45745658200,68724326401,11580,405184
5512,min:26580678,35,48589006678,68724326401,11580,405184
5513,min:26580679,37,45616088820,68724326401,11580,405184
5514,min:26580680,35,24375169484,68724326401,11580,405184
5515,min:26580681,36,49122886422,68724326401,11580,405184
5516,min:26580682,36,14473412727,68724326401,11580,405184
5517,min:26580683,38,63115348059,68724326401,11580,405184
5518,min:26580684,34,55480127446,68724326401,11580,405184
5519,min:26580685,35,10936760673,68724326401,11580,405184
5520,min:26580686,33,20189733869,68724326401,11580,405184
5521,min:26580687,34,63106644278,68724326401,11580,405184
5522,min:26580688,35,17702415171,68724326401,11580,405184
5523,min:26580689,34,54285329074,68724326401,11580,405184
5524,min:26580690,34,65165518308,68724326401,11580,405184
5525,min:26580691,35,54814256264,68724326401,11580,405184
5526,min:26580692,35,31516643797,68724326401,11580,405184
5527,min:26580693,33,36795558426,68724326401,11580,405184
5528,min:26580694,37,44363702137,68724326401,11580,405184
5529,min:26580695,38,28997876258,68724326401,11580,405184
5530,min:26580696,34,20040674286,68724326401,11580,405184
5531,min:26580697,35,29162077306,68724326401,11580,405184
5532,min:26580698,37,13239088164,68724326401,11580,405184
5533,min:26580699,34,10147437685,68724326401,11580,405184
5534,min:26580700,29,54326827915,68724326401,11580,405184
5535,min:26580701,36,57165426546,68724326401,11580,405184
5536,min:26580702,37,18679123360,68724326401,11580,405184
5537,min:26580703,36,29698682954,68724326401,11580,405184
5538,min:26580704,36,48751171446,68724326401,11580,405184
5539,min:26580705,36,46913573024,68724326401,11580,405184
5540,min:26580706,39,52936084929,68724326401,11580,405184
5541,min:26580707,32,997631428,68724326401,11580,405184
5542,min:26580708,36,7026347880,68724326401,11580,405184
5543,min:26580709,38,40057270027,68724326401,11580,405184
5544,min:26580710,40,9627662933,68724326401,11580,405184
5545,min:26580711,36,41769732040,68724326401,11580,405184
5546,min:26580712,36,11735801449,68724326401,11580,405184
5547,min:26580713,35,17385445285,68724326401,11580,405184
5548,min:26580714,36,13534907959,68724326401,11580,405184
5549,min:26580715,36,19507795890,68724326401,11580,405184
5550,min:26580716,37,58563543424,68724326401,11580,405184
5551,min:26580717,34,65614077829,68724326401,11580,405184
5552,min:26580718,37,14253135687,68724326401,11580,405184
5553,min:26580719,32,7121890246,68724326401,11580,405184
5554,min:26580720,35,41880526916,68724326401,11580,405184
5555,min:26580721,38,32828549836,68724326401,11580,405184
5556,min:26580722,35,29031423089,68724326401,11580,405184
5557,min:26580723,39,11461946915,68724326401,11580,405184
5558,min:26580724,34,307102132,68724326401,11580,405184
5559,min:26580725,39,15120249304,68724326401,11580,405184
5560,min:26580726,31,38612595044,68724326401,11580,405184
5561,min:26580727,34,15013171755,68724326401,11580,405184
5562,min:26580728,32,55073555231,68724326401,11580,405184
5563,min:26580729,29,11845934703,68724326401,11580,405184
5564,min:26580730,35,60585310403,68724326401,11580,405184
5565,min:26580731,35,61853113901,68724326401,11580,405184
5566,min:26580732,33,48965785755,68724326401,11580,405184
5567,min:26580733,33,39291625160,68724326401,11580,405184
5568,min:26580734,35,49179774706,68724326401,11580,405184
5569,min:26580735,39,60302926143,68724326401,11580,405184
5570,min:26580736,35,37384933605,68724326401,11580,405184
5571,min:26580737,35,66243954411,68724326401,11580,405184
5572,min:26580738,34,65935325295,68724326401,11580,405184
5573,min:26580739,38,24883622834,68724326401,11580,405184
5574,min:26580740,31,68722921024,68724326401,11580,405184
5575,min:26580741,36,59863853178,68724326401,11580,405184
5576,min:26580742,34,35619947367,68724326401,11580,405184
5577,min:26580743,34,43491531569,68724326401,11580,405184
5578,min:26580744,35,30046706654,68724326401,11580,405184
5579,min:26580745,38,24118452111,68724326401,11580,405184
5580,min:26580746,36,19171888512,68724326401,11580,405184
5581,min:26580747,35,1006067592,68724326401,11580,405184
5582,min:26580748,34,16114904749,68724326401,11580,405184
5583,min:26580749,36,55621867727,68724326401,11580,405184
5584,min:26580750,32,27408288940,68724326401,11580,405184
5585,min:26580751,35,164251598,68724326401,11580,405184
5586,min:26580752,33,1756551426,68724326401,11580,405184
5587,min:26580753,35,41323483510,68724326401,11580,405184
5588,min:26580754,36,66478687905,68724326401,11580,405184
5589,min:26580755,36,30795723038,68724326401,11580,405184
5590,min:26580756,39,28293250652,68724326401,11580,405184
5591,min:26580757,35,25982892248,68724326401,11580,405184
5592,min:26580758,35,44216703885,68724326401,11580,405184
5593,min:26580759,35,14408008097,68724326401,11580,405184
5594,min:26580760,35,66314383918,68724326401,11580,405184
5595,min:26580761,34,1402374626,68724326401,11580,405184
5596,min:26580762,34,36469693576,68724326401,11580,405184
5597,min:26580763,30,13672051073,68724326401,11580,405184
5598,min:26580764,37,46488874889,68724326401,11580,405184
5599,min:26580765,35,40337794936,68724326401,11580,405184
5600,min:26580766,34,42447331681,68724326401,11580,405184
5601,min:26580767,37,13597378167,68724326401,11580,405184
5602,min:26580768,34,55229794481,68724326401,11580,405184
5603,min:26580769,35,29066713025,68724326401,11580,405184
5604,min:26580770,32,56723934045,68724326401,11580,405184
5605,min:26580771,36,66019945922,68724326401,11580,405184
5606,min:26580772,36,26781685233,68724326401,11580,405184
5607,min:26580773,35,5484611800,68724326401,11580,405184
5608,min:26580774,36,46728076796,68724326401,11580,405184
5609,min:26580775,36,30018779111,68724326401,11580,405184
5610,min:26580776,32,35977462231,68724326401,11580,405184
5611,min:26580777,36,9620688366,68724326401,11580,405184
5612,min:26580778,34,36423138769,68724326401,11580,405184
5613,min:26580779,33,1049673189,68724326401,11580,405184
5614,min:26580780,35,6111273382,68724326401,11580,405184
5615,min:26580781,35,32837286356,68724326401,11580,405184
5616,min:26580782,35,60052681331,68724326401,11580,405184
5617,min:26580783,36,54976335360,68724326401,11580,405184
5618,min:26580784,34,35948049866,68724326401,11580,405184
5619,min:26580785,34,30661747800,68724326401,11580,405184
5620,min:26580786,35,11091758464,68724326401,11580,405184
5621,min:26580787,33,50641593674,68724326401,11580,405184
5622,min:26580788,34,44031478326,68724326401,11580,405184
5623,min:26580789,37,28403036821,68724326401,11580,405184
5624,min:26580790,38,22005748433,68724326401,11580,405184
5625,min:26580791,34,33617501385,68724326401,11580,405184
5626,min:26580792,37,9924539198,68724326401,11580,405184
5627,min:26580793,39,69455636,68724326401,11580,405184
5628,min:26580794,35,47491460113,68724326401,11580,405184
5629,min:26580795,33,7512074033,68724326401,11580,405184
5630,min:26580796,38,11368261712,68724326401,11580,405184
5631,min:26580797,30,58296940704,68724326401,11580,405184
5632,min:26580798,35,39192675443,68724326401,11580,405184
5633,min:26580799,36,24278531955,68724326401,11580,405184
5634,min:26580800,34,20872071974,68724326401,11580,405184
5635,min:26580801,34,14630510488,68724326401,11580,405184
5636,min:26580802,36,36600091203,68724326401,11580,405184
5637,min:26580803,32,58198027130,68724326401,11580,405184
5638,min:26580804,34,20856990994,68724326401,11580,405184
5639,min:26580805,37,37357143969,68724326401,11580,405184
5640,min:26580806,36,9203824277,68724326401,11580,405184
5641,min:26580807,35,66621765903,68724326401,11580,405184
5642,min:26580808,35,35646137928,68724326401,11580,405184
5643,min:26580809,34,58387628048,68724326401,11580,405184
5644,min:26580810,36,29162684490,68724326401,11580,405184
5645,min:26580811,34,3540157573,68724326401,11580,405184
5646,min:26580812,38,16091742329,68724326401,11580,405184
5647,min:26580813,34,56755466975,68724326401,11580,405184
5648,min:26580814,35,67492716315,68724326401,11580,405184
5649,min:26580815,35,47174515541,68724326401,11580,405184
5650,min:26580816,33,31771496441,68724326401,11580,405184
5651,min:26580817,33,65445356727,68724326401,11580,405184
5652,min:26580818,38,26298007226,68724326401,11580,405184
5653,min:26580819,40,58922781846,68724326401,11580,405184
5654,min:26580820,34,18310304396,68724326401,11580,405184
5655,min:26580821,37,27118831718,68724326401,11580,405184
5656,min:26580822,39,36993810293,68724326401,11580,405184
5657,min:26580823,34,66328204897,68724326401,11580,405184
5658,min:26580824,35,57655363809,68724326401,11580,405184
5659,min:26580825,36,3399815427,68724326401,11580,405184
5660,min:26580826,35,65626881976,68724326401,11580,405184
5661,min:26580827,32,2773500408,68724326401,11580,405184
5662,min:26580828,36,10623905248,68724326401,11580,405184
5663,min:26580829,36,9509891520,68724326401,11580,405184
5664,min:26580830,36,45054652618,68724326401,11580,405184
5665,min:26580831,33,21301611242,68724326401,11580,405184
5666,min:26580832,35,44798315995,68724326401,11580,405184
5667,min:26580833,33,56199064777,68724326401,11580,405184
5668,min:26580834,37,56210032994,68724326401,11580,405184
5669,min:26580835,38,48606510156,68724326401,11580,405184
5670,min:26580836,34,5262009053,68724326401,11580,405184
5671,min:26580837,39,27381576724,68724326401,11580,405184
5672,min:26580838,38,12844860536,68724326401,11580,405184
5673,min:26580839,40,27135889692,68724326401,11580,405184
5674,min:26580840,38,36762124180,68724326401,11580,405184
5675,min:26580841,34,61268257020,68724326401,11580,405184
5676,min:26580842,35,52036667920,68724326401,11580,405184
5677,min:26580843,36,51527215188,68724326401,11580,405184
5678,min:26580844,33,53972057925,68724326401,11580,405184
5679,min:26580845,35,23297850632,68724326401,11580,405184
5680,min:26580846,35,56852459745,68724326401,11580,405184
5681,min:26580847,36,56607813457,68724326401,11580,405184
5682,min:26580848,38,29687442466,68724326401,11580,405184
5683,min:26580849,39,58458897396,68724326401,11580,405184
5684,min:26580850,36,16519492979,68724326401,11580,405184
5685,min:26580851,35,25035800358,68724326401,11580,405184
5686,min:26580852,33,47716968507,68724326401,11580,405184
5687,min:26580853,37,8787143788,68724326401,11580,405184
5688,min:26580854,35,7238419006,68724326401,11580,405184
5689,min:26580855,36,67043887248,68724326401,11580,405184
5690,min:26580856,39,4469424448,68724326401,11580,405184
5691,min:26580857,35,66727906555,68724326401,11580,405184
5692,min:26580858,34,3476612670,68724326401,11580,405184
5693,min:26580859,38,5932950501,68724326401,11580,405184
5694,min:26580860,36,37534260487,68724326401,11580,405184
5695,min:26580861,36,59457812872,68724326401,11580,405184
5696,min:26580862,36,54236645351,68724326401,11580,405184
5697,min:26580863,34,38236844057,68724326401,11580,405184
5698,min:26580864,33,16175879590,68724326401,11580,405184
5699,min:26580865,37,37737330086,68724326401,11580,405184
5700,min:26580866,33,57705016714,68724326401,11580,405184
5701,min:26580867,38,51015111611,68724326401,11580,405184
5702,min:26580868,37,48480477483,68724326401,11580,405184
5703,min:26580869,31,51663469725,68724326401,11580,405184
5704,min:26580870,36,64083991065,68724326401,11580,405184
5705,min:26580871,38,25106697483,68724326401,11580,405184
5706,min:26580872,39,17470027361,68724326401,11580,405184
5707,min:26580873,35,27319602866,68724326401,11580,405184
5708,min:26580874,39,43238948361,68724326401,11580,405184
5709,min:26580875,32,16502751209,68724326401,11580,405184
5710,min:26580876,31,64541710865,68724326401,11580,405184
5711,min:26580877,36,58973048475,68724326401,11580,405184
5712,min:26580878,36,41393632536,68724326401,11580,405184
5713,min:26580879,39,12642892114,68724326401,11580,405184
5714,min:26580880,37,39879489774,68724326401,11580,405184
5715,min:26580881,36,32910651597,68724326401,11580,405184
5716,min:26580882,36,30586483660,68724326401,11580,405184
5717,min:26580883,34,1887292997,68724326401,11580,405184
5718,min:26580884,33,35912862640,68724326401,11580,405184
5719,min:26580885,36,47494689014,68724326401,11580,405184
5720,min:26580886,33,4901553544,68724326401,11580,405184
5721,min:26580887,31,57392426798,68724326401,11580,405184
5722,min:26580888,34,50854461731,68724326401,11580,405184
5723,min:26580889,36,24470567938,68724326401,11580,405184
5724,min:26580890,40,6504274284,68724326401,11580,405184
5725,min:26580891,35,11031607614,68724326401,11580,405184
5726,min:26580892,35,34956220843,68724326401,11580,405184
5727,min:26580893,31,48790184418,68724326401,11580,405184
5728,min:26580894,34,27885599310,68724326401,11580,405184
5729,min:26580895,34,38137993558,68724326401,11580,405184
5730,min:26580896,35,19106939739,68724326401,11580,405184
5731,min:26580897,36,45056432992,68724326401,11580,405184
5732,min:26580898,33,44697779449,68724326401,11580,405184
5733,min:26580899,31,46779707616,68724326401,11580,405184
5734,min:26580900,31,15125817028,68724326401,11580,405184
5735,min:26580901,29,26435330595,68724326401,11580,405184
5736,min:26580902,36,61537630277,68724326401,11580,405184
5737,min:26580903,36,46088391735,68724326401,11580,405184
5738,min:26580904,35,62277099358,68724326401,11580,405184
5739,min:26580905,32,21894953311,68724326401,11580,405184
5740,min:26580906,36,54151633653,68724326401,11580,405184
5741,min:26580907,34,59871586437,68724326401,11580,405184
5742,min:26580908,34,40757983326,68724326401,11580,405184
5743,min:26580909,36,13317153561,68724326401,11580,405184
5744,min:26580910,36,67237715865,68724326401,11580,405184
5745,min:26580911,31,41504371777,68724326401,11580,405184
5746,min:26580912,36,51261569950,68724326401,11580,405184
5747,min:26580913,34,15625318021,68724326401,11580,405184
5748,min:26580914,36,2739371336,68724326401,11580,405184
5749,min:26580915,34,1003466272,68724326401,11580,405184
5750,min:26580916,36,28759038929,68724326401,11580,405184
5751,min:26580917,37,8336557839,68724326401,11580,405184
5752,min:26580918,35,618509293,68724326401,11580,405184
5753,min:26580919,38,39909021186,68724326401,11580,405184
5754,min:26580920,32,48058708794,68724326401,11580,405184
5755,min:26580921,37,45921537836,68724326401,11580,405184
5756,min:26580922,35,67764626518,68724326401,11580,405184
5757,min:26580923,34,38354748687,68724326401,11580,405184
5758,min:26580924,37,50543907470,68724326401,11580,405184
5759,min:26580925,38,32547398874,68724326401,11580,405184
5760,min:26580926,35,3229821632,68724326401,11580,405184
5761,min:26580927,37,45529678512,68724326401,11580,405184
5762,min:26580928,32,67805050796,68724326401,11580,405184
5763,min:26580929,39,5548831376,68724326401,11580,405184
5764,min:26580930,34,22628041110,68724326401,11580,405184
5765,min:26580931,37,1501904507,68724326401,11580,405184
5766,min:26580932,38,10899985540,68724326401,11580,405184
5767,min:26580933,32,48395516004,68724326401,11580,405184
5768,min:26580934,30,41027428188,68724326401,11580,405184
5769,min:26580935,33,55563298750,68724326401,11580,405184
5770,min:26580936,37,13815435553,68724326401,11580,405184
5771,min:26580937,34,8568409717,68724326401,11580,405184
5772,min:26580938,37,43896986961,68724326401,11580,405184
5773,min:26580939,36,30517576317,68724326401,11580,405184
5774,min:26580940,36,67934189792,68724326401,11580,405184
5775,min:26580941,35,6016324190,68724326401,11580,405184
5776,min:26580942,32,42567030669,68724326401,11580,405184
5777,min:26580943,38,18249080876,68724326401,11580,405184
5778,min:26580944,34,48003598631,68724326401,11580,405184
5779,min:26580945,35,52179456885,68724326401,11580,405184
5780,min:26580946,37,67509097547,68724326401,11580,405184
5781,min:26580947,33,58271669753,68724326401,11580,405184
5782,min:26580948,35,28850454633,68724326401,11580,405184
5783,min:26580949,36,49971776343,68724326401,11580,405184
5784,min:26580950,39,42286522290,68724326401,11580,405184
5785,min:26580951,33,28433293034,68724326401,11580,405184
5786,min:26580952,37,20566072485,68724326401,11580,405184
5787,min:26580953,35,48920657072,68724326401,11580,405184
5788,min:26580954,35,15991485020,68724326401,11580,405184
5789,min:26580955,37,45584709077,68724326401,11580,405184
5790,min:26580956,34,47080806595,68724326401,11580,405184
5791,min:26580957,38,5346424621,68724326401,11580,405184
5792,min:26580958,34,68176729171,68724326401,11580,405184
5793,min:26580959,34,19869501761,68724326401,11580,405184
5794,min:26580960,34,12813290831,68724326401,11580,405184
5795,min:26580961,36,9908599748,68724326401,11580,405184
5796,min:26580962,37,67167964928,68724326401,11580,405184
5797,min:26580963,34,37736665160,68724326401,11580,405184
5798,min:26580964,38,16216214989,68724326401,11580,405184
5799,min:26580965,37,68224615456,68724326401,11580,405184
5800,min:26580966,34,54585249164,68724326401,11580,405184
5801,min:26580967,32,6871122969,68724326401,11580,405184
5802,min:26580968,33,45384338861,68724326401,11580,405184
5803,min:26580969,38,1724524977,68724326401,11580,405184
5804,min:26580970,39,60475007969,68724326401,11580,405184
5805,min:26580971,32,24446967803,68724326401,11580,405184
5806,min:26580972,41,46431225003,68724326401,11580,405184
5807,min:26580973,34,46991154679,68724326401,11580,405184
5808,min:26580974,39,63613492696,68724326401,11580,405184
5809,min:26580975,30,40659579236,68724326401,11580,405184
5810,min:26580976,35,42596854559,68724326401,11580,405184
5811,min:26580977,36,66528508797,68724326401,11580,405184
5812,min:26580978,34,37181298169,68724326401,11580,405184
5813,min:26580979,35,52600507801,68724326401,11580,405184
5814,min:26580980,36,37192509719,68724326401,11580,405184
5815,min:26580981,38,7170310585,68724326401,11580,405184
5816,min:26580982,37,65821838510,68724326401,11580,405184
5817,min:26580983,36,2909652868,68724326401,11580,405184
5818,min:26580984,35,25660203180,68724326401,11580,405184
5819,min:26580985,39,26902354623,68724326401,11580,405184
5820,min:26580986,35,12131945517,68724326401,11580,405184
5821,min:26580987,38,4923087724,68724326401,11580,405184
5822,min:26580988,35,26168833100,68724326401,11580,405184
5823,min:26580989,32,60309974302,68724326401,11580,405184
5824,min:26580990,35,31478789642,68724326401,11580,405184
5825,min:26580991,37,27367068571,68724326401,11580,405184
5826,min:26580992,36,55769810012,68724326401,11580,405184
5827,min:26580993,35,22188709590,68724326401,11580,405184
5828,min:26580994,37,1930807904,68724326401,11580,405184
5829,min:26580995,34,61532308239,68724326401,11580,405184
5830,min:26580996,37,38403975974,68724326401,11580,405184
5831,min:26580997,33,68116406741,68724326401,11580,405184
5832,min:26580998,36,35449137690,68724326401,11580,405184
5833,min:26580999,36,63869167184,68724326401,11580,405184
5834,min:26581000,37,57027956288,68724326401,11580,405184
5835,min:26581001,40,24647733935,68724326401,11580,405184
5836,min:26581002,38,34132846901,68724326401,11580,405184
5837,min:26581003,33,29906847382,68724326401,11580,405184
5838,min:26581004,36,59335461916,68724326401,11580,405184
5839,min:26581005,39,25418734247,68724326401,11580,405184
5840,min:26581006,34,61048005428,68724326401,11580,405184
5841,min:26581007,35,29931726307,68724326401,11580,405184
5842,min:26581008,37,40388667428,68724326401,11580,405184
5843,min:26581009,30,17781742050,68724326401,11580,405184
5844,min:26581010,35,1949731740,68724326401,11580,405184
5845,min:26581011,34,38510141307,68724326401,11580,405184
5846,min:26581012,36,55482173206,68724326401,11580,405184
5847,min:26581013,37,3536253831,68724326401,11580,405184
5848,min:26581014,39,58984362703,68724326401,11580,405184
5849,min:26581015,36,46905784188,68724326401,11580,405184
5850,min:26581016,33,4586076809,68724326401,11580,405184
5851,min:26581017,33,41753627738,68724326401,11580,405184
5852,min:26581018,34,39330795682,68724326401,11580,405184
5853,min:26581019,32,31529953755,68724326401,11580,405184
5854,min:26581020,38,23830708632,68724326401,11580,405184
5855,min:26581021,39,29529005749,68724326401,11580,405184
5856,min:26581022,37,1450947061,68724326401,11580,405184
5857,min:26581023,38,44342283856,68724326401,11580,405184
5858,min:26581024,36,23208058769,68724326401,11580,405184
5859,min:26581025,38,26056755636,68724326401,11580,405184
5860,min:26581026,36,25388930740,68724326401,11580,405184
5861,min:26581027,36,19182121936,68724326401,11580,405184
5862,min:26581028,37,55321174382,68724326401,11580,405184
5863,min:26581029,39,62980009711,68724326401,11580,405184
5864,min:26581030,37,15612586543,68724326401,11580,405184
5865,min:26581031,35,46091212318,68724326401,11580,405184
5866,min:26581032,36,6004501570,68724326401,11580,405184
5867,min:26581033,35,57838454762,68724326401,11580,405184
5868,min:26581034,36,12077399680,68724326401,11580,405184
5869,min:26581035,35,60282346266,68724326401,11580,405184
5870,min:26581036,35,8867805899,68724326401,11580,405184
5871,min:26581037,39,49022130125,68724326401,11580,405184
5872,min:26581038,36,33469372913,68724326401,11580,405184
5873,min:26581039,36,25979388270,68724326401,11580,405184
5874,min:26581040,35,8973976328,68724326401,11580,405184
5875,min:26581041,34,34128081182,68724326401,11580,405184
5876,min:26581042,36,31198901989,68724326401,11580,405184
5877,min:26581043,35,59016365560,68724326401,11580,405184
5878,min:26581044,35,7182845923,68724326401,11580,405184
5879,min:26581045,36,53922595282,68724326401,11580,405184
5880,min:26581046,36,31046262316,68724326401,11580,405184
5881,min:26581047,35,14805741887,68724326401,11580,405184
5882,min:26581048,38,68462095022,68724326401,11580,405184
5883,min:26581049,37,13880566496,68724326401,11580,405184
5884,min:26581050,35,67976917724,68724326401,11580,405184
5885,min:26581051,36,47119491777,68724326401,11580,405184
5886,min:26581052,34,34732871389,68724326401,11580,405184
5887,min:26581053,37,62990535248,68724326401,11580,405184
5888,min:26581054,34,15810489986,68724326401,11580,405184
5889,min:26581055,36,32299954736,68724326401,11580,405184
5890,min:26581056,35,56247680276,68724326401,11580,405184
5891,min:26581057,32,3082283394,68724326401,11580,405184
5892,min:26581058,30,36464087082,68724326401,11580,405184
5893,min:26581059,35,66969604041,68724326401,11580,405184
5894,min:26581060,35,68702524005,68724326401,11580,405184
5895,min:26581061,35,5566649589,68724326401,11580,405184
5896,min:26581062,37,2066426712,68724326401,11580,405184
5897,min:26581063,37,21481428556,68724326401,11580,405184
5898,min:26581064,36,3359641091,68724326401,11580,405184
5899,min:26581065,33,42914939926,68724326401,11580,405184
5900,min:26581066,38,37092382889,68724326401,11580,405184
5901,min:26581067,34,21616201332,68724326401,11580,405184
5902,min:26581068,37,48616757504,68724326401,11580,405184
5903,min:26581069,30,2788527551,68724326401,11580,405184
5904,min:26581070,30,3934142018,68724326401,11580,405184
5905,min:26581071,35,49439723837,68724326401,11580,405184
5906,min:26581072,35,25473428501,68724326401,11580,405184
5907,min:26581073,38,67699284047,68724326401,11580,405184
5908,min:26581074,35,50949200428,68724326401,11580,405184
5909,min:26581075,40,45390405765,68724326401,11580,405184
5910,min:26581076,37,23239061661,68724326401,11580,405184
5911,min:26581077,39,58703436149,68724326401,11580,405184
5912,min:26581078,37,30231984894,68724326401,11580,405184
5913,min:26581079,37,32624847557,68724326401,11580,405184
5914,min:26581080,35,20240867951,68724326401,11580,405184
5915,min:26581081,35,65744658904,68724326401,11580,405184
5916,min:26581082,35,47536066760,68724326401,11580,405184
5917,min:26581083,38,32951293645,68724326401,11580,405184
5918,min:26581084,34,57004976538,68724326401,11580,405184
5919,min:26581085,33,40328643778,68724326401,11580,405184
5920,min:26581086,35,40431139762,68724326401,11580,405184
5921,min:26581087,37,3997548830,68724326401,11580,405184
5922,min:26581088,31,18577612229,68724326401,11580,405184
5923,min:26581089,34,52613695093,68724326401,11580,405184
5924,min:26581090,39,59907996923,68724326401,11580,405184
5925,min:26581091,34,20985525539,68724326401,11580,405184
5926,min:26581092,38,42212538627,68724326401,11580,405184
5927,min:26581093,36,104719567,68724326401,11580,405184
5928,min:26581094,39,29741701194,68724326401,11580,405184
5929,min:26581095,34,4262249387,68724326401,11580,405184
5930,min:26581096,36,46107319021,68724326401,11580,405184
5931,min:26581097,35,41187004182,68724326401,11580,405184
5932,min:26581098,36,38694271730,68724326401,11580,405184
5933,min:26581099,31,45241627655,68724326401,11580,405184
5934,min:26581100,36,9675673105,68724326401,11580,405184
5935,min:26581101,40,13367985363,68724326401,11580,405184
5936,min:26581102,38,49503793369,68724326401,11580,405184
5937,min:26581103,36,52347526294,68724326401,11580,405184
5938,min:26581104,36,24167552367,68724326401,11580,405184
5939,min:26581105,37,14199082709,68724326401,11580,405184
5940,min:26581106,38,32385154440,68724326401,11580,405184
5941,min:26581107,38,50590903245,68724326401,11580,405184
5942,min:26581108,36,25839097731,68724326401,11580,405184
5943,min:26581109,36,44542282896,68724326401,11580,405184
5944,min:26581110,34,24025511670,68724326401,11580,405184
5945,min:26581111,34,1546891579,68724326401,11580,405184
5946,min:26581112,35,9019187034,68724326401,11580,405184
5947,min:26581113,34,64124637035,68724326401,11580,405184
5948,min:26581114,37,3519093154,68724326401,11580,405184
5949,min:26581115,36,21891285788,68724326401,11580,405184
5950,min:26581116,37,62673503882,68724326401,11580,405184
5951,min:26581117,33,52205299878,68724326401,11580,405184
5952,min:26581118,34,53655208260,68724326401,11580,405184
5953,min:26581119,36,25643735420,68724326401,11580,405184
5954,min:26581120,35,51652253353,68724326401,11580,405184
5955,min:26581121,34,18701523647,68724326401,11580,405184
5956,min:26581122,37,54954331936,68724326401,11580,405184
5957,min:26581123,36,14065992717,68724326401,11580,405184
5958,min:26581124,37,48368306012,68724326401,11580,405184
5959,min:26581125,38,28281447235,68724326401,11580,405184
5960,min:26581126,38,24438223584,68724326401,11580,405184
5961,min:26581127,36,29937911419,68724326401,11580,405184
5962,min:26581128,38,49108321593,68724326401,11580,405184
5963,min:26581129,37,44664609078,68724326401,11580,405184
5964,min:26581130,36,38620371377,68724326401,11580,405184
5965,min:26581131,38,3461313938,68724326401,11580,405184
5966,min:26581132,35,5661521810,68724326401,11580,405184
5967,min:26581133,37,56142744954,68724326401,11580,405184
5968,min:26581134,35,57652441797,68724326401,11580,405184
5969,min:26581135,33,60373895862,68724326401,11580,405184
5970,min:26581136,36,3242861515,68724326401,11580,405184
5971,min:26581137,36,14144505625,68724326401,11580,405184
5972,min:26581138,32,57563112376,68724326401,11580,405184
5973,min:26581139,35,35210386703,68724326401,11580,405184
5974,min:26581140,35,23450898825,68724326401,11580,405184
5975,min:26581141,39,57698359432,68724326401,11580,405184
5976,min:26581142,36,59979292924,68724326401,11580,405184
5977,min:26581143,34,38341326492,68724326401,11580,405184
5978,min:26581144,38,29106507543,68724326401,11580,405184
5979,min:26581145,36,68546587050,68724326401,11580,405184
5980,min:26581146,37,59152143710,68724326401,11580,405184
5981,min:26581147,33,40616892589,68724326401,11580,405184
5982,min:26581148,39,40255715341,68724326401,11580,405184
5983,min:26581149,36,7335489428,68724326401,11580,405184
5984,min:26581150,35,9754609475,68724326401,11580,405184
5985,min:26581151,32,53731190586,68724326401,11580,405184
5986,min:26581152,35,8831186465,68724326401,11580,405184
5987,min:26581153,36,2433986996,68724326401,11580,405184
5988,min:26581154,38,64271493387,68724326401,11580,405184
5989,min:26581155,35,29608434852,68724326401,11580,405184
5990,min:26581156,36,63894267270,68724326401,11580,405184
5991,min:26581157,34,66127770177,68724326401,11580,405184
5992,min:26581158,41,46271061597,68724326401,11580,405184
5993,min:26581159,36,45815518496,68724326401,11580,405184
5994,min:26581160,39,5857085063,68724326401,11580,405184
5995,min:26581161,36,17006743749,68724326401,11580,405184
5996,min:26581162,35,64448307277,68724326401,11580,405184
5997,min:26581163,38,8954720501,68724326401,11580,405184
5998,min:26581164,36,4899583655,68724326401,11580,405184
5999,min:26581165,37,3207321293,68724326401,11580,405184
6000,min:26581166,36,53952294347,68724326401,11580,405184
6001,min:26581167,38,38939581171,68724326401,11580,405184
6002,min:26581168,38,20301183118,68724326401,11580,405184
6003,min:26581169,37,44307513122,68724326401,11580,405184
6004,min:26581170,34,59702683955,68724326401,11580,405184
6005,min:26581171,38,34910212314,68724326401,11580,405184
6006,min:26581172,34,64785066931,68724326401,11580,405184
6007,min:26581173,34,3086287677,68724326401,11580,405184
6008,min:26581174,39,16415007236,68724326401,11580,405184
6009,min:26581175,36,13188769403,68724326401,11580,405184
6010,min:26581176,35,63216490681,68724326401,11580,405184
6011,min:26581177,35,67982592075,68724326401,11580,405184
6012,min:26581178,37,2297257948,68724326401,11580,405184
6013,min:26581179,35,17239221011,68724326401,11580,405184
6014,min:26581180,36,13754743106,68724326401,11580,405184
6015,min:26581181,35,37306588943,68724326401,11580,405184
6016,min:26581182,36,28728695392,68724326401,11580,405184
6017,min:26581183,36,62622307142,68724326401,11580,405184
6018,min:26581184,30,20591515135,68724326401,11580,405184
6019,min:26581185,34,43351159272,68724326401,11580,405184
6020,min:26581186,36,61583775778,68724326401,11580,405184
6021,min:26581187,38,23811677339,68724326401,11580,405184
6022,min:26581188,34,47711160909,68724326401,11580,405184
6023,min:26581189,34,10754815316,68724326401,11580,405184
6024,min:26581190,33,25514011050,68724326401,11580,405184
6025,min:26581191,33,238394622,68724326401,11580,405184
6026,min:26581192,34,26410693324,68724326401,11580,405184
6027,min:26581193,31,54506779461,68724326401,11580,405184
6028,min:26581194,39,48944295906,68724326401,11580,405184
6029,min:26581195,36,44541336212,68724326401,11580,405184
6030,min:26581196,34,5087622972,68724326401,11580,405184
6031,min:26581197,34,61784848066,68724326401,11580,405184
6032,min:26581198,34,4691249127,68724326401,11580,405184
6033,min:26581199,32,51505167735,68724326401,11580,405184
6034,min:26581200,33,46081792748,68724326401,11580,405184
6035,min:26581201,35,40246116641,68724326401,11580,405184
6036,min:26581202,33,39661133465,68724326401,11580,405184
6037,min:26581203,34,46933289138,68724326401,11580,405184
6038,min:26581204,35,1197286205,68724326401,11580,405184
6039,min:26581205,35,28374401556,68724326401,11580,405184
6040,min:26581206,35,52923894720,68724326401,11580,405184
6041,min:26581207,33,17842432755,68724326401,11580,405184
6042,min:26581208,36,16190767477,68724326401,11580,405184
6043,min:26581209,34,32681444923,68724326401,11580,405184
6044,min:26581210,35,58740420541,68724326401,11580,405184
6045,min:26581211,37,56457070089,68724326401,11580,405184
6046,min:26581212,38,25635559874,68724326401,11580,405184
6047,min:26581213,37,57051098058,68724326401,11580,405184
6048,min:26581214,37,173501541,68724326401,11580,405184
6049,min:26581215,33,41343972549,68724326401,11580,405184
6050,min:26581216,35,64954903960,68724326401,11580,405184
6051,min:26581217,37,31496221173,68724326401,11580,405184
6052,min:26581218,32,4527126167,68724326401,11580,405184
6053,min:26581219,37,10666879537,68724326401,11580,405184
6054,min:26581220,36,36666107298,68724326401,11580,405184
6055,min:26581221,34,30375380652,68724326401,11580,405184
6056,min:26581222,35,24415320813,68724326401,11580,405184
6057,min:26581223,37,2268686319,68724326401,11580,405184
6058,min:26581224,34,23272670939,68724326401,11580,405184
6059,min:26581225,37,62954577417,68724326401,11580,405184
6060,min:26581226,34,44078523035,68724326401,11580,405184
6061,min:26581227,38,41835130338,68724326401,11580,405184
6062,min:26581228,38,45122249246,68724326401,11580,405184
6063,min:26581229,37,31392806772,68724326401,11580,405184
6064,min:26581230,35,58372930676,68724326401,11580,405184
6065,min:26581231,35,58327282397,68724326401,11580,405184
6066,min:26581232,34,37527561060,68724326401,11580,405184
6067,min:26581233,38,387878370,68724326401,11580,405184
6068,min:26581234,36,55903944818,68724326401,11580,405184
6069,min:26581235,33,50926809645,68724326401,11580,405184
6070,min:26581236,34,9275504449,68724326401,11580,405184
6071,min:26581237,38,51913829555,68724326401,11580,405184
6072,min:26581238,32,41139798065,68724326401,11580,405184
6073,min:26581239,35,56235102718,68724326401,11580,405184
6074,min:26581240,34,48681848618,68724326401,11580,405184
6075,min:26581241,35,50409850404,68724326401,11580,405184
6076,min:26581242,34,20320436774,68724326401,11580,405184
6077,min:26581243,33,32086928644,68724326401,11580,405184
6078,min:26581244,35,1909589693,68724326401,11580,405184
6079,min:26581245,37,49394751459,68724326401,11580,405184
6080,min:26581246,35,65526246026,68724326401,11580,405184
6081,min:26581247,35,4407224358,68724326401,11580,405184
6082,min:26581248,37,49913612958,68724326401,11580,405184
6083,min:26581249,36,54001962363,68724326401,11580,405184
6084,min:26581250,39,21946934352,68724326401,11580,405184
6085,min:26581251,35,43998326404,68724326401,11580,405184
6086,min:26581252,35,52570966461,68724326401,11580,405184
6087,min:26581253,36,61021244921,68724326401,11580,405184
6088,min:26581254,34,43616650077,68724326401,11580,405184
6089,min:26581255,36,9428329760,68724326401,11580,405184
6090,min:26581256,39,36841259644,68724326401,11580,405184
6091,min:26581257,35,26149699748,68724326401,11580,405184
6092,min:26581258,32,19857333588,68724326401,11580,405184
6093,min:26581259,36,3580805013,68724326401,11580,405184
6094,min:26581260,34,7903951483,68724326401,11580,405184
6095,min:26581261,34,63111530425,68724326401,11580,405184
6096,min:26581262,35,61443748034,68724326401,11580,405184
6097,min:26581263,34,65062732815,68724326401,11580,405184
6098,min:26581264,37,35248041721,68724326401,11580,405184
6099,min:26581265,37,56165982180,68724326401,11580,405184
6100,min:26581266,36,4558241412,68724326401,11580,405184
6101,min:26581267,36,38976568746,68724326401,11580,405184
6102,min:26581268,37,20201964250,68724326401,11580,405184
6103,min:26581269,36,12683190208,68724326401,11580,405184
6104,min:26581270,35,63839731854,68724326401,11580,405184
6105,min:26581271,36,33536454962,68724326401,11580,405184
6106,min:26581272,34,37188551007,68724326401,11580,405184
6107,min:26581273,38,17318697517,68724326401,11580,405184
6108,min:26581274,32,6406924330,68724326401,11580,405184
6109,min:26581275,37,16372294977,68724326401,11580,405184
6110,min:26581276,34,52656736342,68724326401,11580,405184
6111,min:26581277,35,59694828640,68724326401,11580,405184
6112,min:26581278,35,4368775612,68724326401,11580,405184
6113,min:26581279,35,20698732301,68724326401,11580,405184
6114,min:26581280,33,64529343876,68724326401,11580,405184
6115,min:26581281,38,53892331472,68724326401,11580,405184
6116,min:26581282,39,60248783657,68724326401,11580,405184
6117,min:26581283,34,36372551686,68724326401,11580,405184
6118,min:26581284,33,6920071622,68724326401,11580,405184
6119,min:26581285,38,49534339186,68724326401,11580,405184
6120,min:26581286,32,25809507818,68724326401,11580,405184
6121,min:26581287,39,15299454109,68724326401,11580,405184
6122,min:26581288,34,28159234864,68724326401,11580,405184
6123,min:26581289,34,37852225282,68724326401,11580,405184
6124,min:26581290,35,11607478318,68724326401,11580,405184
6125,min:26581291,36,40048670278,68724326401,11580,405184
6126,min:26581292,39,36861717362,68724326401,11580,405184
6127,min:26581293,34,60164221875,68724326401,11580,405184
6128,min:26581294,35,41507861888,68724326401,11580,405184
6129,min:26581295,34,61449007615,68724326401,11580,405184
6130,min:26581296,37,33226909903,68724326401,11580,405184
6131,min:26581297,35,24380885650,68724326401,11580,405184
6132,min:26581298,34,61188618799,68724326401,11580,405184
6133,min:26581299,39,35784840746,68724326401,11580,405184
6134,min:26581300,37,28834656875,68724326401,11580,405184
6135,min:26581301,36,1821089749,68724326401,11580,405184
6136,min:26581302,35,28374547951,68724326401,11580,405184
6137,min:26581303,38,57053494289,68724326401,11580,405184
6138,min:26581304,36,58186935535,68724326401,11580,405184
6139,min:26581305,38,57819034500,68724326401,11580,405184
6140,min:26581306,37,21832413125,68724326401,11580,405184
6141,min:26581307,39,22928215535,68724326401,11580,405184
6142,min:26581308,35,20817440613,68724326401,11580,405184
6143,min:26581309,37,3573489411,68724326401,11580,405184
6144,min:26581310,38,39266714559,68724326401,11580,405184
6145,min:26581311,39,2126959108,68724326401,11580,405184
6146,min:26581312,36,12779472979,68724326401,11580,405184
6147,min:26581313,37,35024720271,68724326401,11580,405184
6148,min:26581314,37,57078860533,68724326401,11580,405184
6149,min:26581315,39,5313470226,68724326401,11580,405184
6150,min:26581316,36,28879506493,68724326401,11580,405184
6151,min:26581317,36,37346605628,68724326401,11580,405184
6152,min:26581318,34,3689411913,68724326401,11580,405184
6153,min:26581319,34,21373514535,68724326401,11580,405184
6154,min:26581320,38,26277503552,68724326401,11580,405184
6155,min:26581321,37,33242109202,68724326401,11580,405184
6156,min:26581322,38,31864264610,68724326401,11580,405184
6157,min:26581323,35,37842030252,68724326401,11580,405184
6158,min:26581324,35,52408501326,68724326401,11580,405184
6159,min:26581325,37,61133183402,68724326401,11580,405184
6160,min:26581326,38,16142412556,68724326401,11580,405184
6161,min:26581327,36,16939284282,68724326401,11580,405184
6162,min:26581328,33,50549488407,68724326401,11580,405184
6163,min:26581329,36,22518369334,68724326401,11580,405184
6164,min:26581330,38,59633781411,68724326401,11580,405184
6165,min:26581331,38,14172325371,68724326401,11580,405184
6166,min:26581332,37,67914431551,68724326401,11580,405184
6167,min:26581333,40,4069478500,68724326401,11580,405184
6168,min:26581334,35,28128635205,68724326401,11580,405184
6169,min:26581335,39,59277567284,68724326401,11580,405184
6170,min:26581336,37,54183667054,68724326401,11580,405184
6171,min:26581337,39,56197838158,68724326401,11580,405184
6172,min:26581338,37,58060791192,68724326401,11580,405184
6173,min:26581339,35,61647005762,68724326401,11580,405184
6174,min:26581340,40,60967682616,68724326401,11580,405184
6175,min:26581341,35,48338628822,68724326401,11580,405184
6176,min:26581342,36,16757275546,68724326401,11580,405184
6177,min:26581343,35,16295468081,68724326401,11580,405184
6178,min:26581344,42,15767325335,68724326401,11580,405184
6179,min:26581345,38,13480036909,68724326401,11580,405184
6180,min:26581346,36,51441023020,68724326401,11580,405184
6181,min:26581347,40,49246836605,68724326401,11580,405184
6182,min:26581348,36,57880598019,68724326401,11580,405184
6183,min:26581349,36,38652295803,68724326401,11580,405184
6184,min:26581350,35,33413602142,68724326401,11580,405184
6185,min:26581351,37,725005708,68724326401,11580,405184
6186,min:26581352,38,41290233243,68724326401,11580,405184
6187,min:26581353,38,308226048,68724326401,11580,405184
6188,min:26581354,37,31005447143,68724326401,11580,405184
6189,min:26581355,39,9607172270,68724326401,11580,405184
6190,min:26581356,39,9190373614,68724326401,11580,405184
6191,min:26581357,37,7403643810,68724326401,11580,405184
6192,min:26581358,35,8429295577,68724326401,11580,405184
6193,min:26581359,36,62349420206,68724326401,11580,405184
6194,min:26581360,37,38336597359,68724326401,11580,405184
6195,min:26581361,38,43929567744,68724326401,11580,405184
6196,min:26581362,38,31269285921,68724326401,11580,405184
6197,min:26581363,37,51527494577,68724326401,11580,405184
6198,min:26581364,40,12250591533,68724326401,11580,405184
6199,min:26581365,39,23349754012,68724326401,11580,405184
6200,min:26581366,36,14529280439,68724326401,11580,405184
6201,min:26581367,37,34314615105,68724326401,11580,405184
6202,min:26581368,39,11328324035,68724326401,11580,405184
6203,min:26581369,36,8780256778,68724326401,11580,405184
6204,min:26581370,37,23323749011,68724326401,11580,405184
6205,min:26581371,33,31215962768,68724326401,11580,405184
6206,min:26581372,35,13472263430,68724326401,11580,405184
6207,min:26581373,37,13906825214,68724326401,11580,405184
6208,min:26581374,38,21066223692,68724326401,11580,405184
6209,min:26581375,34,13710825482,68724326401,11580,405184
6210,min:26581376,37,22344923921,68724326401,11580,405184
6211,min:26581377,40,43963608303,68724326401,11580,405184
6212,min:26581378,37,1133358896,68724326401,11580,405184
6213,min:26581379,39,59146661386,68724326401,11580,405184
6214,min:26581380,40,19882333080,68724326401,11580,405184
6215,min:26581381,34,40422977110,68724326401,11580,405184
6216,min:26581382,35,30248600494,68724326401,11580,405184
6217,min:26581383,37,31168286875,68724326401,11580,405184
6218,min:26581384,37,9102363838,68724326401,11580,405184
6219,min:26581385,40,13510971200,68724326401,11580,405184
6220,min:26581386,39,52476702170,68724326401,11580,405184
6221,min:26581387,39,40445384777,68724326401,11580,405184
6222,min:26581388,38,22392514858,68724326401,11580,405184
6223,min:26581389,36,1385622053,68724326401,11580,405184
6224,min:26581390,37,25044728682,68724326401,11580,405184
6225,min:26581391,38,3877472931,68724326401,11580,405184
6226,min:26581392,35,3173348776,68724326401,11580,405184
6227,min:26581393,34,56216285963,68724326401,11580,405184
6228,min:26581394,35,61648859917,68724326401,11580,405184
6229,min:26581395,36,44194729190,68724326401,11580,405184
6230,min:26581396,35,34232530092,68724326401,11580,405184
6231,min:26581397,35,38367666961,68724326401,11580,405184
6232,min:26581398,40,1989350479,68724326401,11580,405184
6233,min:26581399,38,34764403994,68724326401,11580,405184
6234,min:26581400,37,5049039822,68724326401,11580,405184
6235,min:26581401,33,31932530842,68724326401,11580,405184
6236,min:26581402,39,58473369927,68724326401,11580,405184
6237,min:26581403,36,62675675548,68724326401,11580,405184
6238,min:26581404,35,32744225243,68724326401,11580,405184
6239,min:26581405,35,21226910674,68724326401,11580,405184
6240,min:26581406,34,56041198885,68724326401,11580,405184
6241,min:26581407,35,57946309929,68724326401,11580,405184
6242,min:26581408,35,25867847273,68724326401,11580,405184
6243,min:26581409,37,140512614,68724326401,11580,405184
6244,min:26581410,36,7367263954,68724326401,11580,405184
6245,min:26581411,39,68037308460,68724326401,11580,405184
6246,min:26581412,37,48480411173,68724326401,11580,405184
6247,min:26581413,39,18227451719,68724326401,11580,405184
6248,min:26581414,37,46683407551,68724326401,11580,405184
6249,min:26581415,35,52138409906,68724326401,11580,405184
6250,min:26581416,35,64410336197,68724326401,11580,405184
6251,min:26581417,38,37510096880,68724326401,11580,405184
6252,min:26581418,38,3562919188,68724326401,11580,405184
6253,min:26581419,31,14767529372,68724326401,11580,405184
6254,min:26581420,38,58096320941,68724326401,11580,405184
6255,min:26581421,36,53621837270,68724326401,11580,405184
6256,min:26581422,35,61903898118,68724326401,11580,405184
6257,min:26581423,37,60644307313,68724326401,11580,405184
6258,min:26581424,36,36969510344,68724326401,11580,405184
6259,min:26581425,39,22757023981,68724326401,11580,405184
6260,min:26581426,35,61926221164,68724326401,11580,405184
6261,min:26581427,34,67153974490,68724326401,11580,405184
6262,min:26581428,38,25695938139,68724326401,11580,405184
6263,min:26581429,35,50802323950,68724326401,11580,405184
6264,min:26581430,37,33815065341,68724326401,11580,405184
6265,min:26581431,36,39793988447,68724326401,11580,405184
6266,min:26581432,35,51586474529,68724326401,11580,405184
6267,min:26581433,37,60883480835,68724326401,11580,405184
6268,min:26581434,36,12443323489,68724326401,11580,405184
6269,min:26581435,33,4024817847,68724326401,11580,405184
6270,min:26581436,34,17193684387,68724326401,11580,405184
6271,min:26581437,37,55676031787,68724326401,11580,405184
6272,min:26581438,35,35559628977,68724326401,11580,405184
6273,min:26581439,39,65766424120,68724326401,11580,405184
6274,min:26581440,35,39551922250,68724326401,11580,405184
6275,min:26581441,34,34117771874,68724326401,11580,405184
6276,min:26581442,36,65373843271,68724326401,11580,405184
6277,min:26581443,37,1397302513,68724326401,11580,405184
6278,min:26581444,33,28064422730,68724326401,11580,405184
6279,min:26581445,34,10895969259,68724326401,11580,405184
6280,min:26581446,32,58585536997,68724326401,11580,405184
6281,min:26581447,35,59970100999,68724326401,11580,405184
6282,min:26581448,38,9006423696,68724326401,11580,405184
6283,min:26581449,36,36180141964,68724326401,11580,405184
6284,min:26581450,35,63347610733,68724326401,11580,405184
6285,min:26581451,33,18615137333,68724326401,11580,405184
6286,min:26581452,34,19467039855,68724326401,11580,405184
6287,min:26581453,40,24014113311,68724326401,11580,405184
6288,min:26581454,38,3781215455,68724326401,11580,405184
6289,min:26581455,37,4820997786,68724326401,11580,405184
6290,min:26581456,36,31961575192,68724326401,11580,405184
6291,min:26581457,36,47988660234,68724326401,11580,405184
6292,min:26581458,37,12407616859,68724326401,11580,405184
6293,min:26581459,38,53222453846,68724326401,11580,405184
6294,min:26581460,35,38467966619,68724326401,11580,405184
6295,min:26581461,39,18484121422,68724326401,11580,405184
6296,min:26581462,37,33538595349,68724326401,11580,405184
6297,min:26581463,33,53396807686,68724326401,11580,405184
6298,min:26581464,36,5472964601,68724326401,11580,405184
6299,min:26581465,36,6375436726,68724326401,11580,405184
6300,min:26581466,36,22997973772,68724326401,11580,405184
6301,min:26581467,37,29990980950,68724326401,11580,405184
6302,min:26581468,38,55558642340,68724326401,11580,405184
6303,min:26581469,38,62600152079,68724326401,11580,405184
6304,min:26581470,34,4502070531,68724326401,11580,405184
6305,min:26581471,30,269661763,68724326401,11580,405184
6306,min:26581472,32,45302277201,68724326401,11580,405184
6307,min:26581473,34,66637209689,68724326401,11580,405184
6308,min:26581474,35,25957554367,68724326401,11580,405184
6309,min:26581475,34,27400779952,68724326401,11580,405184
6310,min:26581476,35,61765766081,68724326401,11580,405184
6311,min:26581477,35,48285634225,68724326401,11580,405184
6312,min:26581478,36,22936115128,68724326401,11580,405184
6313,min:26581479,36,13877110275,68724326401,11580,405184
6314,min:26581480,33,12159548554,68724326401,11580,405184
6315,min:26581481,35,43617879887,68724326401,11580,405184
6316,min:26581482,41,19638422625,68724326401,11580,405184
6317,min:26581483,37,24295237275,68724326401,11580,405184
6318,min:26581484,37,4547432254,68724326401,11580,405184
6319,min:26581485,34,21031334479,68724326401,11580,405184
6320,min:26581486,37,66250570562,68724326401,11580,405184
6321,min:26581487,38,49823178574,68724326401,11580,405184
6322,min:26581488,35,23669644231,68724326401,11580,405184
6323,min:26581489,35,33222766623,68724326401,11580,405184
6324,min:26581490,37,58081217208,68724326401,11580,405184
6325,min:26581491,37,33565327315,68724326401,11580,405184
6326,min:26581492,36,56330409119,68724326401,11580,405184
6327,min:26581493,36,5726121336,68724326401,11580,405184
6328,min:26581494,34,31614427683,68724326401,11580,405184
6329,min:26581495,35,43786234833,68724326401,11580,405184
6330,min:26581496,36,32394489987,68724326401,11580,405184
6331,min:26581497,32,27401453958,68724326401,11580,405184
6332,min:26581498,37,32019800319,68724326401,11580,405184
6333,min:26581499,35,29084491128,68724326401,11580,405184
6334,min:26581500,38,43668329283,68724326401,11580,405184
6335,min:26581501,36,67925015840,68724326401,11580,405184
6336,min:26581502,35,5536299206,68724326401,11580,405184
6337,min:26581503,39,57923859666,68724326401,11580,405184
6338,min:26581504,36,26707466373,68724326401,11580,405184
6339,min:26581505,35,7219927657,68724326401,11580,405184
6340,min:26581506,35,26505364793,68724326401,11580,405184
6341,min:26581507,34,35139181279,68724326401,11580,405184
6342,min:26581508,37,21517580294,68724326401,11580,405184
6343,min:26581509,34,51589470942,68724326401,11580,405184
6344,min:26581510,37,58126633639,68724326401,11580,405184
6345,min:26581511,37,61975066466,68724326401,11580,405184
6346,min:26581512,37,53883069583,68724326401,11580,405184
6347,min:26581513,35,2038172638,68724326401,11580,405184
6348,min:26581514,37,4094756504,68724326401,11580,405184
6349,min:26581515,38,10968791127,68724326401,11580,405184
6350,min:26581516,35,20989476631,68724326401,11580,405184
6351,min:26581517,38,1851577471,68724326401,11580,405184
6352,min:26581518,36,49734047430,68724326401,11580,405184
6353,min:26581519,33,55679641012,68724326401,11580,405184
6354,min:26581520,35,7801410712,68724326401,11580,405184
6355,min:26581521,35,11717521096,68724326401,11580,405184
6356,min:26581522,36,28486697675,68724326401,11580,405184
6357,min:26581523,37,4795256830,68724326401,11580,405184
6358,min:26581524,38,2147922654,68724326401,11580,405184
6359,min:26581525,38,30499123450,68724326401,11580,405184
6360,min:26581526,33,52831241246,68724326401,11580,405184
6361,min:26581527,38,25455734196,68724326401,11580,405184
6362,min:26581528,35,57443188933,68724326401,11580,405184
6363,min:26581529,34,55581589336,68724326401,11580,405184
6364,min:26581530,31,62186458353,68724326401,11580,405184
6365,min:26581531,38,21926377835,68724326401,11580,405184
6366,min:26581532,36,7357621466,68724326401,11580,405184
6367,min:26581533,37,14441475053,68724326401,11580,405184
6368,min:26581534,36,26530508206,68724326401,11580,405184
6369,min:26581535,34,15909570484,68724326401,11580,405184
6370,min:26581536,39,46166519969,68724326401,11580,405184
6371,min:26581537,37,46266397531,68724326401,11580,405184
6372,min:26581538,35,10027435867,68724326401,11580,405184
6373,min:26581539,36,16034427529,68724326401,11580,405184
6374,min:26581540,39,67336848005,68724326401,11580,405184
6375,min:26581541,34,39980396132,68724326401,11580,405184
6376,min:26581542,34,59384383188,68724326401,11580,405184
6377,min:26581543,38,38525461097,68724326401,11580,405184
6378,min:26581544,37,51691037975,68724326401,11580,405184
6379,min:26581545,35,21693747964,68724326401,11580,405184
6380,min:26581546,35,17465827526,68724326401,11580,405184
6381,min:26581547,38,63417474678,68724326401,11580,405184
6382,min:26581548,37,58869709906,68724326401,11580,405184
6383,min:26581549,33,493376874,68724326401,11580,405184
6384,min:26581550,35,23710035414,68724326401,11580,405184
6385,min:26581551,35,9415273832,68724326401,11580,405184
6386,min:26581552,37,52433052155,68724326401,11580,405184
6387,min:26581553,35,50882653190,68724326401,11580,405184
6388,min:26581554,36,36462211928,68724326401,11580,405184
6389,min:26581555,37,60055840921,68724326401,11580,405184
6390,min:26581556,34,42830798538,68724326401,11580,405184
6391,min:26581557,40,35489790767,68724326401,11580,405184
6392,min:26581558,36,68417996024,68724326401,11580,405184
6393,min:26581559,37,27552924918,68724326401,11580,405184
6394,min:26581560,36,59092793569,68724326401,11580,405184
6395,min:26581561,39,49187001951,68724326401,11580,405184
6396,min:26581562,34,60402619056,68724326401,11580,405184
6397,min:26581563,40,42262702766,68724326401,11580,405184
6398,min:26581564,35,18752568152,68724326401,11580,405184
6399,min:26581565,35,32496641532,68724326401,11580,405184
6400,min:26581566,34,24253486662,68724326401,11580,405184
6401,min:26581567,38,57054034930,68724326401,11580,405184
6402,min:26581568,38,31336802864,68724326401,11580,405184
6403,min:26581569,35,2343849186,68724326401,11580,405184
6404,min:26581570,35,11421397240,68724326401,11580,405184
6405,min:26581571,35,24174864544,68724326401,11580,405184
6406,min:26581572,38,63296038861,68724326401,11580,405184
6407,min:26581573,35,54625363509,68724326401,11580,405184
6408,min:26581574,35,41481451671,68724326401,11580,405184
6409,min:26581575,33,37523537621,68724326401,11580,405184
6410,min:26581576,35,3882612655,68724326401,11580,405184
6411,min:26581577,39,41203629770,68724326401,11580,405184
6412,min:26581578,34,44645952749,68724326401,11580,405184
6413,min:26581579,38,7059827373,68724326401,11580,405184
6414,min:26581580,32,17156626014,68724326401,11580,405184
6415,min:26581581,36,65377651033,68724326401,11580,405184
6416,min:26581582,36,10985188609,68724326401,11580,405184
6417,min:26581583,38,17879974720,68724326401,11580,405184
6418,min:26581584,34,47876666451,68724326401,11580,405184
6419,min:26581585,36,63666110173,68724326401,11580,405184
6420,min:26581586,36,54676291302,68724326401,11580,405184
6421,min:26581587,38,15418501770,68724326401,11580,405184
6422,min:26581588,38,654654899,68724326401,11580,405184
6423,min:26581589,33,34041626518,68724326401,11580,405184
6424,min:26581590,37,3073277308,68724326401,11580,405184
6425,min:26581591,34,56049524242,68724326401,11580,405184
6426,min:26581592,39,22654079825,68724326401,11580,405184
6427,min:26581593,35,48149530683,68724326401,11580,405184
6428,min:26581594,36,29831469414,68724326401,11580,405184
6429,min:26581595,36,41367625802,68724326401,11580,405184
6430,min:26581596,37,12312704176,68724326401,11580,405184
6431,min:26581597,34,20344446250,68724326401,11580,405184
6432,min:26581598,34,29579744836,68724326401,11580,405184
6433,min:26581599,35,59195000057,68724326401,11580,405184
6434,min:26581600,36,3761950038,68724326401,11580,405184
6435,min:26581601,35,53372861002,68724326401,11580,405184
6436,min:26581602,39,35654921769,68724326401,11580,405184
6437,min:26581603,40,46736456010,68724326401,11580,405184
6438,min:26581604,32,2725221050,68724326401,11580,405184
6439,min:26581605,38,26170286364,68724326401,11580,405184
6440,min:26581606,34,29300922104,68724326401,11580,405184
6441,min:26581607,34,67295737601,68724326401,11580,405184
6442,min:26581608,34,65399684906,68724326401,11580,405184
6443,min:26581609,29,4205673893,68724326401,11580,405184
6444,min:26581610,39,29446257194,68724326401,11580,405184
6445,min:26581611,38,55745684332,68724326401,11580,405184
6446,min:26581612,34,34127745406,68724326401,11580,405184
6447,min:26581613,36,17519794317,68724326401,11580,405184
6448,min:26581614,36,43860716586,68724326401,11580,405184
6449,min:26581615,38,18130029031,68724326401,11580,405184
6450,min:26581616,38,23843713025,68724326401,11580,405184
6451,min:26581617,39,51115802829,68724326401,11580,405184
6452,min:26581618,35,57226728875,68724326401,11580,405184
6453,min:26581619,35,19225756444,68724326401,11580,405184
6454,min:26581620,34,1147533942,68724326401,11580,405184
6455,min:26581621,37,43851263792,68724326401,11580,405184
6456,min:26581622,36,55527766306,68724326401,11580,405184
6457,min:26581623,39,6021084494,68724326401,11580,405184
6458,min:26581624,36,13105661124,68724326401,11580,405184
6459,min:26581625,36,33907682217,68724326401,11580,405184
6460,min:26581626,37,58473802752,68724326401,11580,405184
6461,min:26581627,35,37863211,68724326401,11580,405184
6462,min:26581628,36,47757307264,68724326401,11580,405184
6463,min:26581629,38,18987992200,68724326401,11580,405184
6464,min:26581630,36,17764202662,68724326401,11580,405184
6465,min:26581631,34,68005281159,68724326401,11580,405184
6466,min:26581632,36,59854062162,68724326401,11580,405184
6467,min:26581633,36,26616763135,68724326401,11580,405184
6468,min:26581634,36,8498969453,68724326401,11580,405184
6469,min:26581635,34,52187076279,68724326401,11580,405184
6470,min:26581636,32,65684773348,68724326401,11580,405184
6471,min:26581637,36,1662908819,68724326401,11580,405184
6472,min:26581638,38,40354930378,68724326401,11580,405184
6473,min:26581639,35,3788538895,68724326401,11580,405184
6474,min:26581640,36,21042118247,68724326401,11580,405184
6475,min:26581641,34,43016408899,68724326401,11580,405184
6476,min:26581642,37,21422413246,68724326401,11580,405184
6477,min:26581643,38,25783369074,68724326401,11580,405184
6478,min:26581644,37,2453572653,68724326401,11580,405184
6479,min:26581645,38,67835957789,68724326401,11580,405184
6480,min:26581646,35,40047206570,68724326401,11580,405184
6481,min:26581647,34,23230484822,68724326401,11580,405184
6482,min:26581648,39,67099570563,68724326401,11580,405184
6483,min:26581649,34,11714831559,68724326401,11580,405184
6484,min:26581650,33,54080282418,68724326401,11580,405184
6485,min:26581651,41,55148893608,68724326401,11580,405184
6486,min:26581652,32,57420647566,68724326401,11580,405184
6487,min:26581653,36,32960871209,68724326401,11580,405184
6488,min:26581654,36,59327647012,68724326401,11580,405184
6489,min:26581655,36,39044130597,68724326401,11580,405184
6490,min:26581656,36,16114198942,68724326401,11580,405184
6491,min:26581657,32,889743714,68724326401,11580,405184
6492,min:26581658,34,4814492978,68724326401,11580,405184
6493,min:26581659,32,64284873035,68724326401,11580,405184
6494,min:26581660,38,43768512148,68724326401,11580,405184
6495,min:26581661,31,17510374866,68724326401,11580,405184
6496,min:26581662,36,10438207180,68724326401,11580,405184
6497,min:26581663,36,65707896660,68724326401,11580,405184
6498,min:26581664,38,58931533451,68724326401,11580,405184
6499,min:26581665,34,1620058943,68724326401,11580,405184
6500,min:26581666,37,61045921144,68724326401,11580,405184
6501,min:26581667,39,16419097973,68724326401,11580,405184
6502,min:26581668,34,26062641093,68724326401,11580,405184
6503,min:26581669,40,13217865602,68724326401,11580,405184
6504,min:26581670,33,50661287492,68724326401,11580,405184
6505,min:26581671,37,27994504758,68724326401,11580,405184
6506,min:26581672,35,30127727738,68724326401,11580,405184
6507,min:26581673,34,10111971931,68724326401,11580,405184
6508,min:26581674,36,30636261795,68724326401,11580,405184
6509,min:26581675,35,32063185215,68724326401,11580,405184
6510,min:26581676,35,25907730746,68724326401,11580,405184
6511,min:26581677,34,54686252934,68724326401,11580,405184
6512,min:26581678,37,21714400211,68724326401,11580,405184
6513,min:26581679,37,19896432913,68724326401,11580,405184
6514,min:26581680,36,36384037321,68724326401,11580,405184
6515,min:26581681,40,41152231496,68724326401,11580,405184
6516,min:26581682,37,62626629970,68724326401,11580,405184
6517,min:26581683,38,7757026755,68724326401,11580,405184
6518,min:26581684,35,45561079901,68724326401,11580,405184
6519,min:26581685,40,12683766560,68724326401,11580,405184
6520,min:26581686,35,52714314320,68724326401,11580,405184
6521,min:26581687,37,62439294870,68724326401,11580,405184
6522,min:26581688,37,12620549639,68724326401,11580,405184
6523,min:26581689,37,11797386186,68724326401,11580,405184
6524,min:26581690,36,66685276314,68724326401,11580,405184
6525,min:26581691,38,43358874539,68724326401,11580,405184
6526,min:26581692,37,22586095911,68724326401,11580,405184
6527,min:26581693,34,28360936783,68724326401,11580,405184
6528,min:26581694,40,8121066096,68724326401,11580,405184
6529,min:26581695,34,68004314725,68724326401,11580,405184
6530,min:26581696,34,38374180692,68724326401,11580,405184
6531,min:26581697,34,40167643058,68724326401,11580,405184
6532,min:26581698,37,38994766820,68724326401,11580,405184
6533,min:26581699,34,12127623648,68724326401,11580,405184
6534,min:26581700,35,52664472931,68724326401,11580,405184
6535,min:26581701,34,24690323608,68724326401,11580,405184
6536,min:26581702,38,47482123084,68724326401,11580,405184
6537,min:26581703,36,7864906369,68724326401,11580,405184
6538,min:26581704,35,54506909181,68724326401,11580,405184
6539,min:26581705,36,52713478486,68724326401,11580,405184
6540,min:26581706,34,8998248161,68724326401,11580,405184
6541,min:26581707,29,38569419188,68724326401,11580,405184
6542,min:26581708,32,50196245033,68724326401,11580,405184
6543,min:26581709,36,8979325606,68724326401,11580,405184
6544,min:26581710,34,49595517567,68724326401,11580,405184
6545,min:26581711,34,50505310218,68724326401,11580,405184
6546,min:26581712,32,6575393688,68724326401,11580,405184
6547,min:26581713,37,62384707035,68724326401,11580,405184
6548,min:26581714,32,17149629704,68724326401,11580,405184
6549,min:26581715,35,32112108534,68724326401,11580,405184
6550,min:26581716,34,11953237598,68724326401,11580,405184
6551,min:26581717,35,36887095281,68724326401,11580,405184
6552,min:26581718,34,35105000581,68724326401,11580,405184
6553,min:26581719,38,8213821241,68724326401,11580,405184
6554,min:26581720,33,60973053912,68724326401,11580,405184
6555,min:26581721,36,26069456192,68724326401,11580,405184
6556,min:26581722,33,41562563052,68724326401,11580,405184
6557,min:26581723,37,8596466795,68724326401,11580,405184
6558,min:26581724,38,36949427146,68724326401,11580,405184
6559,min:26581725,33,59691331098,68724326401,11580,405184
6560,min:26581726,37,38807409469,68724326401,11580,405184
6561,min:26581727,38,37711650371,68724326401,11580,405184
6562,min:26581728,35,23100149673,68724326401,11580,405184
6563,min:26581729,39,7453892461,68724326401,11580,405184
6564,min:26581730,36,32452260013,68724326401,11580,405184
6565,min:26581731,34,10927381920,68724326401,11580,405184
6566,min:26581732,34,42770145712,68724326401,11580,405184
6567,min:26581733,36,42654212756,68724326401,11580,405184
6568,min:26581734,35,15138471301,68724326401,11580,405184
6569,min:26581735,34,23065415162,68724326401,11580,405184
6570,min:26581736,33,43684982947,68724326401,11580,405184
6571,min:26581737,30,42667522156,68724326401,11580,405184
6572,min:26581738,36,36442288310,68724326401,11580,405184
6573,min:26581739,36,7211629895,68724326401,11580,405184
6574,min:26581740,34,18163332537,68724326401,11580,405184
6575,min:26581741,34,43895240610,68724326401,11580,405184
6576,min:26581742,35,42366581755,68724326401,11580,405184
6577,min:26581743,32,55310888537,68724326401,11580,405184
6578,min:26581744,33,22731056088,68724326401,11580,405184
6579,min:26581745,33,66886723115,68724326401,11580,405184
6580,min:26581746,32,45637801379,68724326401,11580,405184
6581,min:26581747,32,3213564124,68724326401,11580,405184
6582,min:26581748,35,2580725547,68724326401,11580,405184
6583,min:26581749,37,57668237839,68724326401,11580,405184
6584,min:26581750,33,54208285998,68724326401,11580,405184
6585,min:26581751,37,40887085472,68724326401,11580,405184
6586,min:26581752,36,40609925495,68724326401,11580,405184
6587,min:26581753,37,28522890412,68724326401,11580,405184
6588,min:26581754,39,20007729493,68724326401,11580,405184
6589,min:26581755,37,24701712810,68724326401,11580,405184
6590,min:26581756,33,18837349108,68724326401,11580,405184
6591,min:26581757,36,31020648001,68724326401,11580,405184
6592,min:26581758,36,11050202539,68724326401,11580,405184
6593,min:26581759,35,724558066,68724326401,11580,405184
6594,min:26581760,37,55913423324,68724326401,11580,405184
6595,min:26581761,36,47357089246,68724326401,11580,405184
6596,min:26581762,36,3035752405,68724326401,11580,405184
6597,min:26581763,33,62800625266,68724326401,11580,405184
6598,min:26581764,37,18620721693,68724326401,11580,405184
6599,min:26581765,32,7293917953,68724326401,11580,405184
6600,min:26581766,33,65687204179,68724326401,11580,405184
6601,min:26581767,36,47681064695,68724326401,11580,405184
6602,min:26581768,32,40003426067,68724326401,11580,405184
6603,min:26581769,35,38574079542,68724326401,11580,405184
6604,min:26581770,36,17126387139,68724326401,11580,405184
6605,min:26581771,36,28514668845,68724326401,11580,405184
6606,min:26581772,33,19294283992,68724326401,11580,405184
6607,min:26581773,37,2837012273,68724326401,11580,405184
6608,min:26581774,35,28478824779,68724326401,11580,405184
6609,min:26581775,36,59337437800,68724326401,11580,405184
6610,min:26581776,33,15271995249,68724326401,11580,405184
6611,min:26581777,35,20419237977,68724326401,11580,405184
6612,min:26581778,36,12325035095,68724326401,11580,405184
6613,min:26581779,34,42974399719,68724326401,11580,405184
6614,min:26581780,38,37803619999,68724326401,11580,405184
6615,min:26581781,34,33210106842,68724326401,11580,405184
6616,min:26581782,35,31739582839,68724326401,11580,405184
6617,min:26581783,38,65903359894,68724326401,11580,405184
6618,min:26581784,33,48079221905,68724326401,11580,405184
6619,min:26581785,36,33881057906,68724326401,11580,405184
6620,min:26581786,36,33189092103,68724326401,11580,405184
6621,min:26581787,37,47092254332,68724326401,11580,405184
6622,min:26581788,35,5617528375,68724326401,11580,405184
6623,min:26581789,36,26093048393,68724326401,11580,405184
6624,min:26581790,36,48636902092,68724326401,11580,405184
6625,min:26581791,32,1382914808,68724326401,11580,405184
6626,min:26581792,33,16944484384,68724326401,11580,405184
6627,min:26581793,34,60819356778,68724326401,11580,405184
6628,min:26581794,36,43023414900,68724326401,11580,405184
6629,min:26581795,39,44862025343,68724326401,11580,405184
6630,min:26581796,31,52641939580,68724326401,11580,405184
6631,min:26581797,37,9224113230,68724326401,11580,405184
6632,min:26581798,37,12553846197,68724326401,11580,405184
6633,min:26581799,32,44888490123,68724326401,11580,405184
6634,min:26581800,37,20065926666,68724326401,11580,405184
6635,min:26581801,32,3933005674,68724326401,11580,405184
6636,min:26581802,37,57211163475,68724326401,11580,405184
6637,min:26581803,35,26861842475,68724326401,11580,405184
6638,min:26581804,34,29441685401,68724326401,11580,405184
6639,min:26581805,36,66125361662,68724326401,11580,405184
6640,min:26581806,33,41256213008,68724326401,11580,405184
6641,min:26581807,36,38763837295,68724326401,11580,405184
6642,min:26581808,37,43830894176,68724326401,11580,405184
6643,min:26581809,36,40021954026,68724326401,11580,405184
6644,min:26581810,34,63520991724,68724326401,11580,405184
6645,min:26581811,36,23543267177,68724326401,11580,405184
6646,min:26581812,36,38775058822,68724326401,11580,405184
6647,min:26581813,34,54993569875,68724326401,11580,405184
6648,min:26581814,36,40972415040,68724326401,11580,405184
6649,min:26581815,35,26853155968,68724326401,11580,405184
6650,min:26581816,36,42259008513,68724326401,11580,405184
6651,min:26581817,36,43365772939,68724326401,11580,405184
6652,min:26581818,32,53665581796,68724326401,11580,405184
6653,min:26581819,35,19788620640,68724326401,11580,405184
6654,min:26581820,36,12756196440,68724326401,11580,405184
6655,min:26581821,34,41722824464,68724326401,11580,405184
6656,min:26581822,37,64623566099,68724326401,11580,405184
6657,min:26581823,34,36315455958,68724326401,11580,405184
6658,min:26581824,35,11534036249,68724326401,11580,405184
6659,min:26581825,37,41620504181,68724326401,11580,405184
6660,min:26581826,38,45873418811,68724326401,11580,405184
6661,min:26581827,33,41821649448,68724326401,11580,405184
6662,min:26581828,35,58588231601,68724326401,11580,405184
6663,min:26581829,37,20428022269,68724326401,11580,405184
6664,min:26581830,34,45275734707,68724326401,11580,405184
6665,min:26581831,34,27082435957,68724326401,11580,405184
6666,min:26581832,34,29659679155,68724326401,11580,405184
6667,min:26581833,34,41919045292,68724326401,11580,405184
6668,min:26581834,36,63112382678,68724326401,11580,405184
6669,min:26581835,35,34117485862,68724326401,11580,405184
6670,min:26581836,35,20835167094,68724326401,11580,405184
6671,min:26581837,36,36345991788,68724326401,11580,405184
6672,min:26581838,33,37554955611,68724326401,11580,405184
6673,min:26581839,37,33097350808,68724326401,11580,405184
6674,min:26581840,33,42590408812,68724326401,11580,405184
6675,min:26581841,36,46819077723,68724326401,11580,405184
6676,min:26581842,37,31678148776,68724326401,11580,405184
6677,min:26581843,37,25338737470,68724326401,11580,405184
6678,min:26581844,34,37181679668,68724326401,11580,405184
6679,min:26581845,32,15877731120,68724326401,11580,405184
6680,min:26581846,37,61899716338,68724326401,11580,405184
6681,min:26581847,33,42866268631,68724326401,11580,405184
6682,min:26581848,37,35618913644,68724326401,11580,405184
6683,min:26581849,31,48415364536,68724326401,11580,405184
6684,min:26581850,40,62000640211,68724326401,11580,405184
6685,min:26581851,34,34419513089,68724326401,11580,405184
6686,min:26581852,36,13393477719,68724326401,11580,405184
6687,min:26581853,36,301782549,68724326401,11580,405184
6688,min:26581854,35,28509083622,68724326401,11580,405184
6689,min:26581855,33,56600001744,68724326401,11580,405184
6690,min:26581856,37,20303798249,68724326401,11580,405184
6691,min:26581857,35,1577431671,68724326401,11580,405184
6692,min:26581858,36,4087373776,68724326401,11580,405184
6693,min:26581859,35,39518625629,68724326401,11580,405184
6694,min:26581860,33,32598194711,68724326401,11580,405184
6695,min:26581861,35,27773383675,68724326401,11580,405184
6696,min:26581862,38,67043458120,68724326401,11580,405184
6697,min:26581863,36,50377346296,68724326401,11580,405184
6698,min:26581864,35,22120416386,68724326401,11580,405184
6699,min:26581865,36,198176987,68724326401,11580,405184
6700,min:26581866,35,3145376198,68724326401,11580,405184
6701,min:26581867,35,2833626842,68724326401,11580,405184
6702,min:26581868,35,17134280848,68724326401,11580,405184
6703,min:26581869,34,26919966140,68724326401,11580,405184
6704,min:26581870,37,48436856007,68724326401,11580,405184
6705,min:26581871,34,21292402694,68724326401,11580,405184
6706,min:26581872,35,67119500943,68724326401,11580,405184
6707,min:26581873,38,63070235863,68724326401,11580,405184
6708,min:26581874,35,63210443164,68724326401,11580,405184
6709,min:26581875,34,50944939877,68724326401,11580,405184
6710,min:26581876,36,61840340000,68724326401,11580,405184
6711,min:26581877,35,9794279255,68724326401,11580,405184
6712,min:26581878,38,17446248025,68724326401,11580,405184
6713,min:26581879,35,42823670648,68724326401,11580,405184
6714,min:26581880,32,9854647383,68724326401,11580,405184
6715,min:26581881,36,61876098641,68724326401,11580,405184
6716,min:26581882,36,31877251751,68724326401,11580,405184
6717,min:26581883,36,64059778050,68724326401,11580,405184
6718,min:26581884,34,60135384598,68724326401,11580,405184
6719,min:26581885,36,40089738505,68724326401,11580,405184
6720,min:26581886,34,26705734878,68724326401,11580,405184
6721,min:26581887,31,45016169505,68724326401,11580,405184
6722,min:26581888,35,68602166943,68724326401,11580,405184
6723,min:26581889,36,6254466813,68724326401,11580,405184
6724,min:26581890,32,28829618286,68724326401,11580,405184
6725,min:26581891,35,20487813070,68724326401,11580,405184
6726,min:26581892,37,46227492566,68724326401,11580,405184
6727,min:26581893,35,24036373271,68724326401,11580,405184
6728,min:26581894,34,34373167021,68724326401,11580,405184
6729,min:26581895,36,31867514607,68724326401,11580,405184
6730,min:26581896,36,64425904072,68724326401,11580,405184
6731,min:26581897,38,18851034649,68724326401,11580,405184
6732,min:26581898,33,16306766435,68724326401,11580,405184
6733,min:26581899,37,36957403742,68724326401,11580,405184
6734,min:26581900,38,47555088363,68724326401,11580,405184
6735,min:26581901,34,37625713040,68724326401,11580,405184
6736,min:26581902,38,37422088625,68724326401,11580,405184
6737,min:26581903,32,61368504530,68724326401,11580,405184
6738,min:26581904,33,65280097231,68724326401,11580,405184
6739,min:26581905,36,65346704358,68724326401,11580,405184
6740,min:26581906,34,4975122060,68724326401,11580,405184
6741,min:26581907,36,16938382628,68724326401,11580,405184
6742,min:26581908,33,33349794432,68724326401,11580,405184
6743,min:26581909,35,14370253988,68724326401,11580,405184
6744,min:26581910,34,34049822518,68724326401,11580,405184
6745,min:26581911,35,3197376368,68724326401,11580,405184
6746,min:26581912,36,24677189817,68724326401,11580,405184
6747,min:26581913,37,39220658702,68724326401,11580,405184
6748,min:26581914,37,43353276071,68724326401,11580,405184
6749,min:26581915,35,34788805800,68724326401,11580,405184
6750,min:26581916,33,13363787796,68724326401,11580,405184
6751,min:26581917,35,36606442811,68724326401,11580,405184
6752,min:26581918,36,46829805001,68724326401,11580,405184
6753,min:26581919,35,38676315722,68724326401,11580,405184
6754,min:26581920,33,15829794718,68724326401,11580,405184
6755,min:26581921,36,64727193934,68724326401,11580,405184
6756,min:26581922,34,12709539293,68724326401,11580,405184
6757,min:26581923,36,43439998328,68724326401,11580,405184
6758,min:26581924,36,33499979809,68724326401,11580,405184
6759,min:26581925,36,43147297143,68724326401,11580,405184
6760,min:26581926,35,56175874848,68724326401,11580,405184
6761,min:26581927,35,24981306588,68724326401,11580,405184
6762,min:26581928,32,15442245129,68724326401,11580,405184
6763,min:26581929,36,4028588384,68724326401,11580,405184
6764,min:26581930,37,59496300321,68724326401,11580,405184
6765,min:26581931,32,67261620922,68724326401,11580,405184
6766,min:26581932,34,38371095401,68724326401,11580,405184
6767,min:26581933,36,49413094467,68724326401,11580,405184
6768,min:26581934,35,21267239530,68724326401,11580,405184
6769,min:26581935,34,26288847058,68724326401,11580,405184
6770,min:26581936,34,3017565928,68724326401,11580,405184
6771,min:26581937,34,22882583544,68724326401,11580,405184
6772,min:26581938,34,60175171463,68724326401,11580,405184
6773,min:26581939,32,58114621179,68724326401,11580,405184
6774,min:26581940,34,27777156107,68724326401,11580,405184
6775,min:26581941,34,52720248853,68724326401,11580,405184
6776,min:26581942,37,55478641522,68724326401,11580,405184
6777,min:26581943,35,47187107111,68724326401,11580,405184
6778,min:26581944,35,64516338230,68724326401,11580,405184
6779,min:26581945,34,34656614685,68724326401,11580,405184
6780,min:26581946,33,25913087968,68724326401,11580,405184
6781,min:26581947,36,67909883572,68724326401,11580,405184
6782,min:26581948,34,7058278111,68724326401,11580,405184
6783,min:26581949,32,41759620020,68724326401,11580,405184
6784,min:26581950,34,11371814578,68724326401,11580,405184
6785,min:26581951,35,32846408089,68724326401,11580,405184
6786,min:26581952,30,67480767098,68724326401,11580,405184
6787,min:26581953,35,19987796680,68724326401,11580,405184
6788,min:26581954,36,5454289449,68724326401,11580,405184
6789,min:26581955,34,48962933324,68724326401,11580,405184
6790,min:26581956,34,57785707756,68724326401,11580,405184
6791,min:26581957,35,8676210685,68724326401,11580,405184
6792,min:26581958,35,4969517820,68724326401,11580,405184
6793,min:26581959,35,66782782718,68724326401,11580,405184
6794,min:26581960,34,46084628496,68724326401,11580,405184
6795,min:26581961,34,23487814395,68724326401,11580,405184
6796,min:26581962,33,16048462576,68724326401,11580,405184
6797,min:26581963,37,2945259113,68724326401,11580,405184
6798,min:26581964,36,2507857676,68724326401,11580,405184
6799,min:26581965,38,12012276946,68724326401,11580,405184
6800,min:26581966,36,44556207243,68724326401,11580,405184
6801,min:26581967,33,24819788368,68724326401,11580,405184
6802,min:26581968,33,68462665453,68724326401,11580,405184
6803,min:26581969,33,11902012332,68724326401,11580,405184
6804,min:26581970,37,37304920959,68724326401,11580,405184
6805,min:26581971,35,37682408861,68724326401,11580,405184
6806,min:26581972,36,30011342968,68724326401,11580,405184
6807,min:26581973,34,10236883541,68724326401,11580,405184
6808,min:26581974,34,35940617545,68724326401,11580,405184
6809,min:26581975,34,10884336861,68724326401,11580,405184
6810,min:26581976,34,11207222272,68724326401,11580,405184
6811,min:26581977,33,63119065036,68724326401,11580,405184
6812,min:26581978,37,52533497026,68724326401,11580,405184
6813,min:26581979,37,58774516393,68724326401,11580,405184
6814,min:26581980,36,23253101015,68724326401,11580,405184
6815,min:26581981,35,8625383841,68724326401,11580,405184
6816,min:26581982,35,524271186,68724326401,11580,405184
6817,min:26581983,35,11548183949,68724326401,11580,405184
6818,min:26581984,38,47414565974,68724326401,11580,405184
6819,min:26581985,34,14115088171,68724326401,11580,405184
6820,min:26581986,35,33652819475,68724326401,11580,405184
6821,min:26581987,34,4601654796,68724326401,11580,405184
6822,min:26581988,34,6291719485,68724326401,11580,405184
6823,min:26581989,36,48856935840,68724326401,11580,405184
6824,min:26581990,39,30059769670,68724326401,11580,405184
6825,min:26581991,34,54668158257,68724326401,11580,405184
6826,min:26581992,34,48587810462,68724326401,11580,405184
6827,min:26581993,32,3529037159,68724326401,11580,405184
6828,min:26581994,36,58777774640,68724326401,11580,405184
6829,min:26581995,35,1529922034,68724326401,11580,405184
6830,min:26581996,32,58560163593,68724326401,11580,405184
6831,min:26581997,35,28676433504,68724326401,11580,405184
6832,min:26581998,35,50319178772,68724326401,11580,405184
6833,min:26581999,34,38749325743,68724326401,11580,405184
6834,min:26582000,38,18658882800,68724326401,11580,405184
6835,min:26582001,37,25896998317,68724326401,11580,405184
6836,min:26582002,34,56137707884,68724326401,11580,405184
6837,min:26582003,35,37870805885,68724326401,11580,405184
6838,min:26582004,34,54292381016,68724326401,11580,405184
6839,min:26582005,32,51998138021,68724326401,11580,405184
6840,min:26582006,34,42145853411,68724326401,11580,405184
6841,min:26582007,36,18335502334,68724326401,11580,405184
6842,min:26582008,35,46189466731,68724326401,11580,405184
6843,min:26582009,33,16527732391,68724326401,11580,405184
6844,min:26582010,36,44545180258,68724326401,11580,405184
6845,min:26582011,34,47304904046,68724326401,11580,405184
6846,min:26582012,35,17494068218,68724326401,11580,405184
6847,min:26582013,38,7761400680,68724326401,11580,405184
6848,min:26582014,37,23400119512,68724326401,11580,405184
6849,min:26582015,36,57781802367,68724326401,11580,405184
6850,min:26582016,34,27474526191,68724326401,11580,405184
6851,min:26582017,34,3107622050,68724326401,11580,405184
6852,min:26582018,31,8062718397,68724326401,11580,405184
6853,min:26582019,35,20879199221,68724326401,11580,405184
6854,min:26582020,37,29902054708,68724326401,11580,405184
6855,min:26582021,34,22549277546,68724326401,11580,405184
6856,min:26582022,36,50816331699,68724326401,11580,405184
6857,min:26582023,38,47019080961,68724326401,11580,405184
6858,min:26582024,36,61915810988,68724326401,11580,405184
6859,min:26582025,36,29459076018,68724326401,11580,405184
6860,min:26582026,34,56017928711,68724326401,11580,405184
6861,min:26582027,37,50939534448,68724326401,11580,405184
6862,min:26582028,34,32550366055,68724326401,11580,405184
6863,min:26582029,38,3412943555,68724326401,11580,405184
6864,min:26582030,37,55294733003,68724326401,11580,405184
6865,min:26582031,38,6180286438,68724326401,11580,405184
6866,min:26582032,36,32560730246,68724326401,11580,405184
6867,min:26582033,36,35737237771,68724326401,11580,405184
6868,min:26582034,38,46796943918,68724326401,11580,405184
6869,min:26582035,36,33344866098,68724326401,11580,405184
6870,min:26582036,33,64583788458,68724326401,11580,405184
6871,min:26582037,32,47840905539,68724326401,11580,405184
6872,min:26582038,37,16978071642,68724326401,11580,405184
6873,min:26582039,36,56613861483,68724326401,11580,405184
6874,min:26582040,34,40559435001,68724326401,11580,405184
6875,min:26582041,31,63342118252,68724326401,11580,405184
6876,min:26582042,36,17873428030,68724326401,11580,405184
6877,min:26582043,36,31178167613,68724326401,11580,405184
6878,min:26582044,37,22682705394,68724326401,11580,405184
6879,min:26582045,38,50858693999,68724326401,11580,405184
6880,min:26582046,39,28116290813,68724326401,11580,405184
6881,min:26582047,32,19229977917,68724326401,11580,405184
6882,min:26582048,37,25306791068,68724326401,11580,405184
6883,min:26582049,32,42028483569,68724326401,11580,405184
6884,min:26582050,35,45729299977,68724326401,11580,405184
6885,min:26582051,38,52736462388,68724326401,11580,405184
6886,min:26582052,34,43207468548,68724326401,11580,405184
6887,min:26582053,36,64630238117,68724326401,11580,405184
6888,min:26582054,36,46847349216,68724326401,11580,405184
6889,min:26582055,31,66279150414,68724326401,11580,405184
6890,min:26582056,38,67663923304,68724326401,11580,405184
6891,min:26582057,38,28691733683,68724326401,11580,405184
6892,min:26582058,34,8729118565,68724326401,11580,405184
6893,min:26582059,34,2473268865,68724326401,11580,405184
6894,min:26582060,38,49229088102,68724326401,11580,405184
6895,min:26582061,33,66938047067,68724326401,11580,405184
6896,min:26582062,33,7264016858,68724326401,11580,405184
6897,min:26582063,36,64342659934,68724326401,11580,405184
6898,min:26582064,39,34429343144,68724326401,11580,405184
6899,min:26582065,32,44145778451,68724326401,11580,405184
6900,min:26582066,35,37456843136,68724326401,11580,405184
6901,min:26582067,35,3666837097,68724326401,11580,405184
6902,min:26582068,33,41776683063,68724326401,11580,405184
6903,min:26582069,38,51090489044,68724326401,11580,405184
6904,min:26582070,36,6637108375,68724326401,11580,405184
6905,min:26582071,36,46544046790,68724326401,11580,405184
6906,min:26582072,36,61329795617,68724326401,11580,405184
6907,min:26582073,34,14280970891,68724326401,11580,405184
6908,min:26582074,36,18916371399,68724326401,11580,405184
6909,min:26582075,34,43583200900,68724326401,11580,405184
6910,min:26582076,36,31427605501,68724326401,11580,405184
6911,min:26582077,35,7348121987,68724326401,11580,405184
6912,min:26582078,36,19233418130,68724326401,11580,405184
6913,min:26582079,37,42650141229,68724326401,11580,405184
6914,min:26582080,36,43518308440,68724326401,11580,405184
6915,min:26582081,34,29747464418,68724326401,11580,405184
6916,min:26582082,39,51196149912,68724326401,11580,405184
6917,min:26582083,36,45389577673,68724326401,11580,405184
6918,min:26582084,35,61396432,68724326401,11580,405184
6919,min:26582085,37,26504329718,68724326401,11580,405184
6920,min:26582086,38,17803574523,68724326401,11580,405184
6921,min:26582087,34,11886765730,68724326401,11580,405184
6922,min:26582088,38,6931602705,68724326401,11580,405184
6923,min:26582089,33,55459922138,68724326401,11580,405184
6924,min:26582090,37,49571073233,68724326401,11580,405184
6925,min:26582091,35,23557842388,68724326401,11580,405184
6926,min:26582092,34,22844255579,68724326401,11580,405184
6927,min:26582093,38,10649649012,68724326401,11580,405184
6928,min:26582094,35,12742636745,68724326401,11580,405184
6929,min:26582095,35,63474016536,68724326401,11580,405184
6930,min:26582096,36,20901780295,68724326401,11580,405184
6931,min:26582097,33,33343404786,68724326401,11580,405184
6932,min:26582098,31,10137037630,68724326401,11580,405184
6933,min:26582099,35,64014040282,68724326401,11580,405184
6934,min:26582100,38,50067895124,68724326401,11580,405184
6935,min:26582101,35,11244009436,68724326401,11580,405184
6936,min:26582102,37,31215814673,68724326401,11580,405184
6937,min:26582103,32,5086247443,68724326401,11580,405184
6938,min:26582104,37,8155927320,68724326401,11580,405184
6939,min:26582105,36,30471163373,68724326401,11580,405184
6940,min:26582106,37,2062779380,68724326401,11580,405184
6941,min:26582107,33,12398567715,68724326401,11580,405184
6942,min:26582108,36,58428410403,68724326401,11580,405184
6943,min:26582109,36,26259156522,68724326401,11580,405184
6944,min:26582110,38,46684159499,68724326401,11580,405184
6945,min:26582111,36,59830612112,68724326401,11580,405184
6946,min:26582112,36,9830343516,68724326401,11580,405184
6947,min:26582113,38,26450005364,68724326401,11580,405184
6948,min:26582114,37,39927455018,68724326401,11580,405184
6949,min:26582115,39,3832558249,68724326401,11580,405184
6950,min:26582116,39,17063446926,68724326401,11580,405184
6951,min:26582117,33,18216750355,68724326401,11580,405184
6952,min:26582118,36,31262599577,68724326401,11580,405184
6953,min:26582119,33,21496993879,68724326401,11580,405184
6954,min:26582120,39,12860718537,68724326401,11580,405184
6955,min:26582121,35,10019214630,68724326401,11580,405184
6956,min:26582122,35,51024505921,68724326401,11580,405184
6957,min:26582123,37,35107169837,68724326401,11580,405184
6958,min:26582124,30,6771519414,68724326401,11580,405184
6959,min:26582125,34,33343408383,68724326401,11580,405184
6960,min:26582126,34,8639202042,68724326401,11580,405184
6961,min:26582127,33,47815792847,68724326401,11580,405184
6962,min:26582128,36,43677908404,68724326401,11580,405184
6963,min:26582129,37,10297088738,68724326401,11580,405184
6964,min:26582130,38,7877129436,68724326401,11580,405184
6965,min:26582131,34,51904745566,68724326401,11580,405184
6966,min:26582132,33,27429907963,68724326401,11580,405184
6967,min:26582133,36,8649279821,68724326401,11580,405184
6968,min:26582134,36,4966801428,68724326401,11580,405184
6969,min:26582135,35,28292852184,68724326401,11580,405184
6970,min:26582136,36,22396696109,68724326401,11580,405184
6971,min:26582137,35,54003203592,68724326401,11580,405184
6972,min:26582138,36,17350875573,68724326401,11580,405184
6973,min:26582139,36,1000881407,68724326401,11580,405184
6974,min:26582140,33,24438817854,68724326401,11580,405184
6975,min:26582141,35,56596501529,68724326401,11580,405184
6976,min:26582142,36,7826015755,68724326401,11580,405184
6977,min:26582143,38,278868431,68724326401,11580,405184
6978,min:26582144,35,31672043791,68724326401,11580,405184
6979,min:26582145,35,14661524543,68724326401,11580,405184
6980,min:26582146,32,32022591350,68724326401,11580,405184
6981,min:26582147,40,48751881913,68724326401,11580,405184
6982,min:26582148,35,47299970925,68724326401,11580,405184
6983,min:26582149,36,22319976082,68724326401,11580,405184
6984,min:26582150,40,46959331969,68724326401,11580,405184
6985,min:26582151,35,36331562650,68724326401,11580,405184
6986,min:26582152,33,2187900739,68724326401,11580,405184
6987,min:26582153,37,8196422236,68724326401,11580,405184
6988,min:26582154,38,32984654528,68724326401,11580,405184
6989,min:26582155,33,57739228792,68724326401,11580,405184
6990,min:26582156,35,66532596007,68724326401,11580,405184
6991,min:26582157,33,37759053681,68724326401,11580,405184
6992,min:26582158,39,36239817902,68724326401,11580,405184
6993,min:26582159,35,48043813464,68724326401,11580,405184
6994,min:26582160,36,16604833172,68724326401,11580,405184
6995,min:26582161,37,44082591623,68724326401,11580,405184
6996,min:26582162,35,37725899452,68724326401,11580,405184
6997,min:26582163,37,39573180020,68724326401,11580,405184
6998,min:26582164,37,34251673996,68724326401,11580,405184
6999,min:26582165,32,4781242587,68724326401,11580,405184
7000,min:26582166,38,64864466336,68724326401,11580,405184
7001,min:26582167,38,54181238207,68724326401,11580,405184
7002,min:26582168,38,14560287078,68724326401,11580,405184
7003,min:26582169,35,59459403892,68724326401,11580,405184
7004,min:26582170,35,24871334436,68724326401,11580,405184
7005,min:26582171,33,31232883121,68724326401,11580,405184
7006,min:26582172,35,5993833927,68724326401,11580,405184
7007,min:26582173,31,54997093410,68724326401,11580,405184
7008,min:26582174,34,11624666631,68724326401,11580,405184
7009,min:26582175,36,60975769738,68724326401,11580,405184
7010,min:26582176,32,45218528464,68724326401,11580,405184
7011,min:26582177,36,22849451248,68724326401,11580,405184
7012,min:26582178,38,67792598817,68724326401,11580,405184
7013,min:26582179,36,62338109816,68724326401,11580,405184
7014,min:26582180,36,25957713305,68724326401,11580,405184
7015,min:26582181,36,18028222741,68724326401,11580,405184
7016,min:26582182,36,55685437686,68724326401,11580,405184
7017,min:26582183,35,3907396590,68724326401,11580,405184
7018,min:26582184,37,32502873531,68724326401,11580,405184
7019,min:26582185,35,16757645893,68724326401,11580,405184
7020,min:26582186,37,53564518570,68724326401,11580,405184
7021,min:26582187,37,152141461,68724326401,11580,405184
7022,min:26582188,37,4092217667,68724326401,11580,405184
7023,min:26582189,31,41264479955,68724326401,11580,405184
7024,min:26582190,36,4486340244,68724326401,11580,405184
7025,min:26582191,35,50354327366,68724326401,11580,405184
7026,min:26582192,32,13926635059,68724326401,11580,405184
7027,min:26582193,36,65222489489,68724326401,11580,405184
7028,min:26582194,39,59002056546,68724326401,11580,405184
7029,min:26582195,33,21106321868,68724326401,11580,405184
7030,min:26582196,36,67511724336,68724326401,11580,405184
7031,min:26582197,36,8570634293,68724326401,11580,405184
7032,min:26582198,36,44404027183,68724326401,11580,405184
7033,min:26582199,33,1083751292,68724326401,11580,405184
7034,min:26582200,31,20384445399,68724326401,11580,405184
7035,min:26582201,36,36041677212,68724326401,11580,405184
7036,min:26582202,33,57868286050,68724326401,11580,405184
7037,min:26582203,36,46391293863,68724326401,11580,405184
7038,min:26582204,38,61860109531,68724326401,11580,405184
7039,min:26582205,34,66458013903,68724326401,11580,405184
7040,min:26582206,35,17739610181,68724326401,11580,405184
7041,min:26582207,35,15120880406,68724326401,11580,405184
7042,min:26582208,34,8695890992,68724326401,11580,405184
7043,min:26582209,34,44237991493,68724326401,11580,405184
7044,min:26582210,33,20072491866,68724326401,11580,405184
7045,min:26582211,29,53094141511,68724326401,11580,405184
7046,min:26582212,33,1968008732,68724326401,11580,405184
7047,min:26582213,33,56300343410,68724326401,11580,405184
7048,min:26582214,34,30304290483,68724326401,11580,405184
7049,min:26582215,32,34369034944,68724326401,11580,405184
7050,min:26582216,36,12218073692,68724326401,11580,405184
7051,min:26582217,39,63742994859,68724326401,11580,405184
7052,min:26582218,36,60485252196,68724326401,11580,405184
7053,min:26582219,34,4364495359,68724326401,11580,405184
7054,min:26582220,37,50435851851,68724326401,11580,405184
7055,min:26582221,35,23971664687,68724326401,11580,405184
7056,min:26582222,32,30071092860,68724326401,11580,405184
7057,min:26582223,35,26755379433,68724326401,11580,405184
7058,min:26582224,37,37115515580,68724326401,11580,405184
7059,min:26582225,36,3770097530,68724326401,11580,405184
7060,min:26582226,31,7739061406,68724326401,11580,405184
7061,min:26582227,31,380110170,68724326401,11580,405184
7062,min:26582228,38,7722507199,68724326401,11580,405184
7063,min:26582229,31,56293465765,68724326401,11580,405184
7064,min:26582230,33,28622087529,68724326401,11580,405184
7065,min:26582231,34,33461470689,68724326401,11580,405184
7066,min:26582232,34,12315037202,68724326401,11580,405184
7067,min:26582233,36,38104445610,68724326401,11580,405184
7068,min:26582234,30,51369151907,68724326401,11580,405184
7069,min:26582235,36,41380066402,68724326401,11580,405184
7070,min:26582236,37,51853700944,68724326401,11580,405184
7071,min:26582237,34,13425947753,68724326401,11580,405184
7072,min:26582238,36,53425086600,68724326401,11580,405184
7073,min:26582239,33,1361911376,68724326401,11580,405184
7074,min:26582240,35,27897773165,68724326401,11580,405184
7075,min:26582241,34,34195132108,68724326401,11580,405184
7076,min:26582242,39,59710464214,68724326401,11580,405184
7077,min:26582243,37,2427916532,68724326401,11580,405184
7078,min:26582244,34,7183989166,68724326401,11580,405184
7079,min:26582245,34,17568421586,68724326401,11580,405184
7080,min:26582246,40,51817686152,68724326401,11580,405184
7081,min:26582247,33,47889849945,68724326401,11580,405184
7082,min:26582248,33,57012553364,68724326401,11580,405184
7083,min:26582249,37,12467289139,68724326401,11580,405184
7084,min:26582250,35,17916296996,68724326401,11580,405184
7085,min:26582251,34,34227899578,68724326401,11580,405184
7086,min:26582252,34,23063293811,68724326401,11580,405184
7087,min:26582253,36,1043673596,68724326401,11580,405184
7088,min:26582254,36,20424888426,68724326401,11580,405184
7089,min:26582255,33,62786038860,68724326401,11580,405184
7090,min:26582256,37,29546140599,68724326401,11580,405184
7091,min:26582257,39,36608742711,68724326401,11580,405184
7092,min:26582258,36,21049450596,68724326401,11580,405184
7093,min:26582259,36,10789539104,68724326401,11580,405184
7094,min:26582260,35,13278738774,68724326401,11580,405184
7095,min:26582261,35,52699992313,68724326401,11580,405184
7096,min:26582262,35,14908625874,68724326401,11580,405184
7097,min:26582263,35,54256555017,68724326401,11580,405184
7098,min:26582264,34,67567054637,68724326401,11580,405184
7099,min:26582265,35,13291091056,68724326401,11580,405184
7100,min:26582266,37,30944914293,68724326401,11580,405184
7101,min:26582267,38,12449539238,68724326401,11580,405184
7102,min:26582268,34,64975849323,68724326401,11580,405184
7103,min:26582269,34,177107642,68724326401,11580,405184
7104,min:26582270,36,45575433758,68724326401,11580,405184
7105,min:26582271,37,50651039133,68724326401,11580,405184
7106,min:26582272,32,64876976837,68724326401,11580,405184
7107,min:26582273,36,8709859491,68724326401,11580,405184
7108,min:26582274,35,34828492325,68724326401,11580,405184
7109,min:26582275,34,66389917625,68724326401,11580,405184
7110,min:26582276,31,67133881993,68724326401,11580,405184
7111,min:26582277,31,47661728190,68724326401,11580,405184
7112,min:26582278,35,46361560807,68724326401,11580,405184
7113,min:26582279,36,41104611431,68724326401,11580,405184
7114,min:26582280,33,27892384061,68724326401,11580,405184
7115,min:26582281,35,54473257608,68724326401,11580,405184
7116,min:26582282,34,59584587335,68724326401,11580,405184
7117,min:26582283,35,44725324822,68724326401,11580,405184
7118,min:26582284,35,53627960133,68724326401,11580,405184
7119,min:26582285,33,3853661697,68724326401,11580,405184
7120,min:26582286,35,6845480113,68724326401,11580,405184
7121,min:26582287,32,25010492200,68724326401,11580,405184
7122,min:26582288,35,51871015927,68724326401,11580,405184
7123,min:26582289,36,45835925050,68724326401,11580,405184
7124,min:26582290,32,62775361838,68724326401,11580,405184
7125,min:26582291,35,67925859389,68724326401,11580,405184
7126,min:26582292,36,39680862805,68724326401,11580,405184
7127,min:26582293,37,51384688153,68724326401,11580,405184
7128,min:26582294,33,52736654146,68724326401,11580,405184
7129,min:26582295,34,16969483800,68724326401,11580,405184
7130,min:26582296,34,24220364498,68724326401,11580,405184
7131,min:26582297,37,17004396243,68724326401,11580,405184
7132,min:26582298,32,31893505206,68724326401,11580,405184
7133,min:26582299,30,40397932164,68724326401,11580,405184
7134,min:26582300,33,27082126290,68724326401,11580,405184
7135,min:26582301,37,37730934346,68724326401,11580,405184
7136,min:26582302,31,41267895360,68724326401,11580,405184
7137,min:26582303,32,63445616795,68724326401,11580,405184
7138,min:26582304,33,20800772385,68724326401,11580,405184
7139,min:26582305,34,21154414966,68724326401,11580,405184
7140,min:26582306,34,62266450767,68724326401,11580,405184
7141,min:26582307,34,55649190842,68724326401,11580,405184
7142,min:26582308,35,15407604391,68724326401,11580,405184
7143,min:26582309,34,1511312176,68724326401,11580,405184
7144,min:26582310,37,55452272785,68724326401,11580,405184
7145,min:26582311,33,35549093034,68724326401,11580,405184
7146,min:26582312,36,58047812916,68724326401,11580,405184
7147,min:26582313,33,39774755780,68724326401,11580,405184
7148,min:26582314,30,62057827155,68724326401,11580,405184
7149,min:26582315,36,15552034247,68724326401,11580,405184
7150,min:26582316,32,55692851357,68724326401,11580,405184
7151,min:26582317,36,43200329988,68724326401,11580,405184
7152,min:26582318,30,30427846650,68724326401,11580,405184
7153,min:26582319,36,15816683762,68724326401,11580,405184
7154,min:26582320,34,24748944518,68724326401,11580,405184
7155,min:26582321,36,29120510122,68724326401,11580,405184
7156,min:26582322,35,67945037487,68724326401,11580,405184
7157,min:26582323,35,42640994406,68724326401,11580,405184
7158,min:26582324,36,12635028824,68724326401,11580,405184
7159,min:26582325,39,5117393107,68724326401,11580,405184
7160,min:26582326,34,38764515302,68724326401,11580,405184
7161,min:26582327,33,60608764372,68724326401,11580,405184
7162,min:26582328,37,53823334621,68724326401,11580,405184
7163,min:26582329,34,14574068141,68724326401,11580,405184
7164,min:26582330,38,15229522402,68724326401,11580,405184
7165,min:26582331,34,50624882571,68724326401,11580,405184
7166,min:26582332,37,61611021864,68724326401,11580,405184
7167,min:26582333,34,30262394104,68724326401,11580,405184
7168,min:26582334,36,2331732109,68724326401,11580,405184
7169,min:26582335,32,26137639827,68724326401,11580,405184
7170,min:26582336,35,47080142939,68724326401,11580,405184
7171,min:26582337,35,16180703081,68724326401,11580,405184
7172,min:26582338,34,66643246392,68724326401,11580,405184
7173,min:26582339,38,13085469709,68724326401,11580,405184
7174,min:26582340,31,38431534072,68724326401,11580,405184
7175,min:26582341,34,54430789879,68724326401,11580,405184
7176,min:26582342,34,33499701202,68724326401,11580,405184
7177,min:26582343,33,55597646654,68724326401,11580,405184
7178,min:26582344,34,63919635554,68724326401,11580,405184
7179,min:26582345,37,57757992965,68724326401,11580,405184
7180,min:26582346,35,36731872250,68724326401,11580,405184
7181,min:26582347,37,36039213518,68724326401,11580,405184
7182,min:26582348,35,15433611875,68724326401,11580,405184
7183,min:26582349,33,13490579023,68724326401,11580,405184
7184,min:26582350,35,46018860010,68724326401,11580,405184
7185,min:26582351,32,8826827484,68724326401,11580,405184
7186,min:26582352,34,67110619195,68724326401,11580,405184
7187,min:26582353,36,5763418705,68724326401,11580,405184
7188,min:26582354,35,8790533824,68724326401,11580,405184
7189,min:26582355,34,38501845928,68724326401,11580,405184
7190,min:26582356,33,11612014275,68724326401,11580,405184
7191,min:26582357,34,58162119823,68724326401,11580,405184
7192,min:26582358,33,13991908844,68724326401,11580,405184
7193,min:26582359,32,49964488151,68724326401,11580,405184
7194,min:26582360,35,19506667826,68724326401,11580,405184
7195,min:26582361,35,4377742591,68724326401,11580,405184
7196,min:26582362,39,24572563527,68724326401,11580,405184
7197,min:26582363,34,25313730074,68724326401,11580,405184
7198,min:26582364,31,15328788849,68724326401,11580,405184
7199,min:26582365,36,50395111160,68724326401,11580,405184
7200,min:26582366,35,18305222374,68724326401,11580,405184
7201,min:26582367,34,62246994055,68724326401,11580,405184
7202,min:26582368,35,14806450482,68724326401,11580,405184
7203,min:26582369,35,735682935,68724326401,11580,405184
7204,min:26582370,35,53736427430,68724326401,11580,405184
7205,min:26582371,31,50414663626,68724326401,11580,405184
7206,min:26582372,33,36462430791,68724326401,11580,405184
7207,min:26582373,35,35213844881,68724326401,11580,405184
7208,min:26582374,33,15588677227,68724326401,11580,405184
7209,min:26582375,33,35665757695,68724326401,11580,405184
7210,min:26582376,33,23312073297,68724326401,11580,405184
7211,min:26582377,36,47105998920,68724326401,11580,405184
7212,min:26582378,33,7909414441,68724326401,11580,405184
7213,min:26582379,35,8583206215,68724326401,11580,405184
7214,min:26582380,31,32270034295,68724326401,11580,405184
7215,min:26582381,33,54201504968,68724326401,11580,405184
7216,min:26582382,35,30869321469,68724326401,11580,405184
7217,min:26582383,37,35940050785,68724326401,11580,405184
7218,min:26582384,34,6943706582,68724326401,11580,405184
7219,min:26582385,34,43920549218,68724326401,11580,405184
7220,min:26582386,33,53997250586,68724326401,11580,405184
7221,min:26582387,33,59165731434,68724326401,11580,405184
7222,min:26582388,32,59501379762,68724326401,11580,405184
7223,min:26582389,34,11818876546,68724326401,11580,405184
7224,min:26582390,32,42883662399,68724326401,11580,405184
7225,min:26582391,36,55118436759,68724326401,11580,405184
7226,min:26582392,31,21271294626,68724326401,11580,405184
7227,min:26582393,38,17981296589,68724326401,11580,405184
7228,min:26582394,34,2422001721,68724326401,11580,405184
7229,min:26582395,30,4348306891,68724326401,11580,405184
7230,min:26582396,32,18251979200,68724326401,11580,405184
7231,min:26582397,35,944831313,68724326401,11580,405184
7232,min:26582398,33,51160811052,68724326401,11580,405184
7233,min:26582399,37,29889597623,68724326401,11580,405184
7234,min:26582400,35,8707820930,68724326401,11580,405184
7235,min:26582401,33,49553444344,68724326401,11580,405184
7236,min:26582402,36,40241922525,68724326401,11580,405184
7237,min:26582403,36,3292158750,68724326401,11580,405184
7238,min:26582404,35,27918249820,68724326401,11580,405184
7239,min:26582405,31,44654766776,68724326401,11580,405184
7240,min:26582406,35,39883144706,68724326401,11580,405184
7241,min:26582407,31,37855754866,68724326401,11580,405184
7242,min:26582408,32,61131728747,68724326401,11580,405184
7243,min:26582409,34,18817580720,68724326401,11580,405184
7244,min:26582410,32,32581793568,68724326401,11580,405184
7245,min:26582411,35,7818061283,68724326401,11580,405184
7246,min:26582412,38,291410163,68724326401,11580,405184
7247,min:26582413,37,19376020374,68724326401,11580,405184
7248,min:26582414,35,42729461355,68724326401,11580,405184
7249,min:26582415,36,12646181711,68724326401,11580,405184
7250,min:26582416,35,52368265086,68724326401,11580,405184
7251,min:26582417,35,10773445525,68724326401,11580,405184
7252,min:26582418,38,44619972348,68724326401,11580,405184
7253,min:26582419,34,66007957529,68724326401,11580,405184
7254,min:26582420,35,20647074472,68724326401,11580,405184
7255,min:26582421,35,39483881202,68724326401,11580,405184
7256,min:26582422,36,62964897982,68724326401,11580,405184
7257,min:26582423,34,19640692599,68724326401,11580,405184
7258,min:26582424,34,45743621453,68724326401,11580,405184
7259,min:26582425,37,43405341916,68724326401,11580,405184
7260,min:26582426,33,19597318176,68724326401,11580,405184
7261,min:26582427,31,4436127955,68724326401,11580,405184
7262,min:26582428,34,39728889666,68724326401,11580,405184
7263,min:26582429,33,52330914380,68724326401,11580,405184
7264,min:26582430,33,9162075214,68724326401,11580,405184
7265,min:26582431,33,64857497571,68724326401,11580,405184
7266,min:26582432,36,17361064085,68724326401,11580,405184
7267,min:26582433,35,11559162012,68724326401,11580,405184
7268,min:26582434,34,40489913704,68724326401,11580,405184
7269,min:26582435,32,4179300956,68724326401,11580,405184
7270,min:26582436,35,46739030846,68724326401,11580,405184
7271,min:26582437,39,33174619366,68724326401,11580,405184
7272,min:26582438,34,19757794062,68724326401,11580,405184
7273,min:26582439,32,31868336313,68724326401,11580,405184
7274,min:26582440,33,18289501329,68724326401,11580,405184
7275,min:26582441,37,8589922718,68724326401,11580,405184
7276,min:26582442,36,38354604893,68724326401,11580,405184
7277,min:26582443,36,17702579082,68724326401,11580,405184
7278,min:26582444,36,62985520095,68724326401,11580,405184
7279,min:26582445,35,36670897136,68724326401,11580,405184
7280,min:26582446,33,30344782499,68724326401,11580,405184
7281,min:26582447,34,62935846516,68724326401,11580,405184
7282,min:26582448,33,48643940464,68724326401,11580,405184
7283,min:26582449,34,4884288445,68724326401,11580,405184
7284,min:26582450,34,28095237214,68724326401,11580,405184
7285,min:26582451,33,53751232669,68724326401,11580,405184
7286,min:26582452,33,41703383208,68724326401,11580,405184
7287,min:26582453,35,36803698908,68724326401,11580,405184
7288,min:26582454,36,8099354782,68724326401,11580,405184
7289,min:26582455,37,31929045947,68724326401,11580,405184
7290,min:26582456,35,50544687830,68724326401,11580,405184
7291,min:26582457,35,65742857792,68724326401,11580,405184
7292,min:26582458,34,44241703874,68724326401,11580,405184
7293,min:26582459,33,40339704084,68724326401,11580,405184
7294,min:26582460,33,67711334968,68724326401,11580,405184
7295,min:26582461,35,60845226939,68724326401,11580,405184
7296,min:26582462,33,49333705441,68724326401,11580,405184
7297,min:26582463,31,35738459040,68724326401,11580,405184
7298,min:26582464,39,41409499346,68724326401,11580,405184
7299,min:26582465,31,63593411547,68724326401,11580,405184
7300,min:26582466,38,61104878709,68724326401,11580,405184
7301,min:26582467,32,4470810824,68724326401,11580,405184
7302,min:26582468,35,147280407,68724326401,11580,405184
7303,min:26582469,35,11501696224,68724326401,11580,405184
7304,min:26582470,36,11243426257,68724326401,11580,405184
7305,min:26582471,34,2794539753,68724326401,11580,405184
7306,min:26582472,34,13796669122,68724326401,11580,405184
7307,min:26582473,31,64876730163,68724326401,11580,405184
7308,min:26582474,36,50002281412,68724326401,11580,405184
7309,min:26582475,36,58370619025,68724326401,11580,405184
7310,min:26582476,32,37269576421,68724326401,11580,405184
7311,min:26582477,36,43999622777,68724326401,11580,405184
7312,min:26582478,33,33579896306,68724326401,11580,405184
7313,min:26582479,37,10238831141,68724326401,11580,405184
7314,min:26582480,37,52346240187,68724326401,11580,405184
7315,min:26582481,33,59083620932,68724326401,11580,405184
7316,min:26582482,37,5585109226,68724326401,11580,405184
7317,min:26582483,35,5225725580,68724326401,11580,405184
7318,min:26582484,34,11425041959,68724326401,11580,405184
7319,min:26582485,35,2673120901,68724326401,11580,405184
7320,min:26582486,38,16367081813,68724326401,11580,405184
7321,min:26582487,33,49309674455,68724326401,11580,405184
7322,min:26582488,37,3843458510,68724326401,11580,405184
7323,min:26582489,31,3870695314,68724326401,11580,405184
7324,min:26582490,36,62603875819,68724326401,11580,405184
7325,min:26582491,38,28410578892,68724326401,11580,405184
7326,min:26582492,36,15229566455,68724326401,11580,405184
7327,min:26582493,33,64643195094,68724326401,11580,405184
7328,min:26582494,34,68382323128,68724326401,11580,405184
7329,min:26582495,35,48237961038,68724326401,11580,405184
7330,min:26582496,38,61540663370,68724326401,11580,405184
7331,min:26582497,36,2232263758,68724326401,11580,405184
7332,min:26582498,35,49616493815,68724326401,11580,405184
7333,min:26582499,39,16030455437,68724326401,11580,405184
7334,min:26582500,36,62486046576,68724326401,11580,405184
7335,min:26582501,35,52396948598,68724326401,11580,405184
7336,min:26582502,35,22476537904,68724326401,11580,405184
7337,min:26582503,32,23442599797,68724326401,11580,405184
7338,min:26582504,32,62591624137,68724326401,11580,405184
7339,min:26582505,32,16981764066,68724326401,11580,405184
7340,min:26582506,36,16543984437,68724326401,11580,405184
7341,min:26582507,36,7362225548,68724326401,11580,405184
7342,min:26582508,36,18424342684,68724326401,11580,405184
7343,min:26582509,35,1036026079,68724326401,11580,405184
7344,min:26582510,33,48458716003,68724326401,11580,405184
7345,min:26582511,38,41022986581,68724326401,11580,405184
7346,min:26582512,36,28114566695,68724326401,11580,405184
7347,min:26582513,38,43730845760,68724326401,11580,405184
7348,min:26582514,37,24899623531,68724326401,11580,405184
7349,min:26582515,38,55373378023,68724326401,11580,405184
7350,min:26582516,35,15495343361,68724326401,11580,405184
7351,min:26582517,36,27032629899,68724326401,11580,405184
7352,min:26582518,36,68620695816,68724326401,11580,405184
7353,min:26582519,32,49931594325,68724326401,11580,405184
7354,min:26582520,36,46120313835,68724326401,11580,405184
7355,min:26582521,37,44576647364,68724326401,11580,405184
7356,min:26582522,36,56233251175,68724326401,11580,405184
7357,min:26582523,34,32448544224,68724326401,11580,405184
7358,min:26582524,36,51497398475,68724326401,11580,405184
7359,min:26582525,37,12340298114,68724326401,11580,405184
7360,min:26582526,35,3694504891,68724326401,11580,405184
7361,min:26582527,33,45694190623,68724326401,11580,405184
7362,min:26582528,36,11349538642,68724326401,11580,405184
7363,min:26582529,37,2516107560,68724326401,11580,405184
7364,min:26582530,36,57395864482,68724326401,11580,405184
7365,min:26582531,38,44500562933,68724326401,11580,405184
7366,min:26582532,37,53734692806,68724326401,11580,405184
7367,min:26582533,33,41520732019,68724326401,11580,405184
7368,min:26582534,37,25917571260,68724326401,11580,405184
7369,min:26582535,34,68239956820,68724326401,11580,405184
7370,min:26582536,37,54889528655,68724326401,11580,405184
7371,min:26582537,34,36372234145,68724326401,11580,405184
7372,min:26582538,31,46814775739,68724326401,11580,405184
7373,min:26582539,39,55017748202,68724326401,11580,405184
7374,min:26582540,35,64717339415,68724326401,11580,405184
7375,min:26582541,33,44938592025,68724326401,11580,405184
7376,min:26582542,36,41459701708,68724326401,11580,405184
7377,min:26582543,34,17887846669,68724326401,11580,405184
7378,min:26582544,35,11779964116,68724326401,11580,405184
7379,min:26582545,36,44869356278,68724326401,11580,405184
7380,min:26582546,34,10042539597,68724326401,11580,405184
7381,min:26582547,33,64040703417,68724326401,11580,405184
7382,min:26582548,39,58158451836,68724326401,11580,405184
7383,min:26582549,35,43130059128,68724326401,11580,405184
7384,min:26582550,32,9934762462,68724326401,11580,405184
7385,min:26582551,37,19198237632,68724326401,11580,405184
7386,min:26582552,35,58420165869,68724326401,11580,405184
7387,min:26582553,38,26536469389,68724326401,11580,405184
7388,min:26582554,36,43089023444,68724326401,11580,405184
7389,min:26582555,34,59797525603,68724326401,11580,405184
7390,min:26582556,36,58120961672,68724326401,11580,405184
7391,min:26582557,37,11828025080,68724326401,11580,405184
7392,min:26582558,34,22176377287,68724326401,11580,405184
7393,min:26582559,40,28786389076,68724326401,11580,405184
7394,min:26582560,32,60573824658,68724326401,11580,405184
7395,min:26582561,38,8533421599,68724326401,11580,405184
7396,min:26582562,34,24517450285,68724326401,11580,405184
7397,min:26582563,32,63949955287,68724326401,11580,405184
7398,min:26582564,34,20587143789,68724326401,11580,405184
7399,min:26582565,38,50131989395,68724326401,11580,405184
7400,min:26582566,32,36578986400,68724326401,11580,405184
7401,min:26582567,37,45393118192,68724326401,11580,405184
7402,min:26582568,37,1565345470,68724326401,11580,405184
7403,min:26582569,34,48331644049,68724326401,11580,405184
7404,min:26582570,33,10622026971,68724326401,11580,405184
7405,min:26582571,32,20519272858,68724326401,11580,405184
7406,min:26582572,35,7729710526,68724326401,11580,405184
7407,min:26582573,35,63470076766,68724326401,11580,405184
7408,min:26582574,28,50282810281,68724326401,11580,405184
7409,min:26582575,37,40727368899,68724326401,11580,405184
7410,min:26582576,34,22051548309,68724326401,11580,405184
7411,min:26582577,30,27641297430,68724326401,11580,405184
7412,min:26582578,31,21992206530,68724326401,11580,405184
7413,min:26582579,35,36087662351,68724326401,11580,405184
7414,min:26582580,35,55041719916,68724326401,11580,405184
7415,min:26582581,34,3208979421,68724326401,11580,405184
7416,min:26582582,35,68594437242,68724326401,11580,405184
7417,min:26582583,35,17683313708,68724326401,11580,405184
7418,min:26582584,33,1368940795,68724326401,11580,405184
7419,min:26582585,38,34426488023,68724326401,11580,405184
7420,min:26582586,37,10739119208,68724326401,11580,405184
7421,min:26582587,36,23652091157,68724326401,11580,405184
7422,min:26582588,35,24975755021,68724326401,11580,405184
7423,min:26582589,31,40757779986,68724326401,11580,405184
7424,min:26582590,36,41593373612,68724326401,11580,405184
7425,min:26582591,35,32367538787,68724326401,11580,405184
7426,min:26582592,33,21698741888,68724326401,11580,405184
7427,min:26582593,35,41724835521,68724326401,11580,405184
7428,min:26582594,37,62098727759,68724326401,11580,405184
7429,min:26582595,32,52399601190,68724326401,11580,405184
7430,min:26582596,36,61358750426,68724326401,11580,405184
7431,min:26582597,34,13977140789,68724326401,11580,405184
7432,min:26582598,36,52390562890,68724326401,11580,405184
7433,min:26582599,39,16234795839,68724326401,11580,405184
7434,min:26582600,32,54821950848,68724326401,11580,405184
7435,min:26582601,37,9028667474,68724326401,11580,405184
7436,min:26582602,35,28787337254,68724326401,11580,405184
7437,min:26582603,38,4805140477,68724326401,11580,405184
7438,min:26582604,36,16593571355,68724326401,11580,405184
7439,min:26582605,32,6030253205,68724326401,11580,405184
7440,min:26582606,33,15644108607,68724326401,11580,405184
7441,min:26582607,33,675822369,68724326401,11580,405184
7442,min:26582608,36,32662751804,68724326401,11580,405184
7443,min:26582609,32,49968884813,68724326401,11580,405184
7444,min:26582610,38,52827060833,68724326401,11580,405184
7445,min:26582611,37,38021754512,68724326401,11580,405184
7446,min:26582612,34,15135293523,68724326401,11580,405184
7447,min:26582613,35,67549542788,68724326401,11580,405184
7448,min:26582614,32,50410797682,68724326401,11580,405184
7449,min:26582615,36,13149823856,68724326401,11580,405184
7450,min:26582616,35,66697208320,68724326401,11580,405184
7451,min:26582617,35,33900032155,68724326401,11580,405184
7452,min:26582618,36,12304467211,68724326401,11580,405184
7453,min:26582619,36,63815801729,68724326401,11580,405184
7454,min:26582620,35,57962989996,68724326401,11580,405184
7455,min:26582621,31,43460304594,68724326401,11580,405184
7456,min:26582622,35,56398059671,68724326401,11580,405184
7457,min:26582623,32,19819103911,68724326401,11580,405184
7458,min:26582624,39,44192981301,68724326401,11580,405184
7459,min:26582625,35,5030119767,68724326401,11580,405184
7460,min:26582626,34,65354200789,68724326401,11580,405184
7461,min:26582627,35,17856233272,68724326401,11580,405184
7462,min:26582628,34,1572176050,68724326401,11580,405184
7463,min:26582629,37,25707727039,68724326401,11580,405184
7464,min:26582630,34,18002121836,68724326401,11580,405184
7465,min:26582631,34,27826281597,68724326401,11580,405184
7466,min:26582632,34,9080664371,68724326401,11580,405184
7467,min:26582633,33,53486914522,68724326401,11580,405184
7468,min:26582634,35,21977514723,68724326401,11580,405184
7469,min:26582635,36,28986263866,68724326401,11580,405184
7470,min:26582636,38,6102627986,68724326401,11580,405184
7471,min:26582637,36,13135204383,68724326401,11580,405184
7472,min:26582638,35,36833717539,68724326401,11580,405184
7473,min:26582639,35,36025316016,68724326401,11580,405184
7474,min:26582640,39,54887152650,68724326401,11580,405184
7475,min:26582641,35,17012199490,68724326401,11580,405184
7476,min:26582642,34,16316418113,68724326401,11580,405184
7477,min:26582643,34,50200527960,68724326401,11580,405184
7478,min:26582644,34,15139464247,68724326401,11580,405184
7479,min:26582645,36,50568557538,68724326401,11580,405184
7480,min:26582646,35,49423119241,68724326401,11580,405184
7481,min:26582647,37,39821879249,68724326401,11580,405184
7482,min:26582648,37,67387507162,68724326401,11580,405184
7483,min:26582649,30,57289264988,68724326401,11580,405184
7484,min:26582650,35,1801830511,68724326401,11580,405184
7485,min:26582651,35,56844944294,68724326401,11580,405184
7486,min:26582652,36,32264763328,68724326401,11580,405184
7487,min:26582653,31,28699495664,68724326401,11580,405184
7488,min:26582654,35,34143654319,68724326401,11580,405184
7489,min:26582655,34,18538580517,68724326401,11580,405184
7490,min:26582656,35,7408563551,68724326401,11580,405184
7491,min:26582657,30,54185137575,68724326401,11580,405184
7492,min:26582658,33,16685645874,68724326401,11580,405184
7493,min:26582659,35,18587672498,68724326401,11580,405184
7494,min:26582660,33,19109415537,68724326401,11580,405184
7495,min:26582661,34,18634452512,68724326401,11580,405184
7496,min:26582662,36,63737393481,68724326401,11580,405184
7497,min:26582663,36,11781196875,68724326401,11580,405184
7498,min:26582664,31,19115641006,68724326401,11580,405184
7499,min:26582665,38,43621968884,68724326401,11580,405184
7500,min:26582666,35,60589244955,68724326401,11580,405184
7501,min:26582667,34,62159532711,68724326401,11580,405184
7502,min:26582668,35,11228480994,68724326401,11580,405184
7503,min:26582669,34,65237462328,68724326401,11580,405184
7504,min:26582670,35,28543029480,68724326401,11580,405184
7505,min:26582671,33,53832347840,68724326401,11580,405184
7506,min:26582672,32,38986625732,68724326401,11580,405184
7507,min:26582673,30,49923468295,68724326401,11580,405184
7508,min:26582674,34,5780429345,68724326401,11580,405184
7509,min:26582675,32,12861046062,68724326401,11580,405184
7510,min:26582676,36,9428193992,68724326401,11580,405184
7511,min:26582677,36,67881385544,68724326401,11580,405184
7512,min:26582678,35,28225230609,68724326401,11580,405184
7513,min:26582679,38,25851051819,68724326401,11580,405184
7514,min:26582680,38,33378274853,68724326401,11580,405184
7515,min:26582681,34,48404428541,68724326401,11580,405184
7516,min:26582682,37,45076343352,68724326401,11580,405184
7517,min:26582683,39,68065335243,68724326401,11580,405184
7518,min:26582684,34,60466141832,68724326401,11580,405184
7519,min:26582685,36,38701248351,68724326401,11580,405184
7520,min:26582686,35,48005024939,68724326401,11580,405184
7521,min:26582687,35,18384935063,68724326401,11580,405184
7522,min:26582688,35,32264771429,68724326401,11580,405184
7523,min:26582689,36,35172205354,68724326401,11580,405184
7524,min:26582690,38,10154636751,68724326401,11580,405184
7525,min:26582691,34,24928180700,68724326401,11580,405184
7526,min:26582692,40,56112234197,68724326401,11580,405184
7527,min:26582693,34,51099199575,68724326401,11580,405184
7528,min:26582694,36,25442431348,68724326401,11580,405184
7529,min:26582695,35,49315606685,68724326401,11580,405184
7530,min:26582696,33,5277433394,68724326401,11580,405184
7531,min:26582697,36,50307472912,68724326401,11580,405184
7532,min:26582698,38,8250165961,68724326401,11580,405184
7533,min:26582699,35,40599932242,68724326401,11580,405184
7534,min:26582700,38,62864441443,68724326401,11580,405184
7535,min:26582701,34,10570716769,68724326401,11580,405184
7536,min:26582702,37,7196954546,68724326401,11580,405184
7537,min:26582703,37,50821854554,68724326401,11580,405184
7538,min:26582704,33,46408609273,68724326401,11580,405184
7539,min:26582705,34,57779501009,68724326401,11580,405184
7540,min:26582706,32,10406109816,68724326401,11580,405184
7541,min:26582707,34,9104768661,68724326401,11580,405184
7542,min:26582708,35,19605087367,68724326401,11580,405184
7543,min:26582709,37,59229736650,68724326401,11580,405184
7544,min:26582710,39,61546544330,68724326401,11580,405184
7545,min:26582711,30,50237478741,68724326401,11580,405184
7546,min:26582712,35,13884696177,68724326401,11580,405184
7547,min:26582713,36,65439815198,68724326401,11580,405184
7548,min:26582714,40,10198453643,68724326401,11580,405184
7549,min:26582715,37,61729708055,68724326401,11580,405184
7550,min:26582716,33,59580311766,68724326401,11580,405184
7551,min:26582717,37,53150744083,68724326401,11580,405184
7552,min:26582718,34,21888990708,68724326401,11580,405184
7553,min:26582719,36,65072194560,68724326401,11580,405184
7554,min:26582720,37,64161179674,68724326401,11580,405184
7555,min:26582721,35,31317562206,68724326401,11580,405184
7556,min:26582722,35,64451912358,68724326401,11580,405184
7557,min:26582723,34,2186611044,68724326401,11580,405184
7558,min:26582724,37,51207431979,68724326401,11580,405184
7559,min:26582725,35,20392255822,68724326401,11580,405184
7560,min:26582726,31,16898834813,68724326401,11580,405184
7561,min:26582727,32,42065062213,68724326401,11580,405184
7562,min:26582728,40,3617657288,68724326401,11580,405184
7563,min:26582729,37,67002234486,68724326401,11580,405184
7564,min:26582730,33,14669249350,68724326401,11580,405184
7565,min:26582731,31,23879801833,68724326401,11580,405184
7566,min:26582732,37,38364716204,68724326401,11580,405184
7567,min:26582733,34,13927291010,68724326401,11580,405184
7568,min:26582734,35,35914560430,68724326401,11580,405184
7569,min:26582735,39,53393113491,68724326401,11580,405184
7570,min:26582736,35,25826306100,68724326401,11580,405184
7571,min:26582737,32,9655973489,68724326401,11580,405184
7572,min:26582738,33,20519003663,68724326401,11580,405184
7573,min:26582739,38,22251631445,68724326401,11580,405184
7574,min:26582740,37,27396082969,68724326401,11580,405184
7575,min:26582741,37,47065708162,68724326401,11580,405184
7576,min:26582742,37,6200496422,68724326401,11580,405184
7577,min:26582743,37,1252444967,68724326401,11580,405184
7578,min:26582744,35,12771587008,68724326401,11580,405184
7579,min:26582745,33,65570355527,68724326401,11580,405184
7580,min:26582746,36,38496022178,68724326401,11580,405184
7581,min:26582747,38,20656608991,68724326401,11580,405184
7582,min:26582748,33,2138528379,68724326401,11580,405184
7583,min:26582749,32,25904621502,68724326401,11580,405184
7584,min:26582750,39,9648291681,68724326401,11580,405184
7585,min:26582751,35,43445443465,68724326401,11580,405184
7586,min:26582752,35,26766533584,68724326401,11580,405184
7587,min:26582753,35,64383263715,68724326401,11580,405184
7588,min:26582754,38,59673680797,68724326401,11580,405184
7589,min:26582755,35,25949688427,68724326401,11580,405184
7590,min:26582756,35,28679537531,68724326401,11580,405184
7591,min:26582757,33,67622111395,68724326401,11580,405184
7592,min:26582758,39,62598908909,68724326401,11580,405184
7593,min:26582759,34,60066285881,68724326401,11580,405184
7594,min:26582760,37,63624701689,68724326401,11580,405184
7595,min:26582761,33,50423804446,68724326401,11580,405184
7596,min:26582762,39,19926687770,68724326401,11580,405184
7597,min:26582763,36,51809282372,68724326401,11580,405184
7598,min:26582764,32,6048166594,68724326401,11580,405184
7599,min:26582765,37,53828330024,68724326401,11580,405184
7600,min:26582766,37,43655199375,68724326401,11580,405184
7601,min:26582767,35,18802428560,68724326401,11580,405184
7602,min:26582768,35,1685989225,68724326401,11580,405184
7603,min:26582769,36,6785804828,68724326401,11580,405184
7604,min:26582770,35,45736521734,68724326401,11580,405184
7605,min:26582771,38,21578743163,68724326401,11580,405184
7606,min:26582772,36,63874873349,68724326401,11580,405184
7607,min:26582773,38,65949364884,68724326401,11580,405184
7608,min:26582774,35,5891724724,68724326401,11580,405184
7609,min:26582775,38,34066452251,68724326401,11580,405184
7610,min:26582776,37,31851294551,68724326401,11580,405184
7611,min:26582777,38,8114874808,68724326401,11580,405184
7612,min:26582778,35,16809048733,68724326401,11580,405184
7613,min:26582779,37,42637127566,68724326401,11580,405184
7614,min:26582780,36,55298372216,68724326401,11580,405184
7615,min:26582781,34,4814974003,68724326401,11580,405184
7616,min:26582782,37,30590365797,68724326401,11580,405184
7617,min:26582783,38,12606914421,68724326401,11580,405184
7618,min:26582784,34,10391256023,68724326401,11580,405184
7619,min:26582785,36,8506665611,68724326401,11580,405184
7620,min:26582786,37,49092286879,68724326401,11580,405184
7621,min:26582787,33,60074811966,68724326401,11580,405184
7622,min:26582788,35,63539559082,68724326401,11580,405184
7623,min:26582789,32,66653466528,68724326401,11580,405184
7624,min:26582790,35,36197000506,68724326401,11580,405184
7625,min:26582791,35,30518749939,68724326401,11580,405184
7626,min:26582792,34,52716687128,68724326401,11580,405184
7627,min:26582793,33,61672088274,68724326401,11580,405184
7628,min:26582794,36,52983612783,68724326401,11580,405184
7629,min:26582795,32,58548106262,68724326401,11580,405184
7630,min:26582796,33,21668902303,68724326401,11580,405184
7631,min:26582797,33,48227063936,68724326401,11580,405184
7632,min:26582798,35,63654672896,68724326401,11580,405184
7633,min:26582799,31,30536425660,68724326401,11580,405184
7634,min:26582800,36,2576558262,68724326401,11580,405184
7635,min:26582801,35,17597340593,68724326401,11580,405184
7636,min:26582802,34,15730379567,68724326401,11580,405184
7637,min:26582803,32,56255048531,68724326401,11580,405184
7638,min:26582804,34,5516151647,68724326401,11580,405184
7639,min:26582805,30,36869951431,68724326401,11580,405184
7640,min:26582806,35,64391842404,68724326401,11580,405184
7641,min:26582807,30,12432487803,68724326401,11580,405184
7642,min:26582808,38,46975199795,68724326401,11580,405184
7643,min:26582809,31,39634433514,68724326401,11580,405184
7644,min:26582810,35,17740517734,68724326401,11580,405184
7645,min:26582811,35,2645776385,68724326401,11580,405184
7646,min:26582812,32,6608621491,68724326401,11580,405184
7647,min:26582813,30,48434758292,68724326401,11580,405184
7648,min:26582814,33,48159295092,68724326401,11580,405184
7649,min:26582815,36,57717895393,68724326401,11580,405184
7650,min:26582816,36,21371236123,68724326401,11580,405184
7651,min:26582817,32,45188539943,68724326401,11580,405184
7652,min:26582818,34,60118334185,68724326401,11580,405184
7653,min:26582819,37,25925009876,68724326401,11580,405184
7654,min:26582820,33,1090474362,68724326401,11580,405184
7655,min:26582821,31,27565369436,68724326401,11580,405184
7656,min:26582822,37,4194954773,68724326401,11580,405184
7657,min:26582823,33,22151837084,68724326401,11580,405184
7658,min:26582824,35,7738949493,68724326401,11580,405184
7659,min:26582825,36,30503363764,68724326401,11580,405184
7660,min:26582826,41,16402432779,68724326401,11580,405184
7661,min:26582827,36,26294490807,68724326401,11580,405184
7662,min:26582828,34,22758638703,68724326401,11580,405184
7663,min:26582829,33,20263892242,68724326401,11580,405184
7664,min:26582830,37,68318192075,68724326401,11580,405184
7665,min:26582831,35,56296563323,68724326401,11580,405184
7666,min:26582832,32,10576303711,68724326401,11580,405184
7667,min:26582833,34,6954937657,68724326401,11580,405184
7668,min:26582834,34,45361836828,68724326401,11580,405184
7669,min:26582835,34,23839186198,68724326401,11580,405184
7670,min:26582836,36,48258827417,68724326401,11580,405184
7671,min:26582837,33,48858875800,68724326401,11580,405184
7672,min:26582838,34,34275267089,68724326401,11580,405184
7673,min:26582839,31,7211420609,68724326401,11580,405184
7674,min:26582840,38,50171169680,68724326401,11580,405184
7675,min:26582841,35,53785027810,68724326401,11580,405184
7676,min:26582842,31,11526451708,68724326401,11580,405184
7677,min:26582843,31,62564531303,68724326401,11580,405184
7678,min:26582844,35,37058403075,68724326401,11580,405184
7679,min:26582845,36,20812106295,68724326401,11580,405184
7680,min:26582846,32,8976457766,68724326401,11580,405184
7681,min:26582847,33,31736279291,68724326401,11580,405184
7682,min:26582848,35,31141115583,68724326401,11580,405184
7683,min:26582849,32,53926441975,68724326401,11580,405184
7684,min:26582850,37,36515539924,68724326401,11580,405184
7685,min:26582851,32,20296139940,68724326401,11580,405184
7686,min:26582852,36,55863139906,68724326401,11580,405184
7687,min:26582853,33,30098096664,68724326401,11580,405184
7688,min:26582854,31,31479055285,68724326401,11580,405184
7689,min:26582855,32,34513383160,68724326401,11580,405184
7690,min:26582856,32,65915851291,68724326401,11580,405184
7691,min:26582857,34,51383759952,68724326401,11580,405184
7692,min:26582858,31,11538427003,68724326401,11580,405184
7693,min:26582859,35,61206866922,68724326401,11580,405184
7694,min:26582860,34,68628287155,68724326401,11580,405184
7695,min:26582861,35,31333101364,68724326401,11580,405184
7696,min:26582862,36,40181723633,68724326401,11580,405184
7697,min:26582863,32,63422089817,68724326401,11580,405184
7698,min:26582864,35,24551807335,68724326401,11580,405184
7699,min:26582865,38,47532225550,68724326401,11580,405184
7700,min:26582866,36,4301195892,68724326401,11580,405184
7701,min:26582867,34,48434066071,68724326401,11580,405184
7702,min:26582868,35,67979426244,68724326401,11580,405184
7703,min:26582869,39,9003211692,68724326401,11580,405184
7704,min:26582870,32,50579837660,68724326401,11580,405184
7705,min:26582871,35,36876505541,68724326401,11580,405184
7706,min:26582872,34,29958267684,68724326401,11580,405184
7707,min:26582873,36,4584881291,68724326401,11580,405184
7708,min:26582874,35,28887483434,68724326401,11580,405184
7709,min:26582875,33,13265890112,68724326401,11580,405184
7710,min:26582876,39,16550832213,68724326401,11580,405184
7711,min:26582877,33,21360909743,68724326401,11580,405184
7712,min:26582878,33,55446636459,68724326401,11580,405184
7713,min:26582879,34,49601214043,68724326401,11580,405184
7714,min:26582880,38,32592659388,68724326401,11580,405184
7715,min:26582881,35,58291253132,68724326401,11580,405184
7716,min:26582882,34,18816176510,68724326401,11580,405184
7717,min:26582883,37,21819817768,68724326401,11580,405184
7718,min:26582884,38,10192164752,68724326401,11580,405184
7719,min:26582885,32,42119587796,68724326401,11580,405184
7720,min:26582886,35,49272831076,68724326401,11580,405184
7721,min:26582887,33,65884910640,68724326401,11580,405184
7722,min:26582888,30,16857211259,68724326401,11580,405184
7723,min:26582889,34,15309565888,68724326401,11580,405184
7724,min:26582890,33,51216258324,68724326401,11580,405184
7725,min:26582891,32,31558631516,68724326401,11580,405184
7726,min:26582892,31,34378224607,68724326401,11580,405184
7727,min:26582893,36,22192032773,68724326401,11580,405184
7728,min:26582894,35,26598403398,68724326401,11580,405184
7729,min:26582895,36,15830180438,68724326401,11580,405184
7730,min:26582896,37,56366294866,68724326401,11580,405184
7731,min:26582897,34,28934520498,68724326401,11580,405184
7732,min:26582898,38,24201456200,68724326401,11580,405184
7733,min:26582899,36,6930686835,68724326401,11580,405184
7734,min:26582900,36,31807642428,68724326401,11580,405184
7735,min:26582901,32,58963758537,68724326401,11580,405184
7736,min:26582902,34,22486948771,68724326401,11580,405184
7737,min:26582903,36,58684442444,68724326401,11580,405184
7738,min:26582904,36,38614122761,68724326401,11580,405184
7739,min:26582905,33,6352073970,68724326401,11580,405184
7740,min:26582906,34,45729393452,68724326401,11580,405184
7741,min:26582907,36,56902609768,68724326401,11580,405184
7742,min:26582908,31,30160655937,68724326401,11580,405184
7743,min:26582909,34,36055988246,68724326401,11580,405184
7744,min:26582910,34,12181889928,68724326401,11580,405184
7745,min:26582911,34,58649491591,68724326401,11580,405184
7746,min:26582912,38,205588941,68724326401,11580,405184
7747,min:26582913,38,37069454627,68724326401,11580,405184
7748,min:26582914,32,26842730914,68724326401,11580,405184
7749,min:26582915,35,49700001096,68724326401,11580,405184
7750,min:26582916,38,19272490058,68724326401,11580,405184
7751,min:26582917,34,19967603846,68724326401,11580,405184
7752,min:26582918,36,40498919922,68724326401,11580,405184
7753,min:26582919,34,42621519763,68724326401,11580,405184
7754,min:26582920,37,50749868006,68724326401,11580,405184
7755,min:26582921,34,39950675981,68724326401,11580,405184
7756,min:26582922,36,18795956499,68724326401,11580,405184
7757,min:26582923,35,33905865427,68724326401,11580,405184
7758,min:26582924,39,44586851363,68724326401,11580,405184
7759,min:26582925,37,8270997583,68724326401,11580,405184
7760,min:26582926,34,48557016917,68724326401,11580,405184
7761,min:26582927,32,33399503261,68724326401,11580,405184
7762,min:26582928,33,15980559086,68724326401,11580,405184
7763,min:26582929,36,19629068993,68724326401,11580,405184
7764,min:26582930,34,12689769358,68724326401,11580,405184
7765,min:26582931,33,26130758093,68724326401,11580,405184
7766,min:26582932,36,9533401894,68724326401,11580,405184
7767,min:26582933,34,8716866472,68724326401,11580,405184
7768,min:26582934,34,64468577835,68724326401,11580,405184
7769,min:26582935,34,56871212681,68724326401,11580,405184
7770,min:26582936,36,14702314188,68724326401,11580,405184
7771,min:26582937,36,12966451857,68724326401,11580,405184
7772,min:26582938,34,14414019970,68724326401,11580,405184
7773,min:26582939,33,1263407890,68724326401,11580,405184
7774,min:26582940,33,6944645632,68724326401,11580,405184
7775,min:26582941,33,22073536735,68724326401,11580,405184
7776,min:26582942,33,12060105649,68724326401,11580,405184
7777,min:26582943,36,18947649509,68724326401,11580,405184
7778,min:26582944,35,30515183665,68724326401,11580,405184
7779,min:26582945,38,59811953174,68724326401,11580,405184
7780,min:26582946,33,1219536979,68724326401,11580,405184
7781,min:26582947,33,9109096111,68724326401,11580,405184
7782,min:26582948,37,9840378663,68724326401,11580,405184
7783,min:26582949,34,12565889670,68724326401,11580,405184
7784,min:26582950,33,32309225638,68724326401,11580,405184
7785,min:26582951,36,19918671661,68724326401,11580,405184
7786,min:26582952,34,1828761632,68724326401,11580,405184
7787,min:26582953,35,33769752265,68724326401,11580,405184
7788,min:26582954,38,40472645162,68724326401,11580,405184
7789,min:26582955,33,24569307166,68724326401,11580,405184
7790,min:26582956,34,47070113426,68724326401,11580,405184
7791,min:26582957,34,25482924070,68724326401,11580,405184
7792,min:26582958,31,21549853746,68724326401,11580,405184
7793,min:26582959,32,2279080967,68724326401,11580,405184
7794,min:26582960,37,3347965080,68724326401,11580,405184
7795,min:26582961,34,61689726123,68724326401,11580,405184
7796,min:26582962,34,64789767278,68724326401,11580,405184
7797,min:26582963,33,67461011010,68724326401,11580,405184
7798,min:26582964,34,43777941375,68724326401,11580,405184
7799,min:26582965,34,30416855038,68724326401,11580,405184
7800,min:26582966,34,28974218276,68724326401,11580,405184
7801,min:26582967,36,38740222840,68724326401,11580,405184
7802,min:26582968,33,39898591233,68724326401,11580,405184
7803,min:26582969,34,27779904551,68724326401,11580,405184
7804,min:26582970,35,18692191383,68724326401,11580,405184
7805,min:26582971,36,41426588678,68724326401,11580,405184
7806,min:26582972,36,31523229448,68724326401,11580,405184
7807,min:26582973,37,65386909514,68724326401,11580,405184
7808,min:26582974,35,52485917790,68724326401,11580,405184
7809,min:26582975,34,4863366818,68724326401,11580,405184
7810,min:26582976,34,64332640179,68724326401,11580,405184
7811,min:26582977,33,41244530834,68724326401,11580,405184
7812,min:26582978,35,4205288552,68724326401,11580,405184
7813,min:26582979,34,31159942750,68724326401,11580,405184
7814,min:26582980,36,50210464452,68724326401,11580,405184
7815,min:26582981,34,1485284165,68724326401,11580,405184
7816,min:26582982,35,13041747036,68724326401,11580,405184
7817,min:26582983,32,29819218249,68724326401,11580,405184
7818,min:26582984,38,66616955777,68724326401,11580,405184
7819,min:26582985,37,45728715340,68724326401,11580,405184
7820,min:26582986,32,55308012326,68724326401,11580,405184
7821,min:26582987,37,13115403640,68724326401,11580,405184
7822,min:26582988,31,27698380631,68724326401,11580,405184
7823,min:26582989,32,12503143325,68724326401,11580,405184
7824,min:26582990,33,307156903,68724326401,11580,405184
7825,min:26582991,35,54764731385,68724326401,11580,405184
7826,min:26582992,33,57243893741,68724326401,11580,405184
7827,min:26582993,35,3942716368,68724326401,11580,405184
7828,min:26582994,35,22024010326,68724326401,11580,405184
7829,min:26582995,36,31878428760,68724326401,11580,405184
7830,min:26582996,38,30053013874,68724326401,11580,405184
7831,min:26582997,33,36751496494,68724326401,11580,405184
7832,min:26582998,36,57233720695,68724326401,11580,405184
7833,min:26582999,37,62035336705,68724326401,11580,405184
7834,min:26583000,34,30902016166,68724326401,11580,405184
7835,min:26583001,37,58357639041,68724326401,11580,405184
7836,min:26583002,35,854161002,68724326401,11580,405184
7837,min:26583003,35,4229564352,68724326401,11580,405184
7838,min:26583004,31,7203932329,68724326401,11580,405184
7839,min:26583005,32,9123172344,68724326401,11580,405184
7840,min:26583006,31,63953999437,68724326401,11580,405184
7841,min:26583007,33,6019524266,68724326401,11580,405184
7842,min:26583008,34,67357162143,68724326401,11580,405184
7843,min:26583009,35,17897388998,68724326401,11580,405184
7844,min:26583010,34,19546230545,68724326401,11580,405184
7845,min:26583011,33,30314604339,68724326401,11580,405184
7846,min:26583012,32,50703653881,68724326401,11580,405184
7847,min:26583013,34,52387836168,68724326401,11580,405184
7848,min:26583014,32,9913405404,68724326401,11580,405184
7849,min:26583015,34,45439499772,68724326401,11580,405184
7850,min:26583016,36,55257925173,68724326401,11580,405184
7851,min:26583017,34,47548545918,68724326401,11580,405184
7852,min:26583018,37,10901287670,68724326401,11580,405184
7853,min:26583019,35,37771809024,68724326401,11580,405184
7854,min:26583020,34,36896308656,68724326401,11580,405184
7855,min:26583021,35,19777501406,68724326401,11580,405184
7856,min:26583022,36,399976046,68724326401,11580,405184
7857,min:26583023,34,64263832298,68724326401,11580,405184
7858,min:26583024,33,35930866537,68724326401,11580,405184
7859,min:26583025,34,9621958951,68724326401,11580,405184
7860,min:26583026,33,5049852390,68724326401,11580,405184
7861,min:26583027,34,17399959931,68724326401,11580,405184
7862,min:26583028,35,40550289975,68724326401,11580,405184
7863,min:26583029,36,55384103620,68724326401,11580,405184
7864,min:26583030,33,44899790598,68724326401,11580,405184
7865,min:26583031,35,6001466378,68724326401,11580,405184
7866,min:26583032,34,62363446432,68724326401,11580,405184
7867,min:26583033,32,36891728704,68724326401,11580,405184
7868,min:26583034,35,57944560387,68724326401,11580,405184
7869,min:26583035,37,60978798033,68724326401,11580,405184
7870,min:26583036,33,42155644706,68724326401,11580,405184
7871,min:26583037,37,7106797992,68724326401,11580,405184
7872,min:26583038,37,27049649457,68724326401,11580,405184
7873,min:26583039,35,6656277036,68724326401,11580,405184
7874,min:26583040,34,23261377103,68724326401,11580,405184
7875,min:26583041,35,50235313877,68724326401,11580,405184
7876,min:26583042,32,27680856299,68724326401,11580,405184
7877,min:26583043,35,45308791773,68724326401,11580,405184
7878,min:26583044,34,67259478850,68724326401,11580,405184
7879,min:26583045,33,30921606406,68724326401,11580,405184
7880,min:26583046,34,49158937384,68724326401,11580,405184
7881,min:26583047,34,6080608,68724326401,11580,405184
7882,min:26583048,33,66103434735,68724326401,11580,405184
7883,min:26583049,34,22406505769,68724326401,11580,405184
7884,min:26583050,34,2882626225,68724326401,11580,405184
7885,min:26583051,37,29294169150,68724326401,11580,405184
7886,min:26583052,34,28892906090,68724326401,11580,405184
7887,min:26583053,34,17279699749,68724326401,11580,405184
7888,min:26583054,37,61694668552,68724326401,11580,405184
7889,min:26583055,35,44308863402,68724326401,11580,405184
7890,min:26583056,34,28772376533,68724326401,11580,405184
7891,min:26583057,36,35593467557,68724326401,11580,405184
7892,min:26583058,32,67370068443,68724326401,11580,405184
7893,min:26583059,33,60580594776,68724326401,11580,405184
7894,min:26583060,37,34866359603,68724326401,11580,405184
7895,min:26583061,37,8677217181,68724326401,11580,405184
7896,min:26583062,35,16580361082,68724326401,11580,405184
7897,min:26583063,35,36651221368,68724326401,11580,405184
7898,min:26583064,34,40193647808,68724326401,11580,405184
7899,min:26583065,36,46177640339,68724326401,11580,405184
7900,min:26583066,38,35436217272,68724326401,11580,405184
7901,min:26583067,33,16959316521,68724326401,11580,405184
7902,min:26583068,36,30222196382,68724326401,11580,405184
7903,min:26583069,37,2412576294,68724326401,11580,405184
7904,min:26583070,33,35577276379,68724326401,11580,405184
7905,min:26583071,36,30301956420,68724326401,11580,405184
7906,min:26583072,38,23184826203,68724326401,11580,405184
7907,min:26583073,37,76590251,68724326401,11580,405184
7908,min:26583074,38,40491127851,68724326401,11580,405184
7909,min:26583075,31,37453726585,68724326401,11580,405184
7910,min:26583076,35,7891788195,68724326401,11580,405184
7911,min:26583077,35,44602628819,68724326401,11580,405184
7912,min:26583078,36,2470490238,68724326401,11580,405184
7913,min:26583079,34,9452592771,68724326401,11580,405184
7914,min:26583080,33,10326030166,68724326401,11580,405184
7915,min:26583081,33,2744484034,68724326401,11580,405184
7916,min:26583082,35,58176678882,68724326401,11580,405184
7917,min:26583083,35,57096767215,68724326401,11580,405184
7918,min:26583084,38,62731386364,68724326401,11580,405184
7919,min:26583085,36,8495736695,68724326401,11580,405184
7920,min:26583086,38,35404819670,68724326401,11580,405184
7921,min:26583087,36,28163093439,68724326401,11580,405184
7922,min:26583088,35,9517212536,68724326401,11580,405184
7923,min:26583089,37,12908124354,68724326401,11580,405184
7924,min:26583090,36,56823400727,68724326401,11580,405184
7925,min:26583091,32,49822929864,68724326401,11580,405184
7926,min:26583092,35,10024254998,68724326401,11580,405184
7927,min:26583093,37,2330647901,68724326401,11580,405184
7928,min:26583094,35,26641134442,68724326401,11580,405184
7929,min:26583095,34,39852778383,68724326401,11580,405184
7930,min:26583096,35,41701739547,68724326401,11580,405184
7931,min:26583097,34,28020402328,68724326401,11580,405184
7932,min:26583098,36,62952659611,68724326401,11580,405184
7933,min:26583099,36,47968004839,68724326401,11580,405184
7934,min:26583100,36,14956503579,68724326401,11580,405184
7935,min:26583101,37,48280632994,68724326401,11580,405184
7936,min:26583102,36,30785774463,68724326401,11580,405184
7937,min:26583103,38,58810617940,68724326401,11580,405184
7938,min:26583104,35,18547103032,68724326401,11580,405184
7939,min:26583105,34,63375384514,68724326401,11580,405184
7940,min:26583106,33,1054171110,68724326401,11580,405184
7941,min:26583107,35,53454820255,68724326401,11580,405184
7942,min:26583108,36,1423522215,68724326401,11580,405184
7943,min:26583109,37,61047743346,68724326401,11580,405184
7944,min:26583110,33,29794724131,68724326401,11580,405184
7945,min:26583111,34,47640848799,68724326401,11580,405184
7946,min:26583112,33,29848570412,68724326401,11580,405184
7947,min:26583113,34,61253856979,68724326401,11580,405184
7948,min:26583114,35,12584104032,68724326401,11580,405184
7949,min:26583115,33,35924181761,68724326401,11580,405184
7950,min:26583116,37,30071463443,68724326401,11580,405184
7951,min:26583117,32,22526263622,68724326401,11580,405184
7952,min:26583118,33,27767874181,68724326401,11580,405184
7953,min:26583119,36,42009316411,68724326401,11580,405184
7954,min:26583120,35,14811763542,68724326401,11580,405184
7955,min:26583121,35,9899533159,68724326401,11580,405184
7956,min:26583122,35,20956463786,68724326401,11580,405184
7957,min:26583123,35,65400993017,68724326401,11580,405184
7958,min:26583124,35,62947179404,68724326401,11580,405184
7959,min:26583125,31,3366163505,68724326401,11580,405184
7960,min:26583126,36,62128819423,68724326401,11580,405184
7961,min:26583127,36,62468489934,68724326401,11580,405184
7962,min:26583128,30,13269493659,68724326401,11580,405184
7963,min:26583129,37,61935507432,68724326401,11580,405184
7964,min:26583130,32,31948539360,68724326401,11580,405184
7965,min:26583131,30,34977830894,68724326401,11580,405184
7966,min:26583132,36,15236206549,68724326401,11580,405184
7967,min:26583133,32,282790257,68724326401,11580,405184
7968,min:26583134,36,63448523601,68724326401,11580,405184
7969,min:26583135,35,50565240672,68724326401,11580,405184
7970,min:26583136,36,20923098515,68724326401,11580,405184
7971,min:26583137,35,50151088440,68724326401,11580,405184
7972,min:26583138,34,21915535894,68724326401,11580,405184
7973,min:26583139,35,55476080012,68724326401,11580,405184
7974,min:26583140,31,53732288116,68724326401,11580,405184
7975,min:26583141,33,7314411169,68724326401,11580,405184
7976,min:26583142,37,25294232399,68724326401,11580,405184
7977,min:26583143,35,13402551978,68724326401,11580,405184
7978,min:26583144,32,62881250903,68724326401,11580,405184
7979,min:26583145,31,8075134846,68724326401,11580,405184
7980,min:26583146,33,30776143878,68724326401,11580,405184
7981,min:26583147,34,67566089536,68724326401,11580,405184
7982,min:26583148,38,51811980140,68724326401,11580,405184
7983,min:26583149,30,36786515472,68724326401,11580,405184
7984,min:26583150,34,34925193485,68724326401,11580,405184
7985,min:26583151,34,61195659556,68724326401,11580,405184
7986,min:26583152,35,46769182805,68724326401,11580,405184
7987,min:26583153,34,34451701040,68724326401,11580,405184
7988,min:26583154,39,23076015593,68724326401,11580,405184
7989,min:26583155,35,10179024413,68724326401,11580,405184
7990,min:26583156,32,48862471304,68724326401,11580,405184
7991,min:26583157,36,9918033043,68724326401,11580,405184
7992,min:26583158,35,18410714988,68724326401,11580,405184
7993,min:26583159,29,65670597799,68724326401,11580,405184
7994,min:26583160,35,17639757101,68724326401,11580,405184
7995,min:26583161,37,37513996816,68724326401,11580,405184
7996,min:26583162,36,8733798347,68724326401,11580,405184
7997,min:26583163,35,55061243209,68724326401,11580,405184
7998,min:26583164,32,12057769876,68724326401,11580,405184
7999,min:26583165,30,37401252922,68724326401,11580,405184
8000,min:26583166,38,55714359255,68724326401,11580,405184
8001,min:26583167,34,51829235691,68724326401,11580,405184
8002,min:26583168,34,6842405827,68724326401,11580,405184
8003,min:26583169,36,58052315737,68724326401,11580,405184
8004,min:26583170,34,5482330129,68724326401,11580,405184
8005,min:26583171,35,60961539651,68724326401,11580,405184
8006,min:26583172,37,3393898935,68724326401,11580,405184
8007,min:26583173,34,25931299759,68724326401,11580,405184
8008,min:26583174,36,66714700881,68724326401,11580,405184
8009,min:26583175,37,56038155847,68724326401,11580,405184
8010,min:26583176,36,39610774757,68724326401,11580,405184
8011,min:26583177,37,52582433644,68724326401,11580,405184
8012,min:26583178,38,5874603311,68724326401,11580,405184
8013,min:26583179,37,11671965065,68724326401,11580,405184
8014,min:26583180,33,53457688108,68724326401,11580,405184
8015,min:26583181,36,40134095212,68724326401,11580,405184
8016,min:26583182,34,3484125521,68724326401,11580,405184
8017,min:26583183,37,16728603929,68724326401,11580,405184
8018,min:26583184,38,20676267260,68724326401,11580,405184
8019,min:26583185,37,66873273456,68724326401,11580,405184
8020,min:26583186,37,40612186585,68724326401,11580,405184
8021,min:26583187,35,9186399745,68724326401,11580,405184
8022,min:26583188,38,20215821627,68724326401,11580,405184
8023,min:26583189,37,58530767576,68724326401,11580,405184
8024,min:26583190,33,53908620265,68724326401,11580,405184
8025,min:26583191,39,57272108779,68724326401,11580,405184
8026,min:26583192,39,64729369441,68724326401,11580,405184
8027,min:26583193,38,52413677686,68724326401,11580,405184
8028,min:26583194,38,55811520854,68724326401,11580,405184
8029,min:26583195,36,25309782402,68724326401,11580,405184
8030,min:26583196,32,31762741735,68724326401,11580,405184
8031,min:26583197,31,61954884594,68724326401,11580,405184
8032,min:26583198,37,29983596044,68724326401,11580,405184
8033,min:26583199,35,33978756652,68724326401,11580,405184
8034,min:26583200,37,21733395906,68724326401,11580,405184
8035,min:26583201,32,16933119368,68724326401,11580,405184
8036,min:26583202,37,12921522206,68724326401,11580,405184
8037,min:26583203,37,1218819755,68724326401,11580,405184
8038,min:26583204,34,18917757111,68724326401,11580,405184
8039,min:26583205,37,52537291404,68724326401,11580,405184
8040,min:26583206,35,24228091787,68724326401,11580,405184
8041,min:26583207,34,40766852587,68724326401,11580,405184
8042,min:26583208,38,46973060033,68724326401,11580,405184
8043,min:26583209,36,62182360653,68724326401,11580,405184
8044,min:26583210,36,23347093051,68724326401,11580,405184
8045,min:26583211,35,35485260642,68724326401,11580,405184
8046,min:26583212,34,19888340728,68724326401,11580,405184
8047,min:26583213,33,56313701653,68724326401,11580,405184
8048,min:26583214,30,22636661349,68724326401,11580,405184
8049,min:26583215,33,1422109843,68724326401,11580,405184
8050,min:26583216,34,46889788773,68724326401,11580,405184
8051,min:26583217,35,61010371380,68724326401,11580,405184
8052,min:26583218,36,68368965028,68724326401,11580,405184
8053,min:26583219,31,2100190806,68724326401,11580,405184
8054,min:26583220,37,43342279481,68724326401,11580,405184
8055,min:26583221,35,27930694259,68724326401,11580,405184
8056,min:26583222,33,50689361410,68724326401,11580,405184
8057,min:26583223,32,31133200562,68724326401,11580,405184
8058,min:26583224,31,20546576619,68724326401,11580,405184
8059,min:26583225,36,62850270897,68724326401,11580,405184
8060,min:26583226,35,35993499389,68724326401,11580,405184
8061,min:26583227,33,19805401005,68724326401,11580,405184
8062,min:26583228,35,4512115154,68724326401,11580,405184
8063,min:26583229,35,40981151832,68724326401,11580,405184
8064,min:26583230,36,63406416715,68724326401,11580,405184
8065,min:26583231,36,67554542,68724326401,11580,405184
8066,min:26583232,34,43837929185,68724326401,11580,405184
8067,min:26583233,34,47225430639,68724326401,11580,405184
8068,min:26583234,35,22222509156,68724326401,11580,405184
8069,min:26583235,36,2307095806,68724326401,11580,405184
8070,min:26583236,37,5449937825,68724326401,11580,405184
8071,min:26583237,36,13346717645,68724326401,11580,405184
8072,min:26583238,36,62127200140,68724326401,11580,405184
8073,min:26583239,35,5309815210,68724326401,11580,405184
8074,min:26583240,35,10486795005,68724326401,11580,405184
8075,min:26583241,33,12475046562,68724326401,11580,405184
8076,min:26583242,35,20654811042,68724326401,11580,405184
8077,min:26583243,35,41122942232,68724326401,11580,405184
8078,min:26583244,34,23643347602,68724326401,11580,405184
8079,min:26583245,34,54963331972,68724326401,11580,405184
8080,min:26583246,38,19178424407,68724326401,11580,405184
8081,min:26583247,35,37513776478,68724326401,11580,405184
8082,min:26583248,36,46150835283,68724326401,11580,405184
8083,min:26583249,34,8507335384,68724326401,11580,405184
8084,min:26583250,37,6824223943,68724326401,11580,405184
8085,min:26583251,36,43002815566,68724326401,11580,405184
8086,min:26583252,35,58202672670,68724326401,11580,405184
8087,min:26583253,36,59046704209,68724326401,11580,405184
8088,min:26583254,34,20326444799,68724326401,11580,405184
8089,min:26583255,35,24164834545,68724326401,11580,405184
8090,min:26583256,38,14982820767,68724326401,11580,405184
8091,min:26583257,35,38654290825,68724326401,11580,405184
8092,min:26583258,33,41407367515,68724326401,11580,405184
8093,min:26583259,33,53793668456,68724326401,11580,405184
8094,min:26583260,36,53183692607,68724326401,11580,405184
8095,min:26583261,33,41212719932,68724326401,11580,405184
8096,min:26583262,33,7666684170,68724326401,11580,405184
8097,min:26583263,35,36197373461,68724326401,11580,405184
8098,min:26583264,36,46790010443,68724326401,11580,405184
8099,min:26583265,34,15183894659,68724326401,11580,405184
8100,min:26583266,35,58563717707,68724326401,11580,405184
8101,min:26583267,35,67161674523,68724326401,11580,405184
8102,min:26583268,35,32427656953,68724326401,11580,405184
8103,min:26583269,38,20549043241,68724326401,11580,405184
8104,min:26583270,35,28077400746,68724326401,11580,405184
8105,min:26583271,36,18952792619,68724326401,11580,405184
8106,min:26583272,31,64163281564,68724326401,11580,405184
8107,min:26583273,38,67898061524,68724326401,11580,405184
8108,min:26583274,35,26532131873,68724326401,11580,405184
8109,min:26583275,33,5481490286,68724326401,11580,405184
8110,min:26583276,36,4742781523,68724326401,11580,405184
8111,min:26583277,36,11510735136,68724326401,11580,405184
8112,min:26583278,34,28388139389,68724326401,11580,405184
8113,min:26583279,34,43796286129,68724326401,11580,405184
8114,min:26583280,36,65682220340,68724326401,11580,405184
8115,min:26583281,33,30589962999,68724326401,11580,405184
8116,min:26583282,35,53974064255,68724326401,11580,405184
8117,min:26583283,34,60930897972,68724326401,11580,405184
8118,min:26583284,34,9278209932,68724326401,11580,405184
8119,min:26583285,34,4710856186,68724326401,11580,405184
8120,min:26583286,34,23312413270,68724326401,11580,405184
8121,min:26583287,33,46571880831,68724326401,11580,405184
8122,min:26583288,33,26954676118,68724326401,11580,405184
8123,min:26583289,35,19469251426,68724326401,11580,405184
8124,min:26583290,36,47906486510,68724326401,11580,405184
8125,min:26583291,38,22408778016,68724326401,11580,405184
8126,min:26583292,39,39730116980,68724326401,11580,405184
8127,min:26583293,35,64935122128,68724326401,11580,405184
8128,min:26583294,35,26745544758,68724326401,11580,405184
8129,min:26583295,34,55657877239,68724326401,11580,405184
8130,min:26583296,36,66856793644,68724326401,11580,405184
8131,min:26583297,35,68120349477,68724326401,11580,405184
8132,min:26583298,41,48414482668,68724326401,11580,405184
8133,min:26583299,35,65930038923,68724326401,11580,405184
8134,min:26583300,37,2539797799,68724326401,11580,405184
8135,min:26583301,37,43414915518,68724326401,11580,405184
8136,min:26583302,35,13577738004,68724326401,11580,405184
8137,min:26583303,35,48160129296,68724326401,11580,405184
8138,min:26583304,38,28345403389,68724326401,11580,405184
8139,min:26583305,36,66537406923,68724326401,11580,405184
8140,min:26583306,35,59245351141,68724326401,11580,405184
8141,min:26583307,37,39009604286,68724326401,11580,405184
8142,min:26583308,36,28216362742,68724326401,11580,405184
8143,min:26583309,37,50210127938,68724326401,11580,405184
8144,min:26583310,39,30645921973,68724326401,11580,405184
8145,min:26583311,35,11344102519,68724326401,11580,405184
8146,min:26583312,35,55115162177,68724326401,11580,405184
8147,min:26583313,33,58123896927,68724326401,11580,405184
8148,min:26583314,37,64326462201,68724326401,11580,405184
8149,min:26583315,33,15120447782,68724326401,11580,405184
8150,min:26583316,35,60533488924,68724326401,11580,405184
8151,min:26583317,37,40645546557,68724326401,11580,405184
8152,min:26583318,36,27731906369,68724326401,11580,405184
8153,min:26583319,36,57330695228,68724326401,11580,405184
8154,min:26583320,35,17689689400,68724326401,11580,405184
8155,min:26583321,36,17802591342,68724326401,11580,405184
8156,min:26583322,33,7673228714,68724326401,11580,405184
8157,min:26583323,35,11815225385,68724326401,11580,405184
8158,min:26583324,40,7690618917,68724326401,11580,405184
8159,min:26583325,35,35782136099,68724326401,11580,405184
8160,min:26583326,36,59922487883,68724326401,11580,405184
8161,min:26583327,37,38124488361,68724326401,11580,405184
8162,min:26583328,34,45526275523,68724326401,11580,405184
8163,min:26583329,34,61004340979,68724326401,11580,405184
8164,min:26583330,34,23754498224,68724326401,11580,405184
8165,min:26583331,38,413685902,68724326401,11580,405184
8166,min:26583332,37,54145613736,68724326401,11580,405184
8167,min:26583333,38,43762383961,68724326401,11580,405184
8168,min:26583334,37,46620103431,68724326401,11580,405184
8169,min:26583335,39,24429753394,68724326401,11580,405184
8170,min:26583336,36,64007736666,68724326401,11580,405184
8171,min:26583337,37,38633157909,68724326401,11580,405184
8172,min:26583338,37,7449391860,68724326401,11580,405184
8173,min:26583339,34,3378354202,68724326401,11580,405184
8174,min:26583340,36,5585270302,68724326401,11580,405184
8175,min:26583341,36,5337775112,68724326401,11580,405184
8176,min:26583342,37,33041494214,68724326401,11580,405184
8177,min:26583343,34,60725014437,68724326401,11580,405184
8178,min:26583344,36,11716882027,68724326401,11580,405184
8179,min:26583345,37,37471049394,68724326401,11580,405184
8180,min:26583346,37,46909197269,68724326401,11580,405184
8181,min:26583347,39,15895325735,68724326401,11580,405184
8182,min:26583348,37,61554204680,68724326401,11580,405184
8183,min:26583349,33,59852385643,68724326401,11580,405184
8184,min:26583350,37,28982803651,68724326401,11580,405184
8185,min:26583351,35,62349303732,68724326401,11580,405184
8186,min:26583352,38,44104059170,68724326401,11580,405184
8187,min:26583353,36,30865580723,68724326401,11580,405184
8188,min:26583354,33,47552936398,68724326401,11580,405184
8189,min:26583355,33,46402437141,68724326401,11580,405184
8190,min:26583356,38,52187167016,68724326401,11580,405184
8191,min:26583357,37,23382470869,68724326401,11580,405184
8192,min:26583358,36,7925770708,68724326401,11580,405184
8193,min:26583359,35,68483255619,68724326401,11580,405184
8194,min:26583360,36,64396991301,68724326401,11580,405184
8195,min:26583361,36,66217055842,68724326401,11580,405184
8196,min:26583362,36,51953210181,68724326401,11580,405184
8197,min:26583363,37,63031649523,68724326401,11580,405184
8198,min:26583364,36,53396427557,68724326401,11580,405184
8199,min:26583365,38,63629713868,68724326401,11580,405184
8200,min:26583366,36,24791011697,68724326401,11580,405184
8201,min:26583367,38,54250569767,68724326401,11580,405184
8202,min:26583368,34,32275698891,68724326401,11580,405184
8203,min:26583369,37,55967623845,68724326401,11580,405184
8204,min:26583370,36,19718177048,68724326401,11580,405184
8205,min:26583371,34,62523278565,68724326401,11580,405184
8206,min:26583372,37,60139158625,68724326401,11580,405184
8207,min:26583373,36,36702878918,68724326401,11580,405184
8208,min:26583374,35,65976694666,68724326401,11580,405184
8209,min:26583375,33,45721656192,68724326401,11580,405184
8210,min:26583376,35,47279502688,68724326401,11580,405184
8211,min:26583377,33,52868535515,68724326401,11580,405184
8212,min:26583378,35,44192245014,68724326401,11580,405184
8213,min:26583379,37,7169570976,68724326401,11580,405184
8214,min:26583380,38,59764155883,68724326401,11580,405184
8215,min:26583381,38,35421640272,68724326401,11580,405184
8216,min:26583382,37,31371412000,68724326401,11580,405184
8217,min:26583383,37,30220887669,68724326401,11580,405184
8218,min:26583384,40,26559197548,68724326401,11580,405184
8219,min:26583385,38,39922734147,68724326401,11580,405184
8220,min:26583386,38,47136998752,68724326401,11580,405184
8221,min:26583387,36,58326560182,68724326401,11580,405184
8222,min:26583388,35,39011002417,68724326401,11580,405184
8223,min:26583389,35,67986518446,68724326401,11580,405184
8224,min:26583390,39,56346525263,68724326401,11580,405184
8225,min:26583391,35,22794517569,68724326401,11580,405184
8226,min:26583392,38,19789191787,68724326401,11580,405184
8227,min:26583393,39,27269187424,68724326401,11580,405184
8228,min:26583394,37,12436051226,68724326401,11580,405184
8229,min:26583395,36,36060044893,68724326401,11580,405184
8230,min:26583396,33,49129455273,68724326401,11580,405184
8231,min:26583397,33,11373914168,68724326401,11580,405184
8232,min:26583398,34,44657153460,68724326401,11580,405184
8233,min:26583399,36,13211639943,68724326401,11580,405184
8234,min:26583400,34,66304188960,68724326401,11580,405184
8235,min:26583401,37,62895785559,68724326401,11580,405184
8236,min:26583402,36,29516551270,68724326401,11580,405184
8237,min:26583403,37,67600087557,68724326401,11580,405184
8238,min:26583404,35,40494453875,68724326401,11580,405184
8239,min:26583405,37,40190823839,68724326401,11580,405184
8240,min:26583406,33,18805052222,68724326401,11580,405184
8241,min:26583407,32,10120070247,68724326401,11580,405184
8242,min:26583408,34,28536930102,68724326401,11580,405184
8243,min:26583409,35,54605896719,68724326401,11580,405184
8244,min:26583410,36,5275994412,68724326401,11580,405184
8245,min:26583411,37,28670322357,68724326401,11580,405184
8246,min:26583412,37,1326852461,68724326401,11580,405184
8247,min:26583413,32,28809485166,68724326401,11580,405184
8248,min:26583414,37,16399734685,68724326401,11580,405184
8249,min:26583415,32,38715093706,68724326401,11580,405184
8250,min:26583416,36,34112361293,68724326401,11580,405184
8251,min:26583417,37,57246914165,68724326401,11580,405184
8252,min:26583418,36,24270821567,68724326401,11580,405184
8253,min:26583419,35,6047481399,68724326401,11580,405184
8254,min:26583420,37,54883681606,68724326401,11580,405184
8255,min:26583421,36,40876416669,68724326401,11580,405184
8256,min:26583422,34,24251010138,68724326401,11580,405184
8257,min:26583423,36,36385037842,68724326401,11580,405184
8258,min:26583424,36,44892732700,68724326401,11580,405184
8259,min:26583425,35,30474195965,68724326401,11580,405184
8260,min:26583426,35,44538170387,68724326401,11580,405184
8261,min:26583427,36,3633544340,68724326401,11580,405184
8262,min:26583428,33,25187674891,68724326401,11580,405184
8263,min:26583429,35,51784450028,68724326401,11580,405184
8264,min:26583430,37,13603913584,68724326401,11580,405184
8265,min:26583431,38,32323014792,68724326401,11580,405184
8266,min:26583432,34,63764457465,68724326401,11580,405184
8267,min:26583433,35,43414697322,68724326401,11580,405184
8268,min:26583434,35,56706840080,68724326401,11580,405184
8269,min:26583435,35,42102195743,68724326401,11580,405184
8270,min:26583436,33,22559022752,68724326401,11580,405184
8271,min:26583437,37,17224371190,68724326401,11580,405184
8272,min:26583438,37,40696347536,68724326401,11580,405184
8273,min:26583439,32,14999410369,68724326401,11580,405184
8274,min:26583440,35,21705352516,68724326401,11580,405184
8275,min:26583441,38,20563244448,68724326401,11580,405184
8276,min:26583442,32,29307093514,68724326401,11580,405184
8277,min:26583443,36,36375069887,68724326401,11580,405184
8278,min:26583444,37,37569277479,68724326401,11580,405184
8279,min:26583445,38,28557371637,68724326401,11580,405184
8280,min:26583446,33,30094616854,68724326401,11580,405184
8281,min:26583447,35,66853826318,68724326401,11580,405184
8282,min:26583448,37,26851836400,68724326401,11580,405184
8283,min:26583449,33,36681726966,68724326401,11580,405184
8284,min:26583450,34,8356252911,68724326401,11580,405184
8285,min:26583451,35,52974400497,68724326401,11580,405184
8286,min:26583452,37,44964599281,68724326401,11580,405184
8287,min:26583453,33,55477162153,68724326401,11580,405184
8288,min:26583454,33,68175857777,68724326401,11580,405184
8289,min:26583455,34,30010227393,68724326401,11580,405184
8290,min:26583456,38,62816234920,68724326401,11580,405184
8291,min:26583457,37,65160265372,68724326401,11580,405184
8292,min:26583458,37,57805773312,68724326401,11580,405184
8293,min:26583459,35,11376619079,68724326401,11580,405184
8294,min:26583460,32,34376128776,68724326401,11580,405184
8295,min:26583461,38,34592959910,68724326401,11580,405184
8296,min:26583462,37,24091232241,68724326401,11580,405184
8297,min:26583463,34,13678794522,68724326401,11580,405184
8298,min:26583464,36,50006447330,68724326401,11580,405184
8299,min:26583465,37,60497877029,68724326401,11580,405184
8300,min:26583466,38,759476421,68724326401,11580,405184
8301,min:26583467,33,13483466799,68724326401,11580,405184
8302,min:26583468,34,17801741282,68724326401,11580,405184
8303,min:26583469,40,17633269555,68724326401,11580,405184
8304,min:26583470,34,11239652991,68724326401,11580,405184
8305,min:26583471,35,30952153659,68724326401,11580,405184
8306,min:26583472,37,55898477350,68724326401,11580,405184
8307,min:26583473,36,32355773344,68724326401,11580,405184
8308,min:26583474,34,52942209715,68724326401,11580,405184
8309,min:26583475,36,51527320095,68724326401,11580,405184
8310,min:26583476,33,9510213415,68724326401,11580,405184
8311,min:26583477,35,46320607388,68724326401,11580,405184
8312,min:26583478,38,37708041807,68724326401,11580,405184
8313,min:26583479,36,4844412543,68724326401,11580,405184
8314,min:26583480,34,35851401801,68724326401,11580,405184
8315,min:26583481,36,13059509697,68724326401,11580,405184
8316,min:26583482,34,52019400359,68724326401,11580,405184
8317,min:26583483,32,6576795956,68724326401,11580,405184
8318,min:26583484,35,4649006926,68724326401,11580,405184
8319,min:26583485,37,44447634329,68724326401,11580,405184
8320,min:26583486,36,40929247126,68724326401,11580,405184
8321,min:26583487,36,29973380471,68724326401,11580,405184
8322,min:26583488,36,49262012952,68724326401,11580,405184
8323,min:26583489,34,51130728921,68724326401,11580,405184
8324,min:26583490,39,11317566792,68724326401,11580,405184
8325,min:26583491,35,35530199320,68724326401,11580,405184
8326,min:26583492,35,37255801749,68724326401,11580,405184
8327,min:26583493,34,63281604538,68724326401,11580,405184
8328,min:26583494,36,54498805492,68724326401,11580,405184
8329,min:26583495,33,49459432667,68724326401,11580,405184
8330,min:26583496,32,52953317840,68724326401,11580,405184
8331,min:26583497,39,53946450999,68724326401,11580,405184
8332,min:26583498,36,49074866860,68724326401,11580,405184
8333,min:26583499,35,44422099385,68724326401,11580,405184
8334,min:26583500,39,60988548862,68724326401,11580,405184
8335,min:26583501,36,14149914060,68724326401,11580,405184
8336,min:26583502,37,59754385887,68724326401,11580,405184
8337,min:26583503,36,64756765697,68724326401,11580,405184
8338,min:26583504,33,5419538573,68724326401,11580,405184
8339,min:26583505,39,54853259826,68724326401,11580,405184
8340,min:26583506,35,50322938721,68724326401,11580,405184
8341,min:26583507,34,12208094281,68724326401,11580,405184
8342,min:26583508,31,54728078861,68724326401,11580,405184
8343,min:26583509,35,66432805693,68724326401,11580,405184
8344,min:26583510,34,49168262884,68724326401,11580,405184
8345,min:26583511,35,34191628635,68724326401,11580,405184
8346,min:26583512,36,50808401198,68724326401,11580,405184
8347,min:26583513,37,11939458290,68724326401,11580,405184
8348,min:26583514,35,33816662759,68724326401,11580,405184
8349,min:26583515,34,1349776192,68724326401,11580,405184
8350,min:26583516,39,38282769839,68724326401,11580,405184
8351,min:26583517,35,38716784730,68724326401,11580,405184
8352,min:26583518,38,60287861738,68724326401,11580,405184
8353,min:26583519,36,6935700027,68724326401,11580,405184
8354,min:26583520,34,47899852844,68724326401,11580,405184
8355,min:26583521,35,31858617739,68724326401,11580,405184
8356,min:26583522,32,48465101020,68724326401,11580,405184
8357,min:26583523,36,39284138693,68724326401,11580,405184
8358,min:26583524,33,6385465227,68724326401,11580,405184
8359,min:26583525,34,27731654395,68724326401,11580,405184
8360,min:26583526,32,30704810998,68724326401,11580,405184
8361,min:26583527,33,68060853255,68724326401,11580,405184
8362,min:26583528,37,14168141170,68724326401,11580,405184
8363,min:26583529,35,62986402980,68724326401,11580,405184
8364,min:26583530,36,66466210238,68724326401,11580,405184
8365,min:26583531,35,63795000099,68724326401,11580,405184
8366,min:26583532,35,54121489009,68724326401,11580,405184
8367,min:26583533,38,63593504622,68724326401,11580,405184
8368,min:26583534,35,30952853296,68724326401,11580,405184
8369,min:26583535,34,41322613642,68724326401,11580,405184
8370,min:26583536,35,35848118078,68724326401,11580,405184
8371,min:26583537,33,12941920273,68724326401,11580,405184
8372,min:26583538,35,43075075547,68724326401,11580,405184
8373,min:26583539,36,30708844323,68724326401,11580,405184
8374,min:26583540,34,67482859974,68724326401,11580,405184
8375,min:26583541,37,55867153966,68724326401,11580,405184
8376,min:26583542,38,31352359755,68724326401,11580,405184
8377,min:26583543,37,67635760101,68724326401,11580,405184
8378,min:26583544,35,6950860407,68724326401,11580,405184
8379,min:26583545,38,24327989957,68724326401,11580,405184
8380,min:26583546,34,50622192556,68724326401,11580,405184
8381,min:26583547,34,16505783279,68724326401,11580,405184
8382,min:26583548,36,67627080193,68724326401,11580,405184
8383,min:26583549,32,31791430158,68724326401,11580,405184
8384,min:26583550,35,16931587321,68724326401,11580,405184
8385,min:26583551,32,18826080970,68724326401,11580,405184
8386,min:26583552,34,20335633162,68724326401,11580,405184
8387,min:26583553,33,31966950347,68724326401,11580,405184
8388,min:26583554,31,43562920941,68724326401,11580,405184
8389,min:26583555,31,42056688161,68724326401,11580,405184
8390,min:26583556,36,11483247716,68724326401,11580,405184
8391,min:26583557,35,35149445815,68724326401,11580,405184
8392,min:26583558,34,62834719067,68724326401,11580,405184
8393,min:26583559,32,44262057907,68724326401,11580,405184
8394,min:26583560,29,26746140580,68724326401,11580,405184
8395,min:26583561,33,45487064218,68724326401,11580,405184
8396,min:26583562,34,42519640397,68724326401,11580,405184
8397,min:26583563,35,13235781388,68724326401,11580,405184
8398,min:26583564,33,34330236968,68724326401,11580,405184
8399,min:26583565,38,43147148996,68724326401,11580,405184
8400,min:26583566,33,52187592326,68724326401,11580,405184
8401,min:26583567,33,28723703191,68724326401,11580,405184
8402,min:26583568,32,33325523787,68724326401,11580,405184
8403,min:26583569,37,2082981612,68724326401,11580,405184
8404,min:26583570,33,18293916710,68724326401,11580,405184
8405,min:26583571,33,61169347226,68724326401,11580,405184
8406,min:26583572,35,17378027407,68724326401,11580,405184
8407,min:26583573,36,46016390948,68724326401,11580,405184
8408,min:26583574,35,45500255162,68724326401,11580,405184
8409,min:26583575,35,53134251689,68724326401,11580,405184
8410,min:26583576,37,64623536339,68724326401,11580,405184
8411,min:26583577,35,52104368125,68724326401,11580,405184
8412,min:26583578,34,41046990925,68724326401,11580,405184
8413,min:26583579,37,67015360224,68724326401,11580,405184
8414,min:26583580,39,11475336074,68724326401,11580,405184
8415,min:26583581,35,12300164603,68724326401,11580,405184
8416,min:26583582,37,19819771738,68724326401,11580,405184
8417,min:26583583,37,26502520442,68724326401,11580,405184
8418,min:26583584,36,41129526819,68724326401,11580,405184
8419,min:26583585,40,44179868798,68724326401,11580,405184
8420,min:26583586,37,18663203996,68724326401,11580,405184
8421,min:26583587,35,40484470807,68724326401,11580,405184
8422,min:26583588,36,30692672714,68724326401,11580,405184
8423,min:26583589,34,19916058188,68724326401,11580,405184
8424,min:26583590,34,3823509085,68724326401,11580,405184
8425,min:26583591,35,12466618869,68724326401,11580,405184
8426,min:26583592,37,21039046732,68724326401,11580,405184
8427,min:26583593,37,63473406584,68724326401,11580,405184
8428,min:26583594,34,68445838566,68724326401,11580,405184
8429,min:26583595,34,14187204404,68724326401,11580,405184
8430,min:26583596,36,13487045051,68724326401,11580,405184
8431,min:26583597,35,38998192458,68724326401,11580,405184
8432,min:26583598,31,68302919627,68724326401,11580,405184
8433,min:26583599,34,65107637847,68724326401,11580,405184
8434,min:26583600,35,12786264063,68724326401,11580,405184
8435,min:26583601,31,42357213246,68724326401,11580,405184
8436,min:26583602,36,110241162,68724326401,11580,405184
8437,min:26583603,37,61821366286,68724326401,11580,405184
8438,min:26583604,32,28318359537,68724326401,11580,405184
8439,min:26583605,33,3644086153,68724326401,11580,405184
8440,min:26583606,35,14009164289,68724326401,11580,405184
8441,min:26583607,33,57786228446,68724326401,11580,405184
8442,min:26583608,34,60608919922,68724326401,11580,405184
8443,min:26583609,35,65710824811,68724326401,11580,405184
8444,min:26583610,37,39285220495,68724326401,11580,405184
8445,min:26583611,38,18899863953,68724326401,11580,405184
8446,min:26583612,35,64174804748,68724326401,11580,405184
8447,min:26583613,33,34699486725,68724326401,11580,405184
8448,min:26583614,38,63301165970,68724326401,11580,405184
8449,min:26583615,40,7689219300,68724326401,11580,405184
8450,min:26583616,37,57798319106,68724326401,11580,405184
8451,min:26583617,37,27329403115,68724326401,11580,405184
8452,min:26583618,37,37999000554,68724326401,11580,405184
8453,min:26583619,35,33214435165,68724326401,11580,405184
8454,min:26583620,34,42059051585,68724326401,11580,405184
8455,min:26583621,36,60695695841,68724326401,11580,405184
8456,min:26583622,35,27724008313,68724326401,11580,405184
8457,min:26583623,36,15133040806,68724326401,11580,405184
8458,min:26583624,32,32461833576,68724326401,11580,405184
8459,min:26583625,36,51308728386,68724326401,11580,405184
8460,min:26583626,36,4116569678,68724326401,11580,405184
8461,min:26583627,34,40725603672,68724326401,11580,405184
8462,min:26583628,32,31909417479,68724326401,11580,405184
8463,min:26583629,32,54747618633,68724326401,11580,405184
8464,min:26583630,37,12625171563,68724326401,11580,405184
8465,min:26583631,33,8403667533,68724326401,11580,405184
8466,min:26583632,36,32864868773,68724326401,11580,405184
8467,min:26583633,36,53225407380,68724326401,11580,405184
8468,min:26583634,36,7804196625,68724326401,11580,405184
8469,min:26583635,36,47496958523,68724326401,11580,405184
8470,min:26583636,30,27009635131,68724326401,11580,405184
8471,min:26583637,38,23813753541,68724326401,11580,405184
8472,min:26583638,36,39144898299,68724326401,11580,405184
8473,min:26583639,32,28823684337,68724326401,11580,405184
8474,min:26583640,36,5213771699,68724326401,11580,405184
8475,min:26583641,32,57323311174,68724326401,11580,405184
8476,min:26583642,36,44992861732,68724326401,11580,405184
8477,min:26583643,31,59193162723,68724326401,11580,405184
8478,min:26583644,37,60011383876,68724326401,11580,405184
8479,min:26583645,34,54912011826,68724326401,11580,405184
8480,min:26583646,36,42449879200,68724326401,11580,405184
8481,min:26583647,33,63825001314,68724326401,11580,405184
8482,min:26583648,40,9169571612,68724326401,11580,405184
8483,min:26583649,35,45454653202,68724326401,11580,405184
8484,min:26583650,35,47107247763,68724326401,11580,405184
8485,min:26583651,37,28651781591,68724326401,11580,405184
8486,min:26583652,32,35552717125,68724326401,11580,405184
8487,min:26583653,32,31070926230,68724326401,11580,405184
8488,min:26583654,34,58188995297,68724326401,11580,405184
8489,min:26583655,35,47828015187,68724326401,11580,405184
8490,min:26583656,36,17396976473,68724326401,11580,405184
8491,min:26583657,34,31619706025,68724326401,11580,405184
8492,min:26583658,33,44648525533,68724326401,11580,405184
8493,min:26583659,36,1955238692,68724326401,11580,405184
8494,min:26583660,38,53960397617,68724326401,11580,405184
8495,min:26583661,37,27251966459,68724326401,11580,405184
8496,min:26583662,36,26486362073,68724326401,11580,405184
8497,min:26583663,34,19674920514,68724326401,11580,405184
8498,min:26583664,37,20760069777,68724326401,11580,405184
8499,min:26583665,37,12164622418,68724326401,11580,405184
8500,min:26583666,36,43504977922,68724326401,11580,405184
8501,min:26583667,35,26278072554,68724326401,11580,405184
8502,min:26583668,37,5849249667,68724326401,11580,405184
8503,min:26583669,31,12025213347,68724326401,11580,405184
8504,min:26583670,35,42018488445,68724326401,11580,405184
8505,min:26583671,37,9925180148,68724326401,11580,405184
8506,min:26583672,36,66895160439,68724326401,11580,405184
8507,min:26583673,35,10694164340,68724326401,11580,405184
8508,min:26583674,37,5575658448,68724326401,11580,405184
8509,min:26583675,37,4458210864,68724326401,11580,405184
8510,min:26583676,34,2564325176,68724326401,11580,405184
8511,min:26583677,34,29470354109,68724326401,11580,405184
8512,min:26583678,35,18752093498,68724326401,11580,405184
8513,min:26583679,34,19780915872,68724326401,11580,405184
8514,min:26583680,37,11756010798,68724326401,11580,405184
8515,min:26583681,33,31176479719,68724326401,11580,405184
8516,min:26583682,40,63116317500,68724326401,11580,405184
8517,min:26583683,37,62149568646,68724326401,11580,405184
8518,min:26583684,33,40898268041,68724326401,11580,405184
8519,min:26583685,38,34644512460,68724326401,11580,405184
8520,min:26583686,38,32852925297,68724326401,11580,405184
8521,min:26583687,36,12939173109,68724326401,11580,405184
8522,min:26583688,37,63664448493,68724326401,11580,405184
8523,min:26583689,38,15337594404,68724326401,11580,405184
8524,min:26583690,33,38329580149,68724326401,11580,405184
8525,min:26583691,37,41607085092,68724326401,11580,405184
8526,min:26583692,35,65382402599,68724326401,11580,405184
8527,min:26583693,30,62588650266,68724326401,11580,405184
8528,min:26583694,34,25666463904,68724326401,11580,405184
8529,min:26583695,32,50359747968,68724326401,11580,405184
8530,min:26583696,37,42373135230,68724326401,11580,405184
8531,min:26583697,31,46570566672,68724326401,11580,405184
8532,min:26583698,32,28003817085,68724326401,11580,405184
8533,min:26583699,32,37606106484,68724326401,11580,405184
8534,min:26583700,35,48710797589,68724326401,11580,405184
8535,min:26583701,34,65562367781,68724326401,11580,405184
8536,min:26583702,35,65756941833,68724326401,11580,405184
8537,min:26583703,35,46816786027,68724326401,11580,405184
8538,min:26583704,38,64871781520,68724326401,11580,405184
8539,min:26583705,37,36585052330,68724326401,11580,405184
8540,min:26583706,37,60373102073,68724326401,11580,405184
8541,min:26583707,37,26232350598,68724326401,11580,405184
8542,min:26583708,36,42181731179,68724326401,11580,405184
8543,min:26583709,36,34268207986,68724326401,11580,405184
8544,min:26583710,36,37197771331,68724326401,11580,405184
8545,min:26583711,35,21544980710,68724326401,11580,405184
8546,min:26583712,37,18795178511,68724326401,11580,405184
8547,min:26583713,37,13829493181,68724326401,11580,405184
8548,min:26583714,35,16606055111,68724326401,11580,405184
8549,min:26583715,37,27415795320,68724326401,11580,405184
8550,min:26583716,38,68084121062,68724326401,11580,405184
8551,min:26583717,37,54863547489,68724326401,11580,405184
8552,min:26583718,39,61705075934,68724326401,11580,405184
8553,min:26583719,33,60147490477,68724326401,11580,405184
8554,min:26583720,35,65019347523,68724326401,11580,405184
8555,min:26583721,34,55943606749,68724326401,11580,405184
8556,min:26583722,34,38008004291,68724326401,11580,405184
8557,min:26583723,32,61175795935,68724326401,11580,405184
8558,min:26583724,34,46623468319,68724326401,11580,405184
8559,min:26583725,35,28158641704,68724326401,11580,405184
8560,min:26583726,31,27117613833,68724326401,11580,405184
8561,min:26583727,33,4464862666,68724326401,11580,405184
8562,min:26583728,35,22523987587,68724326401,11580,405184
8563,min:26583729,35,57637876996,68724326401,11580,405184
8564,min:26583730,31,52009639049,68724326401,11580,405184
8565,min:26583731,32,40296245069,68724326401,11580,405184
8566,min:26583732,33,19584900430,68724326401,11580,405184
8567,min:26583733,37,39353373288,68724326401,11580,405184
8568,min:26583734,37,67623217659,68724326401,11580,405184
8569,min:26583735,35,11412436072,68724326401,11580,405184
8570,min:26583736,34,25124557363,68724326401,11580,405184
8571,min:26583737,34,18844051834,68724326401,11580,405184
8572,min:26583738,36,62477007724,68724326401,11580,405184
8573,min:26583739,38,65892756872,68724326401,11580,405184
8574,min:26583740,36,64877386871,68724326401,11580,405184
8575,min:26583741,37,63956877527,68724326401,11580,405184
8576,min:26583742,34,17190075574,68724326401,11580,405184
8577,min:26583743,33,30396511476,68724326401,11580,405184
8578,min:26583744,32,56319453327,68724326401,11580,405184
8579,min:26583745,40,12205887363,68724326401,11580,405184
8580,min:26583746,34,43049295983,68724326401,11580,405184
8581,min:26583747,35,24402096534,68724326401,11580,405184
8582,min:26583748,36,7672389360,68724326401,11580,405184
8583,min:26583749,36,67222471550,68724326401,11580,405184
8584,min:26583750,33,18722485007,68724326401,11580,405184
8585,min:26583751,33,55023884174,68724326401,11580,405184
8586,min:26583752,35,30982302430,68724326401,11580,405184
8587,min:26583753,38,16849828196,68724326401,11580,405184
8588,min:26583754,35,54031237992,68724326401,11580,405184
8589,min:26583755,36,54931962045,68724326401,11580,405184
8590,min:26583756,34,48204499121,68724326401,11580,405184
8591,min:26583757,34,50300193182,68724326401,11580,405184
8592,min:26583758,36,38538206105,68724326401,11580,405184
8593,min:26583759,31,49080619805,68724326401,11580,405184
8594,min:26583760,34,4206788585,68724326401,11580,405184
8595,min:26583761,38,23041512720,68724326401,11580,405184
8596,min:26583762,37,14797100858,68724326401,11580,405184
8597,min:26583763,35,1404874230,68724326401,11580,405184
8598,min:26583764,35,62499277148,68724326401,11580,405184
8599,min:26583765,33,30318166856,68724326401,11580,405184
8600,min:26583766,35,38845077941,68724326401,11580,405184
8601,min:26583767,36,26144613452,68724326401,11580,405184
8602,min:26583768,35,40334971792,68724326401,11580,405184
8603,min:26583769,38,2011521337,68724326401,11580,405184
8604,min:26583770,35,24164581164,68724326401,11580,405184
8605,min:26583771,39,14372252419,68724326401,11580,405184
8606,min:26583772,35,33195263428,68724326401,11580,405184
8607,min:26583773,35,20428109212,68724326401,11580,405184
8608,min:26583774,42,65674261795,68724326401,11580,405184
8609,min:26583775,33,39705190727,68724326401,11580,405184
8610,min:26583776,36,50207636827,68724326401,11580,405184
8611,min:26583777,38,29382585123,68724326401,11580,405184
8612,min:26583778,36,14642840581,68724326401,11580,405184
8613,min:26583779,35,26784745511,68724326401,11580,405184
8614,min:26583780,32,25319283658,68724326401,11580,405184
8615,min:26583781,36,43922954558,68724326401,11580,405184
8616,min:26583782,39,34996588901,68724326401,11580,405184
8617,min:26583783,30,44995381888,68724326401,11580,405184
8618,min:26583784,36,46871339264,68724326401,11580,405184
8619,min:26583785,33,49783120918,68724326401,11580,405184
8620,min:26583786,37,32325193572,68724326401,11580,405184
8621,min:26583787,33,54941850219,68724326401,11580,405184
8622,min:26583788,33,64761482874,68724326401,11580,405184
8623,min:26583789,39,64672783087,68724326401,11580,405184
8624,min:26583790,34,5199475566,68724326401,11580,405184
8625,min:26583791,34,5449401996,68724326401,11580,405184
8626,min:26583792,35,22585859567,68724326401,11580,405184
8627,min:26583793,36,18710090472,68724326401,11580,405184
8628,min:26583794,36,23440213269,68724326401,11580,405184
8629,min:26583795,35,38175083550,68724326401,11580,405184
8630,min:26583796,33,21595171042,68724326401,11580,405184
8631,min:26583797,36,59701197413,68724326401,11580,405184
8632,min:26583798,30,1611396730,68724326401,11580,405184
8633,min:26583799,31,19715190075,68724326401,11580,405184
8634,min:26583800,35,24669181800,68724326401,11580,405184
8635,min:26583801,34,40118904928,68724326401,11580,405184
8636,min:26583802,35,40461727767,68724326401,11580,405184
8637,min:26583803,34,28093867201,68724326401,11580,405184
8638,min:26583804,38,49254902494,68724326401,11580,405184
8639,min:26583805,38,64966059273,68724326401,11580,405184
8640,min:26583806,34,15172130252,68724326401,11580,405184
8641,min:26583807,36,11851462201,68724326401,11580,405184
8642,min:26583808,39,49788798395,68724326401,11580,405184
8643,min:26583809,37,15875231756,68724326401,11580,405184
8644,min:26583810,38,34497543732,68724326401,11580,405184
8645,min:26583811,32,7037593733,68724326401,11580,405184
8646,min:26583812,35,22735811559,68724326401,11580,405184
8647,min:26583813,37,3712836228,68724326401,11580,405184
8648,min:26583814,33,50894279015,68724326401,11580,405184
8649,min:26583815,35,47973606433,68724326401,11580,405184
8650,min:26583816,34,57331026064,68724326401,11580,405184
8651,min:26583817,32,49390813710,68724326401,11580,405184
8652,min:26583818,38,25100081997,68724326401,11580,405184
8653,min:26583819,33,4182225469,68724326401,11580,405184
8654,min:26583820,38,65236848878,68724326401,11580,405184
8655,min:26583821,36,57422767444,68724326401,11580,405184
8656,min:26583822,33,66695844201,68724326401,11580,405184
8657,min:26583823,32,16752389394,68724326401,11580,405184
8658,min:26583824,34,17378631494,68724326401,11580,405184
8659,min:26583825,37,19849459486,68724326401,11580,405184
8660,min:26583826,30,15753657054,68724326401,11580,405184
8661,min:26583827,34,21412952871,68724326401,11580,405184
8662,min:26583828,34,16718389882,68724326401,11580,405184
8663,min:26583829,33,9116110150,68724326401,11580,405184
8664,min:26583830,37,20736750048,68724326401,11580,405184
8665,min:26583831,27,27920003274,68724326401,11580,405184
8666,min:26583832,39,25285500626,68724326401,11580,405184
8667,min:26583833,31,1335591386,68724326401,11580,405184
8668,min:26583834,36,7434753635,68724326401,11580,405184
8669,min:26583835,31,52385014967,68724326401,11580,405184
8670,min:26583836,32,65270608021,68724326401,11580,405184
8671,min:26583837,34,58584461762,68724326401,11580,405184
8672,min:26583838,35,67946753022,68724326401,11580,405184
8673,min:26583839,34,40462842578,68724326401,11580,405184
8674,min:26583840,34,30801850472,68724326401,11580,405184
8675,min:26583841,37,14311022457,68724326401,11580,405184
8676,min:26583842,33,64376224691,68724326401,11580,405184
8677,min:26583843,34,37891294317,68724326401,11580,405184
8678,min:26583844,38,34233375605,68724326401,11580,405184
8679,min:26583845,36,25171936241,68724326401,11580,405184
8680,min:26583846,35,15696486904,68724326401,11580,405184
8681,min:26583847,32,68417369511,68724326401,11580,405184
8682,min:26583848,34,40563508880,68724326401,11580,405184
8683,min:26583849,29,59971028332,68724326401,11580,405184
8684,min:26583850,38,46032976432,68724326401,11580,405184
8685,min:26583851,31,37086075085,68724326401,11580,405184
8686,min:26583852,35,8485301538,68724326401,11580,405184
8687,min:26583853,35,17957704226,68724326401,11580,405184
8688,min:26583854,36,22934669317,68724326401,11580,405184
8689,min:26583855,38,29501652855,68724326401,11580,405184
8690,min:26583856,38,33828597080,68724326401,11580,405184
8691,min:26583857,33,31533046614,68724326401,11580,405184
8692,min:26583858,38,42551372760,68724326401,11580,405184
8693,min:26583859,35,47451646552,68724326401,11580,405184
8694,min:26583860,33,30223018616,68724326401,11580,405184
8695,min:26583861,37,2298810558,68724326401,11580,405184
8696,min:26583862,35,20489347404,68724326401,11580,405184
8697,min:26583863,37,54445577149,68724326401,11580,405184
8698,min:26583864,34,12839344713,68724326401,11580,405184
8699,min:26583865,36,58496288087,68724326401,11580,405184
8700,min:26583866,36,9911796745,68724326401,11580,405184
8701,min:26583867,38,34726820977,68724326401,11580,405184
8702,min:26583868,36,8225922171,68724326401,11580,405184
8703,min:26583869,37,10244712313,68724326401,11580,405184
8704,min:26583870,39,44500657658,68724326401,11580,405184
8705,min:26583871,38,8735426616,68724326401,11580,405184
8706,min:26583872,39,68588801156,68724326401,11580,405184
8707,min:26583873,37,62628922124,68724326401,11580,405184
8708,min:26583874,33,1252244077,68724326401,11580,405184
8709,min:26583875,36,27770963865,68724326401,11580,405184
8710,min:26583876,33,2614693900,68724326401,11580,405184
8711,min:26583877,34,30283343970,68724326401,11580,405184
8712,min:26583878,39,19796862224,68724326401,11580,405184
8713,min:26583879,35,748409428,68724326401,11580,405184
8714,min:26583880,37,38334338295,68724326401,11580,405184
8715,min:26583881,32,60112632272,68724326401,11580,405184
8716,min:26583882,36,52573388559,68724326401,11580,405184
8717,min:26583883,36,5950850380,68724326401,11580,405184
8718,min:26583884,33,8200966597,68724326401,11580,405184
8719,min:26583885,33,16018519256,68724326401,11580,405184
8720,min:26583886,31,16304373973,68724326401,11580,405184
8721,min:26583887,33,23361180466,68724326401,11580,405184
8722,min:26583888,33,19339078130,68724326401,11580,405184
8723,min:26583889,37,9759117603,68724326401,11580,405184
8724,min:26583890,36,24727487931,68724326401,11580,405184
8725,min:26583891,38,29879712097,68724326401,11580,405184
8726,min:26583892,33,56423717259,68724326401,11580,405184
8727,min:26583893,35,43620516214,68724326401,11580,405184
8728,min:26583894,34,18526368154,68724326401,11580,405184
8729,min:26583895,35,1049615380,68724326401,11580,405184
8730,min:26583896,39,34685782797,68724326401,11580,405184
8731,min:26583897,37,21016551407,68724326401,11580,405184
8732,min:26583898,35,60180996479,68724326401,11580,405184
8733,min:26583899,34,66164997734,68724326401,11580,405184
8734,min:26583900,37,10481798545,68724326401,11580,405184
8735,min:26583901,32,35156457239,68724326401,11580,405184
8736,min:26583902,37,31225682305,68724326401,11580,405184
8737,min:26583903,34,46472542606,68724326401,11580,405184
8738,min:26583904,37,54376772884,68724326401,11580,405184
8739,min:26583905,36,12117799007,68724326401,11580,405184
8740,min:26583906,36,42625817736,68724326401,11580,405184
8741,min:26583907,37,43728136159,68724326401,11580,405184
8742,min:26583908,38,14159075631,68724326401,11580,405184
8743,min:26583909,36,3679925277,68724326401,11580,405184
8744,min:26583910,37,58603057285,68724326401,11580,405184
8745,min:26583911,34,16398120556,68724326401,11580,405184
8746,min:26583912,32,22333987911,68724326401,11580,405184
8747,min:26583913,36,41742505554,68724326401,11580,405184
8748,min:26583914,34,37476355797,68724326401,11580,405184
8749,min:26583915,35,34322492799,68724326401,11580,405184
8750,min:26583916,37,38899920508,68724326401,11580,405184
8751,min:26583917,35,14874626602,68724326401,11580,405184
8752,min:26583918,36,46513601331,68724326401,11580,405184
8753,min:26583919,37,60183237427,68724326401,11580,405184
8754,min:26583920,36,52637284331,68724326401,11580,405184
8755,min:26583921,35,28119628042,68724326401,11580,405184
8756,min:26583922,37,33955299813,68724326401,11580,405184
8757,min:26583923,31,41813776940,68724326401,11580,405184
8758,min:26583924,35,62667150212,68724326401,11580,405184
8759,min:26583925,34,26154129831,68724326401,11580,405184
8760,min:26583926,34,43825858896,68724326401,11580,405184
8761,min:26583927,36,25715812788,68724326401,11580,405184
8762,min:26583928,33,48517072637,68724326401,11580,405184
8763,min:26583929,33,17399701600,68724326401,11580,405184
8764,min:26583930,37,20834265557,68724326401,11580,405184
8765,min:26583931,33,45580551406,68724326401,11580,405184
8766,min:26583932,36,23098863396,68724326401,11580,405184
8767,min:26583933,39,34906475845,68724326401,11580,405184
8768,min:26583934,34,7479487242,68724326401,11580,405184
8769,min:26583935,42,22070933831,68724326401,11580,405184
8770,min:26583936,37,14940040092,68724326401,11580,405184
8771,min:26583937,36,8323600286,68724326401,11580,405184
8772,min:26583938,34,15057884474,68724326401,11580,405184
8773,min:26583939,36,62695107711,68724326401,11580,405184
8774,min:26583940,37,66446143351,68724326401,11580,405184
8775,min:26583941,36,68644957587,68724326401,11580,405184
8776,min:26583942,32,34968600410,68724326401,11580,405184
8777,min:26583943,35,56628181890,68724326401,11580,405184
8778,min:26583944,35,37309809505,68724326401,11580,405184
8779,min:26583945,35,31097817966,68724326401,11580,405184
8780,min:26583946,36,41797755951,68724326401,11580,405184
8781,min:26583947,37,43294339088,68724326401,11580,405184
8782,min:26583948,33,24128815485,68724326401,11580,405184
8783,min:26583949,34,48385881039,68724326401,11580,405184
8784,min:26583950,38,12449060553,68724326401,11580,405184
8785,min:26583951,37,47280281684,68724326401,11580,405184
8786,min:26583952,35,39837459667,68724326401,11580,405184
8787,min:26583953,36,9052607518,68724326401,11580,405184
8788,min:26583954,37,49212112805,68724326401,11580,405184
8789,min:26583955,35,53650948011,68724326401,11580,405184
8790,min:26583956,35,23099162760,68724326401,11580,405184
8791,min:26583957,36,35685158651,68724326401,11580,405184
8792,min:26583958,35,62511035137,68724326401,11580,405184
8793,min:26583959,38,44480057168,68724326401,11580,405184
8794,min:26583960,36,63985545197,68724326401,11580,405184
8795,min:26583961,38,64714849817,68724326401,11580,405184
8796,min:26583962,37,44660557630,68724326401,11580,405184
8797,min:26583963,37,36697322547,68724326401,11580,405184
8798,min:26583964,36,36244918701,68724326401,11580,405184
8799,min:26583965,38,18346935160,68724326401,11580,405184
8800,min:26583966,36,44592429847,68724326401,11580,405184
8801,min:26583967,34,42276882051,68724326401,11580,405184
8802,min:26583968,38,28395395109,68724326401,11580,405184
8803,min:26583969,35,16799775685,68724326401,11580,405184
8804,min:26583970,35,28970076981,68724326401,11580,405184
8805,min:26583971,33,40213812707,68724326401,11580,405184
8806,min:26583972,36,5125468213,68724326401,11580,405184
8807,min:26583973,34,34901539637,68724326401,11580,405184
8808,min:26583974,36,4290631850,68724326401,11580,405184
8809,min:26583975,36,66668648256,68724326401,11580,405184
8810,min:26583976,38,7278924180,68724326401,11580,405184
8811,min:26583977,34,62991903878,68724326401,11580,405184
8812,min:26583978,34,57058446205,68724326401,11580,405184
8813,min:26583979,34,5152689622,68724326401,11580,405184
8814,min:26583980,34,21966611035,68724326401,11580,405184
8815,min:26583981,34,5785454510,68724326401,11580,405184
8816,min:26583982,39,43466312019,68724326401,11580,405184
8817,min:26583983,34,57935756268,68724326401,11580,405184
8818,min:26583984,35,37315382949,68724326401,11580,405184
8819,min:26583985,34,3466813014,68724326401,11580,405184
8820,min:26583986,35,64247045195,68724326401,11580,405184
8821,min:26583987,36,39515782667,68724326401,11580,405184
8822,min:26583988,34,65372407441,68724326401,11580,405184
8823,min:26583989,35,36203729441,68724326401,11580,405184
8824,min:26583990,36,49621184120,68724326401,11580,405184
8825,min:26583991,38,67032639790,68724326401,11580,405184
8826,min:26583992,34,30531228803,68724326401,11580,405184
8827,min:26583993,38,27843898185,68724326401,11580,405184
8828,min:26583994,39,29500723785,68724326401,11580,405184
8829,min:26583995,38,52663037835,68724326401,11580,405184
8830,min:26583996,38,30899601831,68724326401,11580,405184
8831,min:26583997,36,34126269695,68724326401,11580,405184
8832,min:26583998,35,50624465578,68724326401,11580,405184
8833,min:26583999,32,66487206662,68724326401,11580,405184
8834,min:26584000,38,68273399600,68724326401,11580,405184
8835,min:26584001,33,50974910326,68724326401,11580,405184
8836,min:26584002,36,34281866280,68724326401,11580,405184
8837,min:26584003,34,17826976052,68724326401,11580,405184
8838,min:26584004,32,28215544498,68724326401,11580,405184
8839,min:26584005,38,31150773816,68724326401,11580,405184
8840,min:26584006,35,2949964500,68724326401,11580,405184
8841,min:26584007,39,6774927326,68724326401,11580,405184
8842,min:26584008,36,56496419056,68724326401,11580,405184
8843,min:26584009,36,7585918967,68724326401,11580,405184
8844,min:26584010,38,37524640357,68724326401,11580,405184
8845,min:26584011,38,67324892507,68724326401,11580,405184
8846,min:26584012,35,14392181464,68724326401,11580,405184
8847,min:26584013,37,14490298016,68724326401,11580,405184
8848,min:26584014,38,4961616256,68724326401,11580,405184
8849,min:26584015,35,31627760139,68724326401,11580,405184
8850,min:26584016,31,53402556876,68724326401,11580,405184
8851,min:26584017,32,54296627202,68724326401,11580,405184
8852,min:26584018,37,62882221873,68724326401,11580,405184
8853,min:26584019,33,42533495812,68724326401,11580,405184
8854,min:26584020,31,49775379577,68724326401,11580,405184
8855,min:26584021,33,13050123870,68724326401,11580,405184
8856,min:26584022,36,29755082255,68724326401,11580,405184
8857,min:26584023,34,27510289564,68724326401,11580,405184
8858,min:26584024,33,40476811281,68724326401,11580,405184
8859,min:26584025,35,12977088347,68724326401,11580,405184
8860,min:26584026,33,67478947996,68724326401,11580,405184
8861,min:26584027,36,26036477979,68724326401,11580,405184
8862,min:26584028,37,30308516653,68724326401,11580,405184
8863,min:26584029,38,16652153548,68724326401,11580,405184
8864,min:26584030,35,14734576403,68724326401,11580,405184
8865,min:26584031,37,32519217936,68724326401,11580,405184
8866,min:26584032,32,37457544993,68724326401,11580,405184
8867,min:26584033,35,40170546715,68724326401,11580,405184
8868,min:26584034,36,29048242837,68724326401,11580,405184
8869,min:26584035,38,66518833243,68724326401,11580,405184
8870,min:26584036,35,25610698034,68724326401,11580,405184
8871,min:26584037,36,54423355856,68724326401,11580,405184
8872,min:26584038,39,29363003627,68724326401,11580,405184
8873,min:26584039,36,59001118775,68724326401,11580,405184
8874,min:26584040,33,20834280607,68724326401,11580,405184
8875,min:26584041,36,64126923569,68724326401,11580,405184
8876,min:26584042,32,43602870959,68724326401,11580,405184
8877,min:26584043,35,22377727379,68724326401,11580,405184
8878,min:26584044,34,6860025697,68724326401,11580,405184
8879,min:26584045,38,23598674941,68724326401,11580,405184
8880,min:26584046,35,12508600979,68724326401,11580,405184
8881,min:26584047,32,31395717694,68724326401,11580,405184
8882,min:26584048,37,34144045759,68724326401,11580,405184
8883,min:26584049,33,41801956619,68724326401,11580,405184
8884,min:26584050,34,64182298837,68724326401,11580,405184
8885,min:26584051,36,27479099874,68724326401,11580,405184
8886,min:26584052,32,39170187749,68724326401,11580,405184
8887,min:26584053,32,55917268663,68724326401,11580,405184
8888,min:26584054,35,58851216643,68724326401,11580,405184
8889,min:26584055,39,2335073827,68724326401,11580,405184
8890,min:26584056,32,20415555387,68724326401,11580,405184
8891,min:26584057,36,5581002356,68724326401,11580,405184
8892,min:26584058,33,56512818232,68724326401,11580,405184
8893,min:26584059,37,221065181,68724326401,11580,405184
8894,min:26584060,36,62150982100,68724326401,11580,405184
8895,min:26584061,34,10046089529,68724326401,11580,405184
8896,min:26584062,37,41573765661,68724326401,11580,405184
8897,min:26584063,36,34946650999,68724326401,11580,405184
8898,min:26584064,32,50061972686,68724326401,11580,405184
8899,min:26584065,35,17072727598,68724326401,11580,405184
8900,min:26584066,34,13568797964,68724326401,11580,405184
8901,min:26584067,34,4128733673,68724326401,11580,405184
8902,min:26584068,35,46542930173,68724326401,11580,405184
8903,min:26584069,39,38937955156,68724326401,11580,405184
8904,min:26584070,34,42036032027,68724326401,11580,405184
8905,min:26584071,38,65721589029,68724326401,11580,405184
8906,min:26584072,34,25450916953,68724326401,11580,405184
8907,min:26584073,33,459948565,68724326401,11580,405184
8908,min:26584074,33,14356481681,68724326401,11580,405184
8909,min:26584075,34,60348156803,68724326401,11580,405184
8910,min:26584076,35,36353809508,68724326401,11580,405184
8911,min:26584077,35,17347029208,68724326401,11580,405184
8912,min:26584078,35,13871858702,68724326401,11580,405184
8913,min:26584079,36,24476232257,68724326401,11580,405184
8914,min:26584080,34,15376777765,68724326401,11580,405184
8915,min:26584081,38,16363617483,68724326401,11580,405184
8916,min:26584082,37,29987090406,68724326401,11580,405184
8917,min:26584083,35,36148265173,68724326401,11580,405184
8918,min:26584084,37,34940381237,68724326401,11580,405184
8919,min:26584085,33,32142413103,68724326401,11580,405184
8920,min:26584086,35,66961784542,68724326401,11580,405184
8921,min:26584087,36,58156933655,68724326401,11580,405184
8922,min:26584088,35,3129280831,68724326401,11580,405184
8923,min:26584089,37,30930218822,68724326401,11580,405184
8924,min:26584090,38,64265291467,68724326401,11580,405184
8925,min:26584091,34,1284681818,68724326401,11580,405184
8926,min:26584092,32,12532731475,68724326401,11580,405184
8927,min:26584093,39,44573196704,68724326401,11580,405184
8928,min:26584094,34,47282199851,68724326401,11580,405184
8929,min:26584095,36,53895998952,68724326401,11580,405184
8930,min:26584096,33,3718929368,68724326401,11580,405184
8931,min:26584097,39,13483438507,68724326401,11580,405184
8932,min:26584098,33,30533490676,68724326401,11580,405184
8933,min:26584099,36,15524697246,68724326401,11580,405184
8934,min:26584100,37,21728987594,68724326401,11580,405184
8935,min:26584101,38,5930493999,68724326401,11580,405184
8936,min:26584102,34,27862674622,68724326401,11580,405184
8937,min:26584103,34,51126190685,68724326401,11580,405184
8938,min:26584104,34,19800422571,68724326401,11580,405184
8939,min:26584105,38,55856007700,68724326401,11580,405184
8940,min:26584106,34,55138269560,68724326401,11580,405184
8941,min:26584107,34,45651957986,68724326401,11580,405184
8942,min:26584108,35,43481619559,68724326401,11580,405184
8943,min:26584109,37,67293998255,68724326401,11580,405184
8944,min:26584110,35,47823962204,68724326401,11580,405184
8945,min:26584111,39,64948150200,68724326401,11580,405184
8946,min:26584112,32,67793510940,68724326401,11580,405184
8947,min:26584113,36,40401421159,68724326401,11580,405184
8948,min:26584114,35,31255885895,68724326401,11580,405184
8949,min:26584115,36,22449024368,68724326401,11580,405184
8950,min:26584116,37,3874729439,68724326401,11580,405184
8951,min:26584117,34,21868262695,68724326401,11580,405184
8952,min:26584118,32,7166063391,68724326401,11580,405184
8953,min:26584119,35,12552037042,68724326401,11580,405184
8954,min:26584120,33,10906449536,68724326401,11580,405184
8955,min:26584121,34,20472665649,68724326401,11580,405184
8956,min:26584122,36,17203029369,68724326401,11580,405184
8957,min:26584123,37,6945095288,68724326401,11580,405184
8958,min:26584124,36,23516351159,68724326401,11580,405184
8959,min:26584125,35,54203925566,68724326401,11580,405184
8960,min:26584126,34,22520262695,68724326401,11580,405184
8961,min:26584127,36,27370179510,68724326401,11580,405184
8962,min:26584128,39,4362469872,68724326401,11580,405184
8963,min:26584129,31,50922262278,68724326401,11580,405184
8964,min:26584130,33,10821979608,68724326401,11580,405184
8965,min:26584131,32,6408656588,68724326401,11580,405184
8966,min:26584132,34,31120872443,68724326401,11580,405184
8967,min:26584133,37,37122186554,68724326401,11580,405184
8968,min:26584134,35,16863767505,68724326401,11580,405184
8969,min:26584135,36,68317438436,68724326401,11580,405184
8970,min:26584136,34,48233360014,68724326401,11580,405184
8971,min:26584137,35,7190375940,68724326401,11580,405184
8972,min:26584138,32,38196365612,68724326401,11580,405184
8973,min:26584139,35,49885233502,68724326401,11580,405184
8974,min:26584140,36,8983190974,68724326401,11580,405184
8975,min:26584141,32,10695127932,68724326401,11580,405184
8976,min:26584142,33,23300167247,68724326401,11580,405184
8977,min:26584143,35,43836921064,68724326401,11580,405184
8978,min:26584144,32,43465208373,68724326401,11580,405184
8979,min:26584145,31,2208424621,68724326401,11580,405184
8980,min:26584146,33,26873114277,68724326401,11580,405184
8981,min:26584147,33,64193773641,68724326401,11580,405184
8982,min:26584148,33,41039997605,68724326401,11580,405184
8983,min:26584149,33,22664973976,68724326401,11580,405184
8984,min:26584150,36,5145300337,68724326401,11580,405184
8985,min:26584151,34,46637723159,68724326401,11580,405184
8986,min:26584152,36,14919031278,68724326401,11580,405184
8987,min:26584153,37,43509774905,68724326401,11580,405184
8988,min:26584154,31,43605694093,68724326401,11580,405184
8989,min:26584155,34,63774927060,68724326401,11580,405184
8990,min:26584156,30,42156313565,68724326401,11580,405184
8991,min:26584157,29,42418597534,68724326401,11580,405184
8992,min:26584158,35,37025526859,68724326401,11580,405184
8993,min:26584159,33,41599531822,68724326401,11580,405184
8994,min:26584160,34,64213654747,68724326401,11580,405184
8995,min:26584161,31,37652737717,68724326401,11580,405184
8996,min:26584162,35,39630024840,68724326401,11580,405184
8997,min:26584163,35,42031313144,68724326401,11580,405184
8998,min:26584164,35,56702328499,68724326401,11580,405184
8999,min:26584165,35,57276128945,68724326401,11580,405184
9000,min:26584166,36,3820640367,68724326401,11580,405184
9001,min:26584167,35,46769615643,68724326401,11580,405184
9002,min:26584168,35,34103268467,68724326401,11580,405184
9003,min:26584169,30,28309579453,68724326401,11580,405184
9004,min:26584170,33,63550017506,68724326401,11580,405184
9005,min:26584171,36,27858968569,68724326401,11580,405184
9006,min:26584172,37,49060114079,68724326401,11580,405184
9007,min:26584173,38,58292388916,68724326401,11580,405184
9008,min:26584174,34,28954325632,68724326401,11580,405184
9009,min:26584175,31,67050422286,68724326401,11580,405184
9010,min:26584176,33,3290376478,68724326401,11580,405184
9011,min:26584177,35,24740461678,68724326401,11580,405184
9012,min:26584178,36,975074935,68724326401,11580,405184
9013,min:26584179,34,56844528639,68724326401,11580,405184
9014,min:26584180,37,49631503145,68724326401,11580,405184
9015,min:26584181,36,10146668645,68724326401,11580,405184
9016,min:26584182,34,35481445663,68724326401,11580,405184
9017,min:26584183,34,46754257504,68724326401,11580,405184
9018,min:26584184,36,12502984357,68724326401,11580,405184
9019,min:26584185,33,52074917410,68724326401,11580,405184
9020,min:26584186,33,34938673328,68724326401,11580,405184
9021,min:26584187,35,18400907142,68724326401,11580,405184
9022,min:26584188,33,56684336520,68724326401,11580,405184
9023,min:26584189,34,48903881254,68724326401,11580,405184
9024,min:26584190,35,53932691037,68724326401,11580,405184
9025,min:26584191,35,67548593285,68724326401,11580,405184
9026,min:26584192,31,62374858622,68724326401,11580,405184
9027,min:26584193,29,24811527139,68724326401,11580,405184
9028,min:26584194,34,23464934729,68724326401,11580,405184
9029,min:26584195,36,11770811799,68724326401,11580,405184
9030,min:26584196,34,24358195856,68724326401,11580,405184
9031,min:26584197,31,4429968617,68724326401,11580,405184
9032,min:26584198,36,2260950555,68724326401,11580,405184
9033,min:26584199,37,27492065936,68724326401,11580,405184
9034,min:26584200,34,42190340484,68724326401,11580,405184
9035,min:26584201,33,41687353551,68724326401,11580,405184
9036,min:26584202,39,16303593037,68724326401,11580,405184
9037,min:26584203,33,24026106060,68724326401,11580,405184
9038,min:26584204,34,30572666380,68724326401,11580,405184
9039,min:26584205,35,4035497090,68724326401,11580,405184
9040,min:26584206,37,24226862790,68724326401,11580,405184
9041,min:26584207,34,51695477380,68724326401,11580,405184
9042,min:26584208,32,68283276925,68724326401,11580,405184
9043,min:26584209,35,3562386417,68724326401,11580,405184
9044,min:26584210,36,51380175828,68724326401,11580,405184
9045,min:26584211,34,62522690195,68724326401,11580,405184
9046,min:26584212,33,12742810486,68724326401,11580,405184
9047,min:26584213,37,17527860762,68724326401,11580,405184
9048,min:26584214,36,23629164316,68724326401,11580,405184
9049,min:26584215,35,11126632169,68724326401,11580,405184
9050,min:26584216,38,63886444811,68724326401,11580,405184
9051,min:26584217,34,33964721360,68724326401,11580,405184
9052,min:26584218,34,49920206402,68724326401,11580,405184
9053,min:26584219,32,3584461591,68724326401,11580,405184
9054,min:26584220,32,11393462890,68724326401,11580,405184
9055,min:26584221,33,891530289,68724326401,11580,405184
9056,min:26584222,36,54815069485,68724326401,11580,405184
9057,min:26584223,34,62996398219,68724326401,11580,405184
9058,min:26584224,32,68406327914,68724326401,11580,405184
9059,min:26584225,35,67789921948,68724326401,11580,405184
9060,min:26584226,34,65773136646,68724326401,11580,405184
9061,min:26584227,34,43294966402,68724326401,11580,405184
9062,min:26584228,34,48490646839,68724326401,11580,405184
9063,min:26584229,36,22003598281,68724326401,11580,405184
9064,min:26584230,37,19869136139,68724326401,11580,405184
9065,min:26584231,37,24573383512,68724326401,11580,405184
9066,min:26584232,36,20720606553,68724326401,11580,405184
9067,min:26584233,36,44399610689,68724326401,11580,405184
9068,min:26584234,34,50632388322,68724326401,11580,405184
9069,min:26584235,31,6123545942,68724326401,11580,405184
9070,min:26584236,34,54607819215,68724326401,11580,405184
9071,min:26584237,35,9276401981,68724326401,11580,405184
9072,min:26584238,36,68269195603,68724326401,11580,405184
9073,min:26584239,35,3070440385,68724326401,11580,405184
9074,min:26584240,35,68477311024,68724326401,11580,405184
9075,min:26584241,34,30572344134,68724326401,11580,405184
9076,min:26584242,34,13912226260,68724326401,11580,405184
9077,min:26584243,33,10575243702,68724326401,11580,405184
9078,min:26584244,30,25642883544,68724326401,11580,405184
9079,min:26584245,37,16102051483,68724326401,11580,405184
9080,min:26584246,31,40627544013,68724326401,11580,405184
9081,min:26584247,34,50234922666,68724326401,11580,405184
9082,min:26584248,36,35442076952,68724326401,11580,405184
9083,min:26584249,34,43966945722,68724326401,11580,405184
9084,min:26584250,35,1252219824,68724326401,11580,405184
9085,min:26584251,34,64498931699,68724326401,11580,405184
9086,min:26584252,36,52771440005,68724326401,11580,405184
9087,min:26584253,37,50622371431,68724326401,11580,405184
9088,min:26584254,34,12229898418,68724326401,11580,405184
9089,min:26584255,37,10656557778,68724326401,11580,405184
9090,min:26584256,32,4149016372,68724326401,11580,405184
9091,min:26584257,31,21272317460,68724326401,11580,405184
9092,min:26584258,35,36395022178,68724326401,11580,405184
9093,min:26584259,34,63827249709,68724326401,11580,405184
9094,min:26584260,35,55235235263,68724326401,11580,405184
9095,min:26584261,31,13557021576,68724326401,11580,405184
9096,min:26584262,32,17132666535,68724326401,11580,405184
9097,min:26584263,33,23416227581,68724326401,11580,405184
9098,min:26584264,37,30491533349,68724326401,11580,405184
9099,min:26584265,35,13670761024,68724326401,11580,405184
9100,min:26584266,36,30519656461,68724326401,11580,405184
9101,min:26584267,39,55923191378,68724326401,11580,405184
9102,min:26584268,33,25895974848,68724326401,11580,405184
9103,min:26584269,35,7901528974,68724326401,11580,405184
9104,min:26584270,35,8265074441,68724326401,11580,405184
9105,min:26584271,35,24106258553,68724326401,11580,405184
9106,min:26584272,34,61829584923,68724326401,11580,405184
9107,min:26584273,34,63377757676,68724326401,11580,405184
9108,min:26584274,36,68567258461,68724326401,11580,405184
9109,min:26584275,34,15069377490,68724326401,11580,405184
9110,min:26584276,38,6238264888,68724326401,11580,405184
9111,min:26584277,33,32311215531,68724326401,11580,405184
9112,min:26584278,37,7664910147,68724326401,11580,405184
9113,min:26584279,37,50915415536,68724326401,11580,405184
9114,min:26584280,35,17528774103,68724326401,11580,405184
9115,min:26584281,36,12790961882,68724326401,11580,405184
9116,min:26584282,35,5921304812,68724326401,11580,405184
9117,min:26584283,36,53142451642,68724326401,11580,405184
9118,min:26584284,36,8508182944,68724326401,11580,405184
9119,min:26584285,37,14372743593,68724326401,11580,405184
9120,min:26584286,35,52928350611,68724326401,11580,405184
9121,min:26584287,38,27019620400,68724326401,11580,405184
9122,min:26584288,34,25827730454,68724326401,11580,405184
9123,min:26584289,32,32823853763,68724326401,11580,405184
9124,min:26584290,35,5647540114,68724326401,11580,405184
9125,min:26584291,34,23122802080,68724326401,11580,405184
9126,min:26584292,33,48083347549,68724326401,11580,405184
9127,min:26584293,35,21835017697,68724326401,11580,405184
9128,min:26584294,39,6727431174,68724326401,11580,405184
9129,min:26584295,33,1857815518,68724326401,11580,405184
9130,min:26584296,33,68102343782,68724326401,11580,405184
9131,min:26584297,35,27247742357,68724326401,11580,405184
9132,min:26584298,36,34973547205,68724326401,11580,405184
9133,min:26584299,34,30547157208,68724326401,11580,405184
9134,min:26584300,34,30585322041,68724326401,11580,405184
9135,min:26584301,34,373537096,68724326401,11580,405184
9136,min:26584302,32,39383397360,68724326401,11580,405184
9137,min:26584303,36,10088839608,68724326401,11580,405184
9138,min:26584304,37,50562315273,68724326401,11580,405184
9139,min:26584305,34,33941006026,68724326401,11580,405184
9140,min:26584306,36,23247523249,68724326401,11580,405184
9141,min:26584307,32,64757614145,68724326401,11580,405184
9142,min:26584308,34,66183296753,68724326401,11580,405184
9143,min:26584309,37,52628969359,68724326401,11580,405184
9144,min:26584310,35,61748431067,68724326401,11580,405184
9145,min:26584311,35,3304527468,68724326401,11580,405184
9146,min:26584312,37,25641982906,68724326401,11580,405184
9147,min:26584313,36,48149460952,68724326401,11580,405184
9148,min:26584314,39,54146275860,68724326401,11580,405184
9149,min:26584315,33,57631324387,68724326401,11580,405184
9150,min:26584316,36,39873450930,68724326401,11580,405184
9151,min:26584317,34,17669681728,68724326401,11580,405184
9152,min:26584318,37,58614964739,68724326401,11580,405184
9153,min:26584319,38,15171283311,68724326401,11580,405184
9154,min:26584320,37,49734365758,68724326401,11580,405184
9155,min:26584321,34,57983390043,68724326401,11580,405184
9156,min:26584322,38,68028765714,68724326401,11580,405184
9157,min:26584323,34,21963056237,68724326401,11580,405184
9158,min:26584324,36,65168453493,68724326401,11580,405184
9159,min:26584325,35,36674655818,68724326401,11580,405184
9160,min:26584326,37,63654001071,68724326401,11580,405184
9161,min:26584327,36,66885521757,68724326401,11580,405184
9162,min:26584328,34,11982451312,68724326401,11580,405184
9163,min:26584329,35,61313451233,68724326401,11580,405184
9164,min:26584330,32,63482717663,68724326401,11580,405184
9165,min:26584331,37,58071513671,68724326401,11580,405184
9166,min:26584332,34,37262136164,68724326401,11580,405184
9167,min:26584333,37,19435736569,68724326401,11580,405184
9168,min:26584334,35,62436316898,68724326401,11580,405184
9169,min:26584335,32,6025529290,68724326401,11580,405184
9170,min:26584336,38,60869449396,68724326401,11580,405184
9171,min:26584337,34,26294577084,68724326401,11580,405184
9172,min:26584338,36,50703346873,68724326401,11580,405184
9173,min:26584339,36,3879726266,68724326401,11580,405184
9174,min:26584340,30,29015858034,68724326401,11580,405184
9175,min:26584341,34,18268752176,68724326401,11580,405184
9176,min:26584342,33,18436836575,68724326401,11580,405184
9177,min:26584343,36,37248336471,68724326401,11580,405184
9178,min:26584344,35,37602172311,68724326401,11580,405184
9179,min:26584345,35,68587134940,68724326401,11580,405184
9180,min:26584346,34,16719612666,68724326401,11580,405184
9181,min:26584347,35,12750688030,68724326401,11580,405184
9182,min:26584348,33,9446067133,68724326401,11580,405184
9183,min:26584349,36,41955150398,68724326401,11580,405184
9184,min:26584350,37,5345303033,68724326401,11580,405184
9185,min:26584351,35,52210294492,68724326401,11580,405184
9186,min:26584352,37,43062602989,68724326401,11580,405184
9187,min:26584353,35,55997107212,68724326401,11580,405184
9188,min:26584354,35,29119940512,68724326401,11580,405184
9189,min:26584355,36,44430756461,68724326401,11580,405184
9190,min:26584356,35,31806581118,68724326401,11580,405184
9191,min:26584357,37,39926230048,68724326401,11580,405184
9192,min:26584358,35,5471038162,68724326401,11580,405184
9193,min:26584359,33,57548287017,68724326401,11580,405184
9194,min:26584360,33,35597029142,68724326401,11580,405184
9195,min:26584361,38,4342451226,68724326401,11580,405184
9196,min:26584362,33,51188244287,68724326401,11580,405184
9197,min:26584363,34,10891151591,68724326401,11580,405184
9198,min:26584364,32,6527939126,68724326401,11580,405184
9199,min:26584365,32,18394503136,68724326401,11580,405184
9200,min:26584366,34,30845897765,68724326401,11580,405184
9201,min:26584367,33,28494281485,68724326401,11580,405184
9202,min:26584368,31,39078402518,68724326401,11580,405184
9203,min:26584369,36,62722723782,68724326401,11580,405184
9204,min:26584370,34,42404345362,68724326401,11580,405184
9205,min:26584371,35,2065625770,68724326401,11580,405184
9206,min:26584372,36,35265601871,68724326401,11580,405184
9207,min:26584373,32,8756512650,68724326401,11580,405184
9208,min:26584374,31,67041552039,68724326401,11580,405184
9209,min:26584375,33,44433148531,68724326401,11580,405184
9210,min:26584376,38,48640553416,68724326401,11580,405184
9211,min:26584377,35,52952242079,68724326401,11580,405184
9212,min:26584378,33,22384091013,68724326401,11580,405184
9213,min:26584379,37,59150125661,68724326401,11580,405184
9214,min:26584380,37,22669362455,68724326401,11580,405184
9215,min:26584381,35,27368750642,68724326401,11580,405184
9216,min:26584382,33,19853837040,68724326401,11580,405184
9217,min:26584383,36,43369835367,68724326401,11580,405184
9218,min:26584384,32,29973654265,68724326401,11580,405184
9219,min:26584385,37,42906843813,68724326401,11580,405184
9220,min:26584386,32,28853975190,68724326401,11580,405184
9221,min:26584387,37,21781250584,68724326401,11580,405184
9222,min:26584388,35,57820166340,68724326401,11580,405184
9223,min:26584389,37,43692499078,68724326401,11580,405184
9224,min:26584390,34,54128350209,68724326401,11580,405184
9225,min:26584391,35,27309742364,68724326401,11580,405184
9226,min:26584392,34,62684440209,68724326401,11580,405184
9227,min:26584393,38,43083350234,68724326401,11580,405184
9228,min:26584394,33,2561894889,68724326401,11580,405184
9229,min:26584395,36,5268570228,68724326401,11580,405184
9230,min:26584396,38,49645968341,68724326401,11580,405184
9231,min:26584397,37,62667254016,68724326401,11580,405184
9232,min:26584398,32,60343987831,68724326401,11580,405184
9233,min:26584399,37,4679416952,68724326401,11580,405184
9234,min:26584400,36,63890060079,68724326401,11580,405184
9235,min:26584401,34,18323708326,68724326401,11580,405184
9236,min:26584402,37,61540310339,68724326401,11580,405184
9237,min:26584403,36,47683800635,68724326401,11580,405184
9238,min:26584404,38,55584796166,68724326401,11580,405184
9239,min:26584405,37,61840991789,68724326401,11580,405184
9240,min:26584406,37,67672804394,68724326401,11580,405184
9241,min:26584407,38,50400645286,68724326401,11580,405184
9242,min:26584408,34,42898636703,68724326401,11580,405184
9243,min:26584409,32,5981457290,68724326401,11580,405184
9244,min:26584410,41,60444842492,68724326401,11580,405184
9245,min:26584411,34,34277602782,68724326401,11580,405184
9246,min:26584412,34,11319236416,68724326401,11580,405184
9247,min:26584413,33,39699738226,68724326401,11580,405184
9248,min:26584414,37,62606522205,68724326401,11580,405184
9249,min:26584415,35,39667395257,68724326401,11580,405184
9250,min:26584416,36,7208363011,68724326401,11580,405184
9251,min:26584417,39,38933318839,68724326401,11580,405184
9252,min:26584418,37,27776150405,68724326401,11580,405184
9253,min:26584419,35,15683807710,68724326401,11580,405184
9254,min:26584420,33,32846726013,68724326401,11580,405184
9255,min:26584421,33,49085216924,68724326401,11580,405184
9256,min:26584422,36,35724423602,68724326401,11580,405184
9257,min:26584423,33,67457168429,68724326401,11580,405184
9258,min:26584424,32,20652778608,68724326401,11580,405184
9259,min:26584425,36,43017929649,68724326401,11580,405184
9260,min:26584426,32,6165605186,68724326401,11580,405184
9261,min:26584427,33,10352764995,68724326401,11580,405184
9262,min:26584428,34,17052336409,68724326401,11580,405184
9263,min:26584429,35,4201996390,68724326401,11580,405184
9264,min:26584430,35,58239997278,68724326401,11580,405184
9265,min:26584431,35,55289907063,68724326401,11580,405184
9266,min:26584432,34,8275015657,68724326401,11580,405184
9267,min:26584433,36,39186462081,68724326401,11580,405184
9268,min:26584434,31,27245573619,68724326401,11580,405184
9269,min:26584435,35,24993575883,68724326401,11580,405184
9270,min:26584436,37,9531160713,68724326401,11580,405184
9271,min:26584437,36,23921237929,68724326401,11580,405184
9272,min:26584438,35,54840239878,68724326401,11580,405184
9273,min:26584439,35,9991281944,68724326401,11580,405184
9274,min:26584440,37,65374377718,68724326401,11580,405184
9275,min:26584441,33,57327161246,68724326401,11580,405184
9276,min:26584442,32,7940935791,68724326401,11580,405184
9277,min:26584443,36,38614423510,68724326401,11580,405184
9278,min:26584444,36,38011363501,68724326401,11580,405184
9279,min:26584445,35,6639674341,68724326401,11580,405184
9280,min:26584446,36,8998375912,68724326401,11580,405184
9281,min:26584447,37,3931070481,68724326401,11580,405184
9282,min:26584448,38,54772507327,68724326401,11580,405184
9283,min:26584449,37,36433050391,68724326401,11580,405184
9284,min:26584450,36,31259036991,68724326401,11580,405184
9285,min:26584451,33,56489845954,68724326401,11580,405184
9286,min:26584452,36,13789871362,68724326401,11580,405184
9287,min:26584453,35,41940037703,68724326401,11580,405184
9288,min:26584454,36,40277680762,68724326401,11580,405184
9289,min:26584455,36,3248267338,68724326401,11580,405184
9290,min:26584456,36,55620045842,68724326401,11580,405184
9291,min:26584457,34,47175656083,68724326401,11580,405184
9292,min:26584458,36,12708732608,68724326401,11580,405184
9293,min:26584459,35,5264045403,68724326401,11580,405184
9294,min:26584460,34,62649795172,68724326401,11580,405184
9295,min:26584461,32,54359447446,68724326401,11580,405184
9296,min:26584462,35,43459840101,68724326401,11580,405184
9297,min:26584463,36,55519475204,68724326401,11580,405184
9298,min:26584464,33,8411232732,68724326401,11580,405184
9299,min:26584465,34,6647662986,68724326401,11580,405184
9300,min:26584466,37,58687422299,68724326401,11580,405184
9301,min:26584467,36,6060816392,68724326401,11580,405184
9302,min:26584468,35,64206158558,68724326401,11580,405184
9303,min:26584469,34,16946479656,68724326401,11580,405184
9304,min:26584470,35,31453982062,68724326401,11580,405184
9305,min:26584471,34,43598533523,68724326401,11580,405184
9306,min:26584472,36,60991224916,68724326401,11580,405184
9307,min:26584473,36,26861482210,68724326401,11580,405184
9308,min:26584474,34,22054171725,68724326401,11580,405184
9309,min:26584475,31,58406787997,68724326401,11580,405184
9310,min:26584476,39,39722938287,68724326401,11580,405184
9311,min:26584477,35,24560689414,68724326401,11580,405184
9312,min:26584478,35,67359935523,68724326401,11580,405184
9313,min:26584479,34,9499057548,68724326401,11580,405184
9314,min:26584480,36,48401742187,68724326401,11580,405184
9315,min:26584481,37,49791624625,68724326401,11580,405184
9316,min:26584482,37,1911477108,68724326401,11580,405184
9317,min:26584483,36,39494663116,68724326401,11580,405184
9318,min:26584484,36,20485403511,68724326401,11580,405184
9319,min:26584485,36,17814521965,68724326401,11580,405184
9320,min:26584486,31,58070074105,68724326401,11580,405184
9321,min:26584487,34,20501334579,68724326401,11580,405184
9322,min:26584488,36,36681306367,68724326401,11580,405184
9323,min:26584489,37,33348350102,68724326401,11580,405184
9324,min:26584490,35,62241299316,68724326401,11580,405184
9325,min:26584491,34,62503856566,68724326401,11580,405184
9326,min:26584492,33,13866497850,68724326401,11580,405184
9327,min:26584493,37,32447370021,68724326401,11580,405184
9328,min:26584494,36,938787675,68724326401,11580,405184
9329,min:26584495,35,35932120803,68724326401,11580,405184
9330,min:26584496,35,65641505544,68724326401,11580,405184
9331,min:26584497,32,32639991721,68724326401,11580,405184
9332,min:26584498,36,48051970776,68724326401,11580,405184
9333,min:26584499,35,36658597012,68724326401,11580,405184
9334,min:26584500,37,5167506166,68724326401,11580,405184
9335,min:26584501,37,8123239014,68724326401,11580,405184
9336,min:26584502,37,32916857733,68724326401,11580,405184
9337,min:26584503,34,14238796600,68724326401,11580,405184
9338,min:26584504,33,38703764163,68724326401,11580,405184
9339,min:26584505,33,6389223624,68724326401,11580,405184
9340,min:26584506,31,44896880067,68724326401,11580,405184
9341,min:26584507,34,61815477216,68724326401,11580,405184
9342,min:26584508,35,22899785114,68724326401,11580,405184
9343,min:26584509,35,18320582859,68724326401,11580,405184
9344,min:26584510,35,40178332684,68724326401,11580,405184
9345,min:26584511,35,48692153139,68724326401,11580,405184
9346,min:26584512,33,2081637822,68724326401,11580,405184
9347,min:26584513,34,12550619475,68724326401,11580,405184
9348,min:26584514,38,43018551080,68724326401,11580,405184
9349,min:26584515,34,18659772051,68724326401,11580,405184
9350,min:26584516,35,41950646834,68724326401,11580,405184
9351,min:26584517,31,61221903003,68724326401,11580,405184
9352,min:26584518,37,54479201736,68724326401,11580,405184
9353,min:26584519,35,2974873242,68724326401,11580,405184
9354,min:26584520,35,38131764405,68724326401,11580,405184
9355,min:26584521,34,46016761345,68724326401,11580,405184
9356,min:26584522,36,52821145292,68724326401,11580,405184
9357,min:26584523,33,43042493594,68724326401,11580,405184
9358,min:26584524,32,57864320809,68724326401,11580,405184
9359,min:26584525,33,291832901,68724326401,11580,405184
9360,min:26584526,34,60093372301,68724326401,11580,405184
9361,min:26584527,35,3543398435,68724326401,11580,405184
9362,min:26584528,36,64855234646,68724326401,11580,405184
9363,min:26584529,35,24641013074,68724326401,11580,405184
9364,min:26584530,33,32215271315,68724326401,11580,405184
9365,min:26584531,40,8512749649,68724326401,11580,405184
9366,min:26584532,34,2511775060,68724326401,11580,405184
9367,min:26584533,35,40831858507,68724326401,11580,405184
9368,min:26584534,34,44231498079,68724326401,11580,405184
9369,min:26584535,38,55854309619,68724326401,11580,405184
9370,min:26584536,33,63688889687,68724326401,11580,405184
9371,min:26584537,34,55199679076,68724326401,11580,405184
9372,min:26584538,37,43935805788,68724326401,11580,405184
9373,min:26584539,33,23318029226,68724326401,11580,405184
9374,min:26584540,35,50898077953,68724326401,11580,405184
9375,min:26584541,36,8804686330,68724326401,11580,405184
9376,min:26584542,34,22135287562,68724326401,11580,405184
9377,min:26584543,31,44335221410,68724326401,11580,405184
9378,min:26584544,37,7368162697,68724326401,11580,405184
9379,min:26584545,35,22192238950,68724326401,11580,405184
9380,min:26584546,38,3903086688,68724326401,11580,405184
9381,min:26584547,35,58911137399,68724326401,11580,405184
9382,min:26584548,35,24610316440,68724326401,11580,405184
9383,min:26584549,34,809913486,68724326401,11580,405184
9384,min:26584550,34,25243152484,68724326401,11580,405184
9385,min:26584551,36,7984801235,68724326401,11580,405184
9386,min:26584552,36,41287948797,68724326401,11580,405184
9387,min:26584553,38,33226204556,68724326401,11580,405184
9388,min:26584554,34,19438336939,68724326401,11580,405184
9389,min:26584555,34,50938512050,68724326401,11580,405184
9390,min:26584556,32,14429366274,68724326401,11580,405184
9391,min:26584557,39,40640990298,68724326401,11580,405184
9392,min:26584558,32,3961361498,68724326401,11580,405184
9393,min:26584559,35,4145742068,68724326401,11580,405184
9394,min:26584560,36,23471751253,68724326401,11580,405184
9395,min:26584561,30,65262318286,68724326401,11580,405184
9396,min:26584562,29,26129996837,68724326401,11580,405184
9397,min:26584563,35,12861521481,68724326401,11580,405184
9398,min:26584564,33,47226379366,68724326401,11580,405184
9399,min:26584565,34,15184634726,68724326401,11580,405184
9400,min:26584566,34,18635599127,68724326401,11580,405184
9401,min:26584567,34,13895645632,68724326401,11580,405184
9402,min:26584568,35,51639988291,68724326401,11580,405184
9403,min:26584569,35,23657142335,68724326401,11580,405184
9404,min:26584570,35,61113599277,68724326401,11580,405184
9405,min:26584571,38,62923218019,68724326401,11580,405184
9406,min:26584572,31,43545681800,68724326401,11580,405184
9407,min:26584573,35,61822209718,68724326401,11580,405184
9408,min:26584574,37,38638968730,68724326401,11580,405184
9409,min:26584575,34,30245415449,68724326401,11580,405184
9410,min:26584576,34,34074666167,68724326401,11580,405184
9411,min:26584577,33,58775424728,68724326401,11580,405184
9412,min:26584578,35,39637971901,68724326401,11580,405184
9413,min:26584579,35,17773287910,68724326401,11580,405184
9414,min:26584580,37,1519456499,68724326401,11580,405184
9415,min:26584581,33,38083419564,68724326401,11580,405184
9416,min:26584582,33,68618061649,68724326401,11580,405184
9417,min:26584583,37,43200920209,68724326401,11580,405184
9418,min:26584584,37,24345600285,68724326401,11580,405184
9419,min:26584585,35,42309385971,68724326401,11580,405184
9420,min:26584586,37,17700983798,68724326401,11580,405184
9421,min:26584587,35,16239131853,68724326401,11580,405184
9422,min:26584588,36,22249282939,68724326401,11580,405184
9423,min:26584589,33,5001622060,68724326401,11580,405184
9424,min:26584590,35,58089868674,68724326401,11580,405184
9425,min:26584591,35,21037268527,68724326401,11580,405184
9426,min:26584592,37,68582778105,68724326401,11580,405184
9427,min:26584593,38,59443493549,68724326401,11580,405184
9428,min:26584594,36,47068857606,68724326401,11580,405184
9429,min:26584595,34,10406010108,68724326401,11580,405184
9430,min:26584596,33,37118359585,68724326401,11580,405184
9431,min:26584597,35,18055439371,68724326401,11580,405184
9432,min:26584598,36,35622192157,68724326401,11580,405184
9433,min:26584599,35,4991527813,68724326401,11580,405184
9434,min:26584600,36,23532827415,68724326401,11580,405184
9435,min:26584601,36,57137747513,68724326401,11580,405184
9436,min:26584602,31,47398992038,68724326401,11580,405184
9437,min:26584603,39,60108898667,68724326401,11580,405184
9438,min:26584604,34,25470866817,68724326401,11580,405184
9439,min:26584605,33,44346827500,68724326401,11580,405184
9440,min:26584606,34,54487884650,68724326401,11580,405184
9441,min:26584607,34,12595873019,68724326401,11580,405184
9442,min:26584608,37,26615139675,68724326401,11580,405184
9443,min:26584609,37,49238424236,68724326401,11580,405184
9444,min:26584610,37,60980044894,68724326401,11580,405184
9445,min:26584611,31,52015739768,68724326401,11580,405184
9446,min:26584612,37,16237030824,68724326401,11580,405184
9447,min:26584613,31,52114140246,68724326401,11580,405184
9448,min:26584614,35,7091287878,68724326401,11580,405184
9449,min:26584615,34,46673864936,68724326401,11580,405184
9450,min:26584616,34,59988227749,68724326401,11580,405184
9451,min:26584617,34,1606314437,68724326401,11580,405184
9452,min:26584618,33,6652214870,68724326401,11580,405184
9453,min:26584619,36,5138640087,68724326401,11580,405184
9454,min:26584620,33,37777448194,68724326401,11580,405184
9455,min:26584621,36,11562845033,68724326401,11580,405184
9456,min:26584622,35,36301609617,68724326401,11580,405184
9457,min:26584623,36,57671940896,68724326401,11580,405184
9458,min:26584624,31,39103829118,68724326401,11580,405184
9459,min:26584625,37,52006567610,68724326401,11580,405184
9460,min:26584626,33,22341585709,68724326401,11580,405184
9461,min:26584627,34,67057205399,68724326401,11580,405184
9462,min:26584628,36,66462233905,68724326401,11580,405184
9463,min:26584629,34,19324961855,68724326401,11580,405184
9464,min:26584630,38,13421491896,68724326401,11580,405184
9465,min:26584631,35,35826230023,68724326401,11580,405184
9466,min:26584632,39,45582948319,68724326401,11580,405184
9467,min:26584633,36,2803557721,68724326401,11580,405184
9468,min:26584634,34,43865342294,68724326401,11580,405184
9469,min:26584635,35,33601152862,68724326401,11580,405184
9470,min:26584636,39,37988590349,68724326401,11580,405184
9471,min:26584637,33,66837666886,68724326401,11580,405184
9472,min:26584638,34,19195472849,68724326401,11580,405184
9473,min:26584639,36,40487469875,68724326401,11580,405184
9474,min:26584640,33,11509124077,68724326401,11580,405184
9475,min:26584641,36,66010306247,68724326401,11580,405184
9476,min:26584642,30,47421321369,68724326401,11580,405184
9477,min:26584643,37,42666316498,68724326401,11580,405184
9478,min:26584644,37,17779793550,68724326401,11580,405184
9479,min:26584645,34,31997664856,68724326401,11580,405184
9480,min:26584646,35,27352631113,68724326401,11580,405184
9481,min:26584647,35,50897996056,68724326401,11580,405184
9482,min:26584648,35,3617704064,68724326401,11580,405184
9483,min:26584649,35,43442151241,68724326401,11580,405184
9484,min:26584650,33,39047939322,68724326401,11580,405184
9485,min:26584651,37,42521201979,68724326401,11580,405184
9486,min:26584652,35,10115361533,68724326401,11580,405184
9487,min:26584653,34,66783595079,68724326401,11580,405184
9488,min:26584654,31,57742970580,68724326401,11580,405184
9489,min:26584655,35,40865521290,68724326401,11580,405184
9490,min:26584656,37,59864765253,68724326401,11580,405184
9491,min:26584657,30,49245933212,68724326401,11580,405184
9492,min:26584658,34,68417511455,68724326401,11580,405184
9493,min:26584659,35,45705264764,68724326401,11580,405184
9494,min:26584660,35,42638118023,68724326401,11580,405184
9495,min:26584661,36,56210115459,68724326401,11580,405184
9496,min:26584662,33,61032420602,68724326401,11580,405184
9497,min:26584663,34,40020233968,68724326401,11580,405184
9498,min:26584664,35,22948836657,68724326401,11580,405184
9499,min:26584665,37,8240746572,68724326401,11580,405184
9500,min:26584666,35,64257338014,68724326401,11580,405184
9501,min:26584667,35,26633620256,68724326401,11580,405184
9502,min:26584668,35,47011038268,68724326401,11580,405184
9503,min:26584669,32,1074394024,68724326401,11580,405184
9504,min:26584670,37,11278717325,68724326401,11580,405184
9505,min:26584671,35,40330843946,68724326401,11580,405184
9506,min:26584672,33,45890350280,68724326401,11580,405184
9507,min:26584673,33,45713610858,68724326401,11580,405184
9508,min:26584674,36,15124630833,68724326401,11580,405184
9509,min:26584675,37,25107611646,68724326401,11580,405184
9510,min:26584676,33,42483377090,68724326401,11580,405184
9511,min:26584677,36,45045288732,68724326401,11580,405184
9512,min:26584678,35,65961444010,68724326401,11580,405184
9513,min:26584679,39,55395959973,68724326401,11580,405184
9514,min:26584680,34,56441868057,68724326401,11580,405184
9515,min:26584681,35,44442530616,68724326401,11580,405184
9516,min:26584682,35,37287213503,68724326401,11580,405184
9517,min:26584683,33,50652565002,68724326401,11580,405184
9518,min:26584684,37,21119961310,68724326401,11580,405184
9519,min:26584685,35,22077123088,68724326401,11580,405184
9520,min:26584686,32,18646216832,68724326401,11580,405184
9521,min:26584687,33,57944670647,68724326401,11580,405184
9522,min:26584688,36,55272944411,68724326401,11580,405184
9523,min:26584689,35,15449820355,68724326401,11580,405184
9524,min:26584690,34,14748535874,68724326401,11580,405184
9525,min:26584691,33,36364211927,68724326401,11580,405184
9526,min:26584692,35,16934162540,68724326401,11580,405184
9527,min:26584693,32,30710210457,68724326401,11580,405184
9528,min:26584694,34,28620179722,68724326401,11580,405184
9529,min:26584695,35,38557349491,68724326401,11580,405184
9530,min:26584696,31,53472294746,68724326401,11580,405184
9531,min:26584697,32,64306683928,68724326401,11580,405184
9532,min:26584698,32,19987675010,68724326401,11580,405184
9533,min:26584699,36,14113881082,68724326401,11580,405184
9534,min:26584700,32,456312446,68724326401,11580,405184
9535,min:26584701,36,67686828952,68724326401,11580,405184
9536,min:26584702,32,10498312343,68724326401,11580,405184
9537,min:26584703,32,63136248276,68724326401,11580,405184
9538,min:26584704,35,40809283675,68724326401,11580,405184
9539,min:26584705,34,45746662742,68724326401,11580,405184
9540,min:26584706,37,65719475919,68724326401,11580,405184
9541,min:26584707,35,1318887598,68724326401,11580,405184
9542,min:26584708,33,45455828951,68724326401,11580,405184
9543,min:26584709,33,52167066644,68724326401,11580,405184
9544,min:26584710,35,8790186197,68724326401,11580,405184
9545,min:26584711,34,18417667925,68724326401,11580,405184
9546,min:26584712,34,28390839903,68724326401,11580,405184
9547,min:26584713,32,32686540040,68724326401,11580,405184
9548,min:26584714,34,25275844114,68724326401,11580,405184
9549,min:26584715,38,5500212290,68724326401,11580,405184
9550,min:26584716,36,65100506377,68724326401,11580,405184
9551,min:26584717,41,62571862039,68724326401,11580,405184
9552,min:26584718,34,58229018142,68724326401,11580,405184
9553,min:26584719,34,4384949230,68724326401,11580,405184
9554,min:26584720,37,52947388410,68724326401,11580,405184
9555,min:26584721,36,30002218512,68724326401,11580,405184
9556,min:26584722,30,20997189378,68724326401,11580,405184
9557,min:26584723,33,26504376078,68724326401,11580,405184
9558,min:26584724,37,59254830329,68724326401,11580,405184
9559,min:26584725,33,65969424601,68724326401,11580,405184
9560,min:26584726,30,20086663066,68724326401,11580,405184
9561,min:26584727,39,63894328958,68724326401,11580,405184
9562,min:26584728,35,55696312217,68724326401,11580,405184
9563,min:26584729,37,45376067035,68724326401,11580,405184
9564,min:26584730,39,2330220759,68724326401,11580,405184
9565,min:26584731,34,63723722605,68724326401,11580,405184
9566,min:26584732,37,13682835026,68724326401,11580,405184
9567,min:26584733,34,60408205707,68724326401,11580,405184
9568,min:26584734,35,19086100610,68724326401,11580,405184
9569,min:26584735,35,26316226095,68724326401,11580,405184
9570,min:26584736,33,6918748176,68724326401,11580,405184
9571,min:26584737,39,11514756472,68724326401,11580,405184
9572,min:26584738,35,32412403042,68724326401,11580,405184
9573,min:26584739,34,64520850943,68724326401,11580,405184
9574,min:26584740,35,63578228658,68724326401,11580,405184
9575,min:26584741,33,42938203761,68724326401,11580,405184
9576,min:26584742,36,19023186124,68724326401,11580,405184
9577,min:26584743,35,18108503052,68724326401,11580,405184
9578,min:26584744,35,58531830486,68724326401,11580,405184
9579,min:26584745,34,9735330374,68724326401,11580,405184
9580,min:26584746,37,46780262183,68724326401,11580,405184
9581,min:26584747,37,22637530004,68724326401,11580,405184
9582,min:26584748,37,17631028488,68724326401,11580,405184
9583,min:26584749,34,65711330669,68724326401,11580,405184
9584,min:26584750,37,53893485760,68724326401,11580,405184
9585,min:26584751,37,62998029367,68724326401,11580,405184
9586,min:26584752,34,58051154458,68724326401,11580,405184
9587,min:26584753,35,25917569928,68724326401,11580,405184
9588,min:26584754,34,50853718877,68724326401,11580,405184
9589,min:26584755,39,16230051373,68724326401,11580,405184
9590,min:26584756,35,29925833654,68724326401,11580,405184
9591,min:26584757,35,38520594186,68724326401,11580,405184
9592,min:26584758,34,59638031306,68724326401,11580,405184
9593,min:26584759,35,52184778644,68724326401,11580,405184
9594,min:26584760,37,42136657618,68724326401,11580,405184
9595,min:26584761,34,21898701132,68724326401,11580,405184
9596,min:26584762,38,51259123361,68724326401,11580,405184
9597,min:26584763,35,63226081427,68724326401,11580,405184
9598,min:26584764,36,67179933615,68724326401,11580,405184
9599,min:26584765,41,46460745434,68724326401,11580,405184
9600,min:26584766,33,43935146524,68724326401,11580,405184
9601,min:26584767,38,43053405320,68724326401,11580,405184
9602,min:26584768,34,6620179695,68724326401,11580,405184
9603,min:26584769,36,62543054131,68724326401,11580,405184
9604,min:26584770,33,47857369735,68724326401,11580,405184
9605,min:26584771,37,62147702792,68724326401,11580,405184
9606,min:26584772,32,14943559023,68724326401,11580,405184
9607,min:26584773,37,10037864289,68724326401,11580,405184
9608,min:26584774,37,24940864148,68724326401,11580,405184
9609,min:26584775,36,58483534118,68724326401,11580,405184
9610,min:26584776,32,13470162581,68724326401,11580,405184
9611,min:26584777,37,10999789589,68724326401,11580,405184
9612,min:26584778,37,20668295485,68724326401,11580,405184
9613,min:26584779,29,15719564425,68724326401,11580,405184
9614,min:26584780,34,21594842818,68724326401,11580,405184
9615,min:26584781,34,50148698897,68724326401,11580,405184
9616,min:26584782,34,11342348262,68724326401,11580,405184
9617,min:26584783,36,20958515319,68724326401,11580,405184
9618,min:26584784,37,2783867583,68724326401,11580,405184
9619,min:26584785,38,33661358764,68724326401,11580,405184
9620,min:26584786,38,26945940549,68724326401,11580,405184
9621,min:26584787,37,10928644410,68724326401,11580,405184
9622,min:26584788,36,52751728763,68724326401,11580,405184
9623,min:26584789,35,2790326291,68724326401,11580,405184
9624,min:26584790,34,17408121841,68724326401,11580,405184
9625,min:26584791,37,62553227934,68724326401,11580,405184
9626,min:26584792,37,26909794857,68724326401,11580,405184
9627,min:26584793,33,14825602898,68724326401,11580,405184
9628,min:26584794,34,46009237291,68724326401,11580,405184
9629,min:26584795,31,55255727256,68724326401,11580,405184
9630,min:26584796,34,47173593281,68724326401,11580,405184
9631,min:26584797,32,7619551346,68724326401,11580,405184
9632,min:26584798,32,51612694165,68724326401,11580,405184
9633,min:26584799,35,39719938134,68724326401,11580,405184
9634,min:26584800,39,50565409071,68724326401,11580,405184
9635,min:26584801,31,47654372829,68724326401,11580,405184
9636,min:26584802,37,54899118692,68724326401,11580,405184
9637,min:26584803,36,9591507530,68724326401,11580,405184
9638,min:26584804,37,22563294039,68724326401,11580,405184
9639,min:26584805,35,15058333507,68724326401,11580,405184
9640,min:26584806,30,54721926710,68724326401,11580,405184
9641,min:26584807,36,42345242709,68724326401,11580,405184
9642,min:26584808,35,29950901476,68724326401,11580,405184
9643,min:26584809,31,38428401929,68724326401,11580,405184
9644,min:26584810,33,44493009183,68724326401,11580,405184
9645,min:26584811,32,37826543438,68724326401,11580,405184
9646,min:26584812,33,20976239191,68724326401,11580,405184
9647,min:26584813,33,38315561129,68724326401,11580,405184
9648,min:26584814,33,23142697834,68724326401,11580,405184
9649,min:26584815,38,20113577349,68724326401,11580,405184
9650,min:26584816,35,34566960916,68724326401,11580,405184
9651,min:26584817,31,64000145293,68724326401,11580,405184
9652,min:26584818,37,38602934051,68724326401,11580,405184
9653,min:26584819,35,39846655898,68724326401,11580,405184
9654,min:26584820,33,49921375951,68724326401,11580,405184
9655,min:26584821,35,48019892653,68724326401,11580,405184
9656,min:26584822,35,34247617471,68724326401,11580,405184
9657,min:26584823,36,1221939720,68724326401,11580,405184
9658,min:26584824,38,45271142642,68724326401,11580,405184
9659,min:26584825,34,63614670473,68724326401,11580,405184
9660,min:26584826,33,55037091147,68724326401,11580,405184
9661,min:26584827,36,51328438699,68724326401,11580,405184
9662,min:26584828,34,11141779813,68724326401,11580,405184
9663,min:26584829,32,52253509518,68724326401,11580,405184
9664,min:26584830,30,37698876287,68724326401,11580,405184
9665,min:26584831,33,1855702573,68724326401,11580,405184
9666,min:26584832,37,13174074345,68724326401,11580,405184
9667,min:26584833,33,1741147910,68724326401,11580,405184
9668,min:26584834,33,40972280458,68724326401,11580,405184
9669,min:26584835,34,58213777481,68724326401,11580,405184
9670,min:26584836,35,27008105722,68724326401,11580,405184
9671,min:26584837,35,10169934025,68724326401,11580,405184
9672,min:26584838,37,46109220112,68724326401,11580,405184
9673,min:26584839,31,44567712229,68724326401,11580,405184
9674,min:26584840,36,62576779764,68724326401,11580,405184
9675,min:26584841,32,510178288,68724326401,11580,405184
9676,min:26584842,33,16526704453,68724326401,11580,405184
9677,min:26584843,32,28660283491,68724326401,11580,405184
9678,min:26584844,37,22573892114,68724326401,11580,405184
9679,min:26584845,35,703094964,68724326401,11580,405184
9680,min:26584846,35,466890879,68724326401,11580,405184
9681,min:26584847,36,67136108513,68724326401,11580,405184
9682,min:26584848,35,37060314324,68724326401,11580,405184
9683,min:26584849,34,63497069012,68724326401,11580,405184
9684,min:26584850,36,29487055682,68724326401,11580,405184
9685,min:26584851,39,41354188843,68724326401,11580,405184
9686,min:26584852,35,53744085446,68724326401,11580,405184
9687,min:26584853,35,29604728606,68724326401,11580,405184
9688,min:26584854,35,14465943831,68724326401,11580,405184
9689,min:26584855,36,55726889446,68724326401,11580,405184
9690,min:26584856,35,27242902463,68724326401,11580,405184
9691,min:26584857,34,22848743059,68724326401,11580,405184
9692,min:26584858,38,13369249318,68724326401,11580,405184
9693,min:26584859,33,53267313253,68724326401,11580,405184
9694,min:26584860,34,9304799229,68724326401,11580,405184
9695,min:26584861,33,32603896495,68724326401,11580,405184
9696,min:26584862,34,41310651796,68724326401,11580,405184
9697,min:26584863,35,45522139621,68724326401,11580,405184
9698,min:26584864,32,4495952199,68724326401,11580,405184
9699,min:26584865,35,45766282711,68724326401,11580,405184
9700,min:26584866,34,33839849020,68724326401,11580,405184
9701,min:26584867,34,2057162917,68724326401,11580,405184
9702,min:26584868,32,52696610627,68724326401,11580,405184
9703,min:26584869,37,39768736343,68724326401,11580,405184
9704,min:26584870,34,23591498832,68724326401,11580,405184
9705,min:26584871,38,53664126580,68724326401,11580,405184
9706,min:26584872,34,66250434066,68724326401,11580,405184
9707,min:26584873,36,27981266301,68724326401,11580,405184
9708,min:26584874,35,45773760079,68724326401,11580,405184
9709,min:26584875,32,33904099592,68724326401,11580,405184
9710,min:26584876,35,9611634924,68724326401,11580,405184
9711,min:26584877,35,9431599917,68724326401,11580,405184
9712,min:26584878,35,60929987879,68724326401,11580,405184
9713,min:26584879,30,55172612755,68724326401,11580,405184
9714,min:26584880,35,32720182197,68724326401,11580,405184
9715,min:26584881,31,27994332503,68724326401,11580,405184
9716,min:26584882,35,27605196610,68724326401,11580,405184
9717,min:26584883,34,68031537004,68724326401,11580,405184
9718,min:26584884,35,28783107722,68724326401,11580,405184
9719,min:26584885,37,16387403882,68724326401,11580,405184
9720,min:26584886,34,5924601832,68724326401,11580,405184
9721,min:26584887,33,10186555283,68724326401,11580,405184
9722,min:26584888,36,401468592,68724326401,11580,405184
9723,min:26584889,35,2836749335,68724326401,11580,405184
9724,min:26584890,35,11552562075,68724326401,11580,405184
9725,min:26584891,38,46655898626,68724326401,11580,405184
9726,min:26584892,36,53828580589,68724326401,11580,405184
9727,min:26584893,32,29267023218,68724326401,11580,405184
9728,min:26584894,35,22462157803,68724326401,11580,405184
9729,min:26584895,31,33513026929,68724326401,11580,405184
9730,min:26584896,34,17838036126,68724326401,11580,405184
9731,min:26584897,36,37089805547,68724326401,11580,405184
9732,min:26584898,35,50272195847,68724326401,11580,405184
9733,min:26584899,34,58120094079,68724326401,11580,405184
9734,min:26584900,33,6303480014,68724326401,11580,405184
9735,min:26584901,35,21480796354,68724326401,11580,405184
9736,min:26584902,34,63582696812,68724326401,11580,405184
9737,min:26584903,37,2061430971,68724326401,11580,405184
9738,min:26584904,35,65659703180,68724326401,11580,405184
9739,min:26584905,35,66851528000,68724326401,11580,405184
9740,min:26584906,36,66610749629,68724326401,11580,405184
9741,min:26584907,34,11392075816,68724326401,11580,405184
9742,min:26584908,32,17675364596,68724326401,11580,405184
9743,min:26584909,34,60087003157,68724326401,11580,405184
9744,min:26584910,35,38950054813,68724326401,11580,405184
9745,min:26584911,37,12566779216,68724326401,11580,405184
9746,min:26584912,34,61419833614,68724326401,11580,405184
9747,min:26584913,34,12681532672,68724326401,11580,405184
9748,min:26584914,33,54564953464,68724326401,11580,405184
9749,min:26584915,32,41497625290,68724326401,11580,405184
9750,min:26584916,35,2348919943,68724326401,11580,405184
9751,min:26584917,33,15557045478,68724326401,11580,405184
9752,min:26584918,37,64931828131,68724326401,11580,405184
9753,min:26584919,31,17303707999,68724326401,11580,405184
9754,min:26584920,33,44125331771,68724326401,11580,405184
9755,min:26584921,34,16579532344,68724326401,11580,405184
9756,min:26584922,34,67123680187,68724326401,11580,405184
9757,min:26584923,34,457517959,68724326401,11580,405184
9758,min:26584924,34,22475378887,68724326401,11580,405184
9759,min:26584925,33,46839655428,68724326401,11580,405184
9760,min:26584926,34,62660459694,68724326401,11580,405184
9761,min:26584927,33,25883304030,68724326401,11580,405184
9762,min:26584928,32,22638467415,68724326401,11580,405184
9763,min:26584929,34,19737149040,68724326401,11580,405184
9764,min:26584930,34,41965354005,68724326401,11580,405184
9765,min:26584931,31,10325454939,68724326401,11580,405184
9766,min:26584932,37,18275112010,68724326401,11580,405184
9767,min:26584933,33,2403520536,68724326401,11580,405184
9768,min:26584934,35,37587623407,68724326401,11580,405184
9769,min:26584935,35,48009167154,68724326401,11580,405184
9770,min:26584936,34,14812492531,68724326401,11580,405184
9771,min:26584937,34,13626417603,68724326401,11580,405184
9772,min:26584938,31,8017108794,68724326401,11580,405184
9773,min:26584939,33,45498471178,68724326401,11580,405184
9774,min:26584940,31,68091780084,68724326401,11580,405184
9775,min:26584941,30,58062451400,68724326401,11580,405184
9776,min:26584942,31,31647047854,68724326401,11580,405184
9777,min:26584943,34,1828695605,68724326401,11580,405184
9778,min:26584944,37,39980576648,68724326401,11580,405184
9779,min:26584945,35,46946569285,68724326401,11580,405184
9780,min:26584946,36,15549015413,68724326401,11580,405184
9781,min:26584947,35,66442589795,68724326401,11580,405184
9782,min:26584948,34,68263366950,68724326401,11580,405184
9783,min:26584949,33,58236570851,68724326401,11580,405184
9784,min:26584950,33,62234073870,68724326401,11580,405184
9785,min:26584951,38,36979600642,68724326401,11580,405184
9786,min:26584952,34,31596882550,68724326401,11580,405184
9787,min:26584953,36,27000328713,68724326401,11580,405184
9788,min:26584954,31,12680935376,68724326401,11580,405184
9789,min:26584955,32,34848576783,68724326401,11580,405184
9790,min:26584956,35,35854919318,68724326401,11580,405184
9791,min:26584957,33,34375826276,68724326401,11580,405184
9792,min:26584958,38,34258554666,68724326401,11580,405184
9793,min:26584959,34,3499935932,68724326401,11580,405184
9794,min:26584960,33,66997168233,68724326401,11580,405184
9795,min:26584961,32,15973591182,68724326401,11580,405184
9796,min:26584962,32,49140612829,68724326401,11580,405184
9797,min:26584963,34,39900959637,68724326401,11580,405184
9798,min:26584964,37,40268817678,68724326401,11580,405184
9799,min:26584965,35,63368839658,68724326401,11580,405184
9800,min:26584966,32,28639841677,68724326401,11580,405184
9801,min:26584967,33,17951828327,68724326401,11580,405184
9802,min:26584968,37,33318075152,68724326401,11580,405184
9803,min:26584969,34,27811509565,68724326401,11580,405184
9804,min:26584970,33,40930141827,68724326401,11580,405184
9805,min:26584971,35,62829881961,68724326401,11580,405184
9806,min:26584972,32,60702285220,68724326401,11580,405184
9807,min:26584973,34,67686352442,68724326401,11580,405184
9808,min:26584974,34,59999166210,68724326401,11580,405184
9809,min:26584975,32,63546394577,68724326401,11580,405184
9810,min:26584976,34,51369609630,68724326401,11580,405184
9811,min:26584977,31,21851896488,68724326401,11580,405184
9812,min:26584978,33,44962198453,68724326401,11580,405184
9813,min:26584979,35,57860818647,68724326401,11580,405184
9814,min:26584980,33,23932551746,68724326401,11580,405184
9815,min:26584981,36,19208223003,68724326401,11580,405184
9816,min:26584982,36,58849171707,68724326401,11580,405184
9817,min:26584983,35,35261117175,68724326401,11580,405184
9818,min:26584984,31,2062667625,68724326401,11580,405184
9819,min:26584985,35,7476421381,68724326401,11580,405184
9820,min:26584986,39,38853622042,68724326401,11580,405184
9821,min:26584987,30,9842605951,68724326401,11580,405184
9822,min:26584988,36,22768520821,68724326401,11580,405184
9823,min:26584989,31,33152239021,68724326401,11580,405184
9824,min:26584990,34,65369093820,68724326401,11580,405184
9825,min:26584991,34,113697575,68724326401,11580,405184
9826,min:26584992,36,35649074302,68724326401,11580,405184
9827,min:26584993,31,11561575176,68724326401,11580,405184
9828,min:26584994,31,37382325126,68724326401,11580,405184
9829,min:26584995,37,14245719274,68724326401,11580,405184
9830,min:26584996,34,53345273952,68724326401,11580,405184
9831,min:26584997,34,6981638315,68724326401,11580,405184
9832,min:26584998,34,30510666095,68724326401,11580,405184
9833,min:26584999,35,30007909479,68724326401,11580,405184
9834,min:26585000,34,54188951538,68724326401,11580,405184
9835,min:26585001,32,51629003549,68724326401,11580,405184
9836,min:26585002,34,58652247360,68724326401,11580,405184
9837,min:26585003,34,45559921043,68724326401,11580,405184
9838,min:26585004,34,3616402612,68724326401,11580,405184
9839,min:26585005,35,67637530345,68724326401,11580,405184
9840,min:26585006,32,43206921242,68724326401,11580,405184
9841,min:26585007,34,23150218770,68724326401,11580,405184
9842,min:26585008,36,15876189145,68724326401,11580,405184
9843,min:26585009,36,11373336447,68724326401,11580,405184
9844,min:26585010,37,16319969459,68724326401,11580,405184
9845,min:26585011,38,64599618535,68724326401,11580,405184
9846,min:26585012,37,55913354031,68724326401,11580,405184
9847,min:26585013,34,20996416761,68724326401,11580,405184
9848,min:26585014,38,18249448453,68724326401,11580,405184
9849,min:26585015,31,10378140764,68724326401,11580,405184
9850,min:26585016,30,63768946368,68724326401,11580,405184
9851,min:26585017,36,14592693715,68724326401,11580,405184
9852,min:26585018,40,30517268891,68724326401,11580,405184
9853,min:26585019,36,15618514454,68724326401,11580,405184
9854,min:26585020,32,3571707858,68724326401,11580,405184
9855,min:26585021,35,42851661874,68724326401,11580,405184
9856,min:26585022,38,57176540288,68724326401,11580,405184
9857,min:26585023,34,2852104130,68724326401,11580,405184
9858,min:26585024,31,15428947995,68724326401,11580,405184
9859,min:26585025,36,67882666031,68724326401,11580,405184
9860,min:26585026,34,92667741,68724326401,11580,405184
9861,min:26585027,35,37556381339,68724326401,11580,405184
9862,min:26585028,33,17495212452,68724326401,11580,405184
9863,min:26585029,35,23024848013,68724326401,11580,405184
9864,min:26585030,33,50092161338,68724326401,11580,405184
9865,min:26585031,37,23953182469,68724326401,11580,405184
9866,min:26585032,36,40266186135,68724326401,11580,405184
9867,min:26585033,34,18003549697,68724326401,11580,405184
9868,min:26585034,35,41738121146,68724326401,11580,405184
9869,min:26585035,35,15531428668,68724326401,11580,405184
9870,min:26585036,36,60795495961,68724326401,11580,405184
9871,min:26585037,34,36868511862,68724326401,11580,405184
9872,min:26585038,36,34852315348,68724326401,11580,405184
9873,min:26585039,32,61978972139,68724326401,11580,405184
9874,min:26585040,34,65897442729,68724326401,11580,405184
9875,min:26585041,36,58418799070,68724326401,11580,405184
9876,min:26585042,36,50815448805,68724326401,11580,405184
9877,min:26585043,35,19281148148,68724326401,11580,405184
9878,min:26585044,29,58995012460,68724326401,11580,405184
9879,min:26585045,31,50710781851,68724326401,11580,405184
9880,min:26585046,36,41459721041,68724326401,11580,405184
9881,min:26585047,31,53687439870,68724326401,11580,405184
9882,min:26585048,35,50264918690,68724326401,11580,405184
9883,min:26585049,34,33674632432,68724326401,11580,405184
9884,min:26585050,37,31974040633,68724326401,11580,405184
9885,min:26585051,34,65672030726,68724326401,11580,405184
9886,min:26585052,33,31484436254,68724326401,11580,405184
9887,min:26585053,34,60316787641,68724326401,11580,405184
9888,min:26585054,33,2762419288,68724326401,11580,405184
9889,min:26585055,34,16826643018,68724326401,11580,405184
9890,min:26585056,31,22123944747,68724326401,11580,405184
9891,min:26585057,34,57912415683,68724326401,11580,405184
9892,min:26585058,30,6473351408,68724326401,11580,405184
9893,min:26585059,36,57725558265,68724326401,11580,405184
9894,min:26585060,37,65438081702,68724326401,11580,405184
9895,min:26585061,35,53124972609,68724326401,11580,405184
9896,min:26585062,39,34859488012,68724326401,11580,405184
9897,min:26585063,37,35323610528,68724326401,11580,405184
9898,min:26585064,38,67487163486,68724326401,11580,405184
9899,min:26585065,35,37653462878,68724326401,11580,405184
9900,min:26585066,36,49187394668,68724326401,11580,405184
9901,min:26585067,36,25377742256,68724326401,11580,405184
9902,min:26585068,37,53261098803,68724326401,11580,405184
9903,min:26585069,35,32607294122,68724326401,11580,405184
9904,min:26585070,38,6461434628,68724326401,11580,405184
9905,min:26585071,32,21286417851,68724326401,11580,405184
9906,min:26585072,35,23585014078,68724326401,11580,405184
9907,min:26585073,33,458736153,68724326401,11580,405184
9908,min:26585074,35,24661599624,68724326401,11580,405184
9909,min:26585075,35,248293361,68724326401,11580,405184
9910,min:26585076,38,21198896255,68724326401,11580,405184
9911,min:26585077,37,38389152254,68724326401,11580,405184
9912,min:26585078,39,58521250135,68724326401,11580,405184
9913,min:26585079,35,42612263040,68724326401,11580,405184
9914,min:26585080,37,493987314,68724326401,11580,405184
9915,min:26585081,36,2846294365,68724326401,11580,405184
9916,min:26585082,35,47264717752,68724326401,11580,405184
9917,min:26585083,38,37466969403,68724326401,11580,405184
9918,min:26585084,36,65917266914,68724326401,11580,405184
9919,min:26585085,36,1699687553,68724326401,11580,405184
9920,min:26585086,34,8291825802,68724326401,11580,405184
9921,min:26585087,33,19763439378,68724326401,11580,405184
9922,min:26585088,36,50009137603,68724326401,11580,405184
9923,min:26585089,36,30658948770,68724326401,11580,405184
9924,min:26585090,33,63619011658,68724326401,11580,405184
9925,min:26585091,33,55904087649,68724326401,11580,405184
9926,min:26585092,35,8105626875,68724326401,11580,405184
9927,min:26585093,29,14531417515,68724326401,11580,405184
9928,min:26585094,33,10118943051,68724326401,11580,405184
9929,min:26585095,34,22223362666,68724326401,11580,405184
9930,min:26585096,35,34888392381,68724326401,11580,405184
9931,min:26585097,30,35143056029,68724326401,11580,405184
9932,min:26585098,32,13806059820,68724326401,11580,405184
9933,min:26585099,34,8177761321,68724326401,11580,405184
9934,min:26585100,35,56264087191,68724326401,11580,405184
9935,min:26585101,35,9722587535,68724326401,11580,405184
9936,min:26585102,29,60991424455,68724326401,11580,405184
9937,min:26585103,35,48034857037,68724326401,11580,405184
9938,min:26585104,32,15135931740,68724326401,11580,405184
9939,min:26585105,35,34954618994,68724326401,11580,405184
9940,min:26585106,33,54188839127,68724326401,11580,405184
9941,min:26585107,34,20408553074,68724326401,11580,405184
9942,min:26585108,33,14616538738,68724326401,11580,405184
9943,min:26585109,35,14148464859,68724326401,11580,405184
9944,min:26585110,33,39036313458,68724326401,11580,405184
9945,min:26585111,34,29374524652,68724326401,11580,405184
9946,min:26585112,30,62945984349,68724326401,11580,405184
9947,min:26585113,37,50784254497,68724326401,11580,405184
9948,min:26585114,32,50937944852,68724326401,11580,405184
9949,min:26585115,32,57406755511,68724326401,11580,405184
9950,min:26585116,35,52225135504,68724326401,11580,405184
9951,min:26585117,34,38220089601,68724326401,11580,405184
9952,min:26585118,33,60951086692,68724326401,11580,405184
9953,min:26585119,33,3798330157,68724326401,11580,405184
9954,min:26585120,36,33859376678,68724326401,11580,405184
9955,min:26585121,33,10680328586,68724326401,11580,405184
9956,min:26585122,32,56690414454,68724326401,11580,405184
9957,min:26585123,31,14554660062,68724326401,11580,405184
9958,min:26585124,34,18460325149,68724326401,11580,405184
9959,min:26585125,35,35862130919,68724326401,11580,405184
9960,min:26585126,37,8062548743,68724326401,11580,405184
9961,min:26585127,38,13177619985,68724326401,11580,405184
9962,min:26585128,37,7656595364,68724326401,11580,405184
9963,min:26585129,34,1341769620,68724326401,11580,405184
9964,min:26585130,33,52405751477,68724326401,11580,405184
9965,min:26585131,37,46035706372,68724326401,11580,405184
9966,min:26585132,35,44308086582,68724326401,11580,405184
9967,min:26585133,31,65736085599,68724326401,11580,405184
9968,min:26585134,35,46104148138,68724326401,11580,405184
9969,min:26585135,35,18019103575,68724326401,11580,405184
9970,min:26585136,33,5432538098,68724326401,11580,405184
9971,min:26585137,34,45338826250,68724326401,11580,405184
9972,min:26585138,33,20434993109,68724326401,11580,405184
9973,min:26585139,34,49215815448,68724326401,11580,405184
9974,min:26585140,34,55267754593,68724326401,11580,405184
9975,min:26585141,32,43471250535,68724326401,11580,405184
9976,min:26585142,32,19403174187,68724326401,11580,405184
9977,min:26585143,33,41475372209,68724326401,11580,405184
9978,min:26585144,37,17750916472,68724326401,11580,405184
9979,min:26585145,37,13120326239,68724326401,11580,405184
9980,min:26585146,37,42560528471,68724326401,11580,405184
9981,min:26585147,39,68142907699,68724326401,11580,405184
9982,min:26585148,35,31776696892,68724326401,11580,405184
9983,min:26585149,37,32172323341,68724326401,11580,405184
9984,min:26585150,36,16714031193,68724326401,11580,405184
9985,min:26585151,37,42820713404,68724326401,11580,405184
9986,min:26585152,34,63650100766,68724326401,11580,405184
9987,min:26585153,37,64435733043,68724326401,11580,405184
9988,min:26585154,34,56794111009,68724326401,11580,405184
9989,min:26585155,32,899355207,68724326401,11580,405184
9990,min:26585156,31,13789328732,68724326401,11580,405184
9991,min:26585157,37,23810978548,68724326401,11580,405184
9992,min:26585158,35,52853968054,68724326401,11580,405184
9993,min:26585159,36,25099858052,68724326401,11580,405184
9994,min:26585160,35,48951035036,68724326401,11580,405184
9995,min:26585161,39,29309437298,68724326401,11580,405184
9996,min:26585162,32,61675141452,68724326401,11580,405184
9997,min:26585163,30,8061700233,68724326401,11580,405184
9998,min:26585164,36,45077666821,68724326401,11580,405184
9999,min:26585165,36,50957197674,68724326401,11580,405184
10000,min:26585166,36,39676524800,68724326401,11580,405184
10001,min:26585167,37,64802409605,68724326401,11580,405184
10002,min:26585168,38,8716047341,68724326401,11580,405184
10003,min:26585169,35,5944401177,68724326401,11580,405184
10004,min:26585170,37,864412727,68724326401,11580,405184
10005,min:26585171,34,31604332153,68724326401,11580,405184
10006,min:26585172,35,9548025269,68724326401,11580,405184
10007,min:26585173,34,8647062984,68724326401,11580,405184
10008,min:26585174,38,2007335065,68724326401,11580,405184
10009,min:26585175,34,8351667255,68724326401,11580,405184
10010,min:26585176,31,57454715641,68724326401,11580,405184
10011,min:26585177,36,21973194364,68724326401,11580,405184
10012,min:26585178,36,29257356012,68724326401,11580,405184
10013,min:26585179,31,21488969944,68724326401,11580,405184
10014,min:26585180,31,60216565422,68724326401,11580,405184
10015,min:26585181,33,37635239630,68724326401,11580,405184
10016,min:26585182,36,49500412712,68724326401,11580,405184
10017,min:26585183,33,1540820126,68724326401,11580,405184
10018,min:26585184,33,56829693652,68724326401,11580,405184
10019,min:26585185,36,49021720627,68724326401,11580,405184
10020,min:26585186,31,58198767955,68724326401,11580,405184
10021,min:26585187,31,24294497569,68724326401,11580,405184
10022,min:26585188,37,65653805608,68724326401,11580,405184
10023,min:26585189,36,54107266000,68724326401,11580,405184
10024,min:26585190,33,19542648121,68724326401,11580,405184
10025,min:26585191,31,12389768997,68724326401,11580,405184
10026,min:26585192,33,5254755001,68724326401,11580,405184
10027,min:26585193,36,1195395831,68724326401,11580,405184
10028,min:26585194,37,64977039986,68724326401,11580,405184
10029,min:26585195,37,54810711390,68724326401,11580,405184
10030,min:26585196,35,22422648065,68724326401,11580,405184
10031,min:26585197,33,60854595579,68724326401,11580,405184
10032,min:26585198,34,23123455328,68724326401,11580,405184
10033,min:26585199,37,51814153598,68724326401,11580,405184
10034,min:26585200,36,4397419640,68724326401,11580,405184
10035,min:26585201,33,31873274660,68724326401,11580,405184
10036,min:26585202,35,66743024289,68724326401,11580,405184
10037,min:26585203,40,35372173524,68724326401,11580,405184
10038,min:26585204,34,66858013615,68724326401,11580,405184
10039,min:26585205,36,48101195928,68724326401,11580,405184
10040,min:26585206,35,57272974069,68724326401,11580,405184
10041,min:26585207,37,47020823579,68724326401,11580,405184
10042,min:26585208,34,19067875962,68724326401,11580,405184
10043,min:26585209,32,3613727954,68724326401,11580,405184
10044,min:26585210,37,16556275565,68724326401,11580,405184
10045,min:26585211,31,9229773477,68724326401,11580,405184
10046,min:26585212,33,27945396486,68724326401,11580,405184
10047,min:26585213,35,52736789160,68724326401,11580,405184
10048,min:26585214,33,23031066650,68724326401,11580,405184
10049,min:26585215,32,7369392671,68724326401,11580,405184
10050,min:26585216,34,45643895703,68724326401,11580,405184
10051,min:26585217,38,60166715506,68724326401,11580,405184
10052,min:26585218,35,60454780033,68724326401,11580,405184
10053,min:26585219,36,21903261244,68724326401,11580,405184
10054,min:26585220,35,40691308102,68724326401,11580,405184
10055,min:26585221,40,16501845519,68724326401,11580,405184
10056,min:26585222,32,34368056644,68724326401,11580,405184
10057,min:26585223,36,26351643235,68724326401,11580,405184
10058,min:26585224,33,42420749037,68724326401,11580,405184
10059,min:26585225,34,13765406141,68724326401,11580,405184
10060,min:26585226,38,22622696307,68724326401,11580,405184
10061,min:26585227,34,63625999603,68724326401,11580,405184
10062,min:26585228,36,43241519964,68724326401,11580,405184
10063,min:26585229,33,46330995530,68724326401,11580,405184
10064,min:26585230,32,10198710294,68724326401,11580,405184
10065,min:26585231,34,26098215659,68724326401,11580,405184
10066,min:26585232,35,54405270770,68724326401,11580,405184
10067,min:26585233,39,29171911067,68724326401,11580,405184
10068,min:26585234,33,43595560237,68724326401,11580,405184
10069,min:26585235,36,67494619552,68724326401,11580,405184
10070,min:26585236,37,64648515950,68724326401,11580,405184
10071,min:26585237,35,13742738390,68724326401,11580,405184
10072,min:26585238,33,498835023,68724326401,11580,405184
10073,min:26585239,35,26819199570,68724326401,11580,405184
10074,min:26585240,35,5142148539,68724326401,11580,405184
10075,min:26585241,33,1504237530,68724326401,11580,405184
10076,min:26585242,30,45579322383,68724326401,11580,405184
10077,min:26585243,32,42016572262,68724326401,11580,405184
10078,min:26585244,36,12816530140,68724326401,11580,405184
10079,min:26585245,35,13023937102,68724326401,11580,405184
10080,min:26585246,38,37463345720,68724326401,11580,405184
10081,min:26585247,32,21244953750,68724326401,11580,405184
10082,min:26585248,36,25862390716,68724326401,11580,405184
10083,min:26585249,34,67895963047,68724326401,11580,405184
10084,min:26585250,31,44627153794,68724326401,11580,405184
10085,min:26585251,36,10051985885,68724326401,11580,405184
10086,min:26585252,35,54134399352,68724326401,11580,405184
10087,min:26585253,34,10751182972,68724326401,11580,405184
10088,min:26585254,30,1242357687,68724326401,11580,405184
10089,min:26585255,31,30515831437,68724326401,11580,405184
10090,min:26585256,35,48264292533,68724326401,11580,405184
10091,min:26585257,35,50870341563,68724326401,11580,405184
10092,min:26585258,35,55292228238,68724326401,11580,405184
10093,min:26585259,34,3687085263,68724326401,11580,405184
10094,min:26585260,35,68236735677,68724326401,11580,405184
10095,min:26585261,35,51594802207,68724326401,11580,405184
10096,min:26585262,28,32321054284,68724326401,11580,405184
10097,min:26585263,37,14817027903,68724326401,11580,405184
10098,min:26585264,35,27903191998,68724326401,11580,405184
10099,min:26585265,34,24812873687,68724326401,11580,405184
10100,min:26585266,35,62496660715,68724326401,11580,405184
10101,min:26585267,34,39448083445,68724326401,11580,405184
10102,min:26585268,36,67417357656,68724326401,11580,405184
10103,min:26585269,39,17675232209,68724326401,11580,405184
10104,min:26585270,36,48072776392,68724326401,11580,405184
10105,min:26585271,32,49975906872,68724326401,11580,405184
10106,min:26585272,29,15526234791,68724326401,11580,405184
10107,min:26585273,36,10401210609,68724326401,11580,405184
10108,min:26585274,36,19370943712,68724326401,11580,405184
10109,min:26585275,31,3728850484,68724326401,11580,405184
10110,min:26585276,36,60916511483,68724326401,11580,405184
10111,min:26585277,36,28571228906,68724326401,11580,405184
10112,min:26585278,36,45194719612,68724326401,11580,405184
10113,min:26585279,35,44964285931,68724326401,11580,405184
10114,min:26585280,37,33821875799,68724326401,11580,405184
10115,min:26585281,40,21682308817,68724326401,11580,405184
10116,min:26585282,31,68517863497,68724326401,11580,405184
10117,min:26585283,30,41425795744,68724326401,11580,405184
10118,min:26585284,33,41037757886,68724326401,11580,405184
10119,min:26585285,35,18684741716,68724326401,11580,405184
10120,min:26585286,29,4829652032,68724326401,11580,405184
10121,min:26585287,35,31692420738,68724326401,11580,405184
10122,min:26585288,36,29604541085,68724326401,11580,405184
10123,min:26585289,34,44737915176,68724326401,11580,405184
10124,min:26585290,36,26111449298,68724326401,11580,405184
10125,min:26585291,36,3858932395,68724326401,11580,405184
10126,min:26585292,34,21974560694,68724326401,11580,405184
10127,min:26585293,30,60233064176,68724326401,11580,405184
10128,min:26585294,35,37980513521,68724326401,11580,405184
10129,min:26585295,34,10194360786,68724326401,11580,405184
10130,min:26585296,34,45334437301,68724326401,11580,405184
10131,min:26585297,37,3052885066,68724326401,11580,405184
10132,min:26585298,36,39491670592,68724326401,11580,405184
10133,min:26585299,37,1224296016,68724326401,11580,405184
10134,min:26585300,36,57061489312,68724326401,11580,405184
10135,min:26585301,35,45066934537,68724326401,11580,405184
10136,min:26585302,32,47598223532,68724326401,11580,405184
10137,min:26585303,36,26263088441,68724326401,11580,405184
10138,min:26585304,32,50327811060,68724326401,11580,405184
10139,min:26585305,35,63330301490,68724326401,11580,405184
10140,min:26585306,34,67991549274,68724326401,11580,405184
10141,min:26585307,32,32773556967,68724326401,11580,405184
10142,min:26585308,36,23688874983,68724326401,11580,405184
10143,min:26585309,33,34429009009,68724326401,11580,405184
10144,min:26585310,37,21957405661,68724326401,11580,405184
10145,min:26585311,35,14499830491,68724326401,11580,405184
10146,min:26585312,37,13931038026,68724326401,11580,405184
10147,min:26585313,33,61317945934,68724326401,11580,405184
10148,min:26585314,38,59934759457,68724326401,11580,405184
10149,min:26585315,31,27378660404,68724326401,11580,405184
10150,min:26585316,35,9122073856,68724326401,11580,405184
10151,min:26585317,39,67130861346,68724326401,11580,405184
10152,min:26585318,38,8255170812,68724326401,11580,405184
10153,min:26585319,36,18979778868,68724326401,11580,405184
10154,min:26585320,37,17345170265,68724326401,11580,405184
10155,min:26585321,38,15747383438,68724326401,11580,405184
10156,min:26585322,38,48435065909,68724326401,11580,405184
10157,min:26585323,38,19855358098,68724326401,11580,405184
10158,min:26585324,37,20442705349,68724326401,11580,405184
10159,min:26585325,36,2226907994,68724326401,11580,405184
10160,min:26585326,41,38242722909,68724326401,11580,405184
10161,min:26585327,36,19144176684,68724326401,11580,405184
10162,min:26585328,36,47112798378,68724326401,11580,405184
10163,min:26585329,35,7336376133,68724326401,11580,405184
10164,min:26585330,35,44521130350,68724326401,11580,405184
10165,min:26585331,37,28056573278,68724326401,11580,405184
10166,min:26585332,31,5700021227,68724326401,11580,405184
10167,min:26585333,33,26879308891,68724326401,11580,405184
10168,min:26585334,34,58198256267,68724326401,11580,405184
10169,min:26585335,37,28420892410,68724326401,11580,405184
10170,min:26585336,37,29661192507,68724326401,11580,405184
10171,min:26585337,33,36319852053,68724326401,11580,405184
10172,min:26585338,34,67002360008,68724326401,11580,405184
10173,min:26585339,36,52517160941,68724326401,11580,405184
10174,min:26585340,36,25684882057,68724326401,11580,405184
10175,min:26585341,33,12559226125,68724326401,11580,405184
10176,min:26585342,35,55454097071,68724326401,11580,405184
10177,min:26585343,37,27912722434,68724326401,11580,405184
10178,min:26585344,34,46649901819,68724326401,11580,405184
10179,min:26585345,33,46552814113,68724326401,11580,405184
10180,min:26585346,35,17668480976,68724326401,11580,405184
10181,min:26585347,39,54529311509,68724326401,11580,405184
10182,min:26585348,35,14978696097,68724326401,11580,405184
10183,min:26585349,36,41201206004,68724326401,11580,405184
10184,min:26585350,34,10384913122,68724326401,11580,405184
10185,min:26585351,32,7044077520,68724326401,11580,405184
10186,min:26585352,33,25520011017,68724326401,11580,405184
10187,min:26585353,35,9479982068,68724326401,11580,405184
10188,min:26585354,39,34585820218,68724326401,11580,405184
10189,min:26585355,36,67381375365,68724326401,11580,405184
10190,min:26585356,33,43199220901,68724326401,11580,405184
10191,min:26585357,35,6667786141,68724326401,11580,405184
10192,min:26585358,32,577913661,68724326401,11580,405184
10193,min:26585359,33,49974661878,68724326401,11580,405184
10194,min:26585360,35,33394347755,68724326401,11580,405184
10195,min:26585361,33,67066940100,68724326401,11580,405184
10196,min:26585362,35,10299917468,68724326401,11580,405184
10197,min:26585363,34,39481756889,68724326401,11580,405184
10198,min:26585364,33,42575729912,68724326401,11580,405184
10199,min:26585365,35,47884654844,68724326401,11580,405184
10200,min:26585366,34,17798588608,68724326401,11580,405184
10201,min:26585367,36,47275557208,68724326401,11580,405184
10202,min:26585368,32,62404390210,68724326401,11580,405184
10203,min:26585369,33,858369259,68724326401,11580,405184
10204,min:26585370,30,22667214123,68724326401,11580,405184
10205,min:26585371,37,16950759408,68724326401,11580,405184
10206,min:26585372,36,16969368036,68724326401,11580,405184
10207,min:26585373,36,11240408933,68724326401,11580,405184
10208,min:26585374,37,17960714304,68724326401,11580,405184
10209,min:26585375,35,29931043592,68724326401,11580,405184
10210,min:26585376,36,28136592655,68724326401,11580,405184
10211,min:26585377,36,35845609327,68724326401,11580,405184
10212,min:26585378,32,33438731918,68724326401,11580,405184
10213,min:26585379,36,1252069520,68724326401,11580,405184
10214,min:26585380,37,68666155237,68724326401,11580,405184
10215,min:26585381,34,19057604792,68724326401,11580,405184
10216,min:26585382,32,6027066869,68724326401,11580,405184
10217,min:26585383,33,8803015581,68724326401,11580,405184
10218,min:26585384,35,63035582158,68724326401,11580,405184
10219,min:26585385,33,53612054054,68724326401,11580,405184
10220,min:26585386,34,62507280588,68724326401,11580,405184
10221,min:26585387,38,28255672284,68724326401,11580,405184
10222,min:26585388,34,15313948165,68724326401,11580,405184
10223,min:26585389,32,29728954334,68724326401,11580,405184
10224,min:26585390,35,56020518195,68724326401,11580,405184
10225,min:26585391,35,929385424,68724326401,11580,405184
10226,min:26585392,36,58634852343,68724326401,11580,405184
10227,min:26585393,31,37922238168,68724326401,11580,405184
10228,min:26585394,34,57401904012,68724326401,11580,405184
10229,min:26585395,35,20669136822,68724326401,11580,405184
10230,min:26585396,38,50331129084,68724326401,11580,405184
10231,min:26585397,36,23791440660,68724326401,11580,405184
10232,min:26585398,38,60603597938,68724326401,11580,405184
10233,min:26585399,33,34707072240,68724326401,11580,405184
10234,min:26585400,33,11410809744,68724326401,11580,405184
10235,min:26585401,37,19614667618,68724326401,11580,405184
10236,min:26585402,35,33326602404,68724326401,11580,405184
10237,min:26585403,35,15138987830,68724326401,11580,405184
10238,min:26585404,36,52585390169,68724326401,11580,405184
10239,min:26585405,35,47680416686,68724326401,11580,405184
10240,min:26585406,31,65464092224,68724326401,11580,405184
10241,min:26585407,31,29243381156,68724326401,11580,405184
10242,min:26585408,32,47088459277,68724326401,11580,405184
10243,min:26585409,33,5526524310,68724326401,11580,405184
10244,min:26585410,35,15430707705,68724326401,11580,405184
10245,min:26585411,35,26186559642,68724326401,11580,405184
10246,min:26585412,35,55642758682,68724326401,11580,405184
10247,min:26585413,38,21572515339,68724326401,11580,405184
10248,min:26585414,35,17162047659,68724326401,11580,405184
10249,min:26585415,37,47532908784,68724326401,11580,405184
10250,min:26585416,32,57366239264,68724326401,11580,405184
10251,min:26585417,33,48920676264,68724326401,11580,405184
10252,min:26585418,33,22764151394,68724326401,11580,405184
10253,min:26585419,37,60454510968,68724326401,11580,405184
10254,min:26585420,35,63616976925,68724326401,11580,405184
10255,min:26585421,38,47614643167,68724326401,11580,405184
10256,min:26585422,34,36416331678,68724326401,11580,405184
10257,min:26585423,36,61041763765,68724326401,11580,405184
10258,min:26585424,39,17494805732,68724326401,11580,405184
10259,min:26585425,32,19397845436,68724326401,11580,405184
10260,min:26585426,32,15016652074,68724326401,11580,405184
10261,min:26585427,33,55367934622,68724326401,11580,405184
10262,min:26585428,35,27196092160,68724326401,11580,405184
10263,min:26585429,36,42351667824,68724326401,11580,405184
10264,min:26585430,40,40683384220,68724326401,11580,405184
10265,min:26585431,37,62146496212,68724326401,11580,405184
10266,min:26585432,36,54348774151,68724326401,11580,405184
10267,min:26585433,35,26397163491,68724326401,11580,405184
10268,min:26585434,36,60235895982,68724326401,11580,405184
10269,min:26585435,34,37255523941,68724326401,11580,405184
10270,min:26585436,40,3928717741,68724326401,11580,405184
10271,min:26585437,33,20960008341,68724326401,11580,405184
10272,min:26585438,35,26328948068,68724326401,11580,405184
10273,min:26585439,35,59624960403,68724326401,11580,405184
10274,min:26585440,36,27813570940,68724326401,11580,405184
10275,min:26585441,34,21339460350,68724326401,11580,405184
10276,min:26585442,36,61300089251,68724326401,11580,405184
10277,min:26585443,37,2529611350,68724326401,11580,405184
10278,min:26585444,35,46518066064,68724326401,11580,405184
10279,min:26585445,33,52313781169,68724326401,11580,405184
10280,min:26585446,35,33054718980,68724326401,11580,405184
10281,min:26585447,39,48689317211,68724326401,11580,405184
10282,min:26585448,33,3666532972,68724326401,11580,405184
10283,min:26585449,38,26003094425,68724326401,11580,405184
10284,min:26585450,35,3051746756,68724326401,11580,405184
10285,min:26585451,38,9498386773,68724326401,11580,405184
10286,min:26585452,32,37072395090,68724326401,11580,405184
10287,min:26585453,31,28010478896,68724326401,11580,405184
10288,min:26585454,33,48639946585,68724326401,11580,405184
10289,min:26585455,37,38547054530,68724326401,11580,405184
10290,min:26585456,31,28581986556,68724326401,11580,405184
10291,min:26585457,36,1069778196,68724326401,11580,405184
10292,min:26585458,39,11268819560,68724326401,11580,405184
10293,min:26585459,34,28905088041,68724326401,11580,405184
10294,min:26585460,35,61713124827,68724326401,11580,405184
10295,min:26585461,36,44302235192,68724326401,11580,405184
10296,min:26585462,38,47538878981,68724326401,11580,405184
10297,min:26585463,35,4175418385,68724326401,11580,405184
10298,min:26585464,33,48668769568,68724326401,11580,405184
10299,min:26585465,34,42689689391,68724326401,11580,405184
10300,min:26585466,39,19135300088,68724326401,11580,405184
10301,min:26585467,33,55095552961,68724326401,11580,405184
10302,min:26585468,38,10870015209,68724326401,11580,405184
10303,min:26585469,35,66633374681,68724326401,11580,405184
10304,min:26585470,36,28757453117,68724326401,11580,405184
10305,min:26585471,35,44794991308,68724326401,11580,405184
10306,min:26585472,34,29072980867,68724326401,11580,405184
10307,min:26585473,36,1913624731,68724326401,11580,405184
10308,min:26585474,40,66750921035,68724326401,11580,405184
10309,min:26585475,32,5371702774,68724326401,11580,405184
10310,min:26585476,35,24708804682,68724326401,11580,405184
10311,min:26585477,35,53925502350,68724326401,11580,405184
10312,min:26585478,33,66130008315,68724326401,11580,405184
10313,min:26585479,35,21553855912,68724326401,11580,405184
10314,min:26585480,31,31222751935,68724326401,11580,405184
10315,min:26585481,34,64591084732,68724326401,11580,405184
10316,min:26585482,37,32648820272,68724326401,11580,405184
10317,min:26585483,34,8522685546,68724326401,11580,405184
10318,min:26585484,30,66490012212,68724326401,11580,405184
10319,min:26585485,36,1924967491,68724326401,11580,405184
10320,min:26585486,32,52068142122,68724326401,11580,405184
10321,min:26585487,37,34876723174,68724326401,11580,405184
10322,min:26585488,36,62935898955,68724326401,11580,405184
10323,min:26585489,35,26141826023,68724326401,11580,405184
10324,min:26585490,35,2078553746,68724326401,11580,405184
10325,min:26585491,38,19751476549,68724326401,11580,405184
10326,min:26585492,36,26239220119,68724326401,11580,405184
10327,min:26585493,31,50175780375,68724326401,11580,405184
10328,min:26585494,36,54132388197,68724326401,11580,405184
10329,min:26585495,35,63495233659,68724326401,11580,405184
10330,min:26585496,38,62745654009,68724326401,11580,405184
10331,min:26585497,37,21768794518,68724326401,11580,405184
10332,min:26585498,32,57543156987,68724326401,11580,405184
10333,min:26585499,34,54785197743,68724326401,11580,405184
10334,min:26585500,35,63782539495,68724326401,11580,405184
10335,min:26585501,37,56444797170,68724326401,11580,405184
10336,min:26585502,36,48850582459,68724326401,11580,405184
10337,min:26585503,38,33488933306,68724326401,11580,405184
10338,min:26585504,35,39337047091,68724326401,11580,405184
10339,min:26585505,39,59483638207,68724326401,11580,405184
10340,min:26585506,31,23422142285,68724326401,11580,405184
10341,min:26585507,38,7470768149,68724326401,11580,405184
10342,min:26585508,36,3394995479,68724326401,11580,405184
10343,min:26585509,33,59045485470,68724326401,11580,405184
10344,min:26585510,32,38200439350,68724326401,11580,405184
10345,min:26585511,36,40569197492,68724326401,11580,405184
10346,min:26585512,36,15493428089,68724326401,11580,405184
10347,min:26585513,37,19412041665,68724326401,11580,405184
10348,min:26585514,42,4490817116,68724326401,11580,405184
10349,min:26585515,35,48743093226,68724326401,11580,405184
10350,min:26585516,35,18306096489,68724326401,11580,405184
10351,min:26585517,37,45103517286,68724326401,11580,405184
10352,min:26585518,35,37694310498,68724326401,11580,405184
10353,min:26585519,36,24409209646,68724326401,11580,405184
10354,min:26585520,38,51430885812,68724326401,11580,405184
10355,min:26585521,38,25607105621,68724326401,11580,405184
10356,min:26585522,37,27057431283,68724326401,11580,405184
10357,min:26585523,38,58207976461,68724326401,11580,405184
10358,min:26585524,35,47561312949,68724326401,11580,405184
10359,min:26585525,38,40739636630,68724326401,11580,405184
10360,min:26585526,32,1004564073,68724326401,11580,405184
10361,min:26585527,33,27563637919,68724326401,11580,405184
10362,min:26585528,34,52063200674,68724326401,11580,405184
10363,min:26585529,38,46462116310,68724326401,11580,405184
10364,min:26585530,36,52139933307,68724326401,11580,405184
10365,min:26585531,34,44479220803,68724326401,11580,405184
10366,min:26585532,35,11041995045,68724326401,11580,405184
10367,min:26585533,36,32449227872,68724326401,11580,405184
10368,min:26585534,37,64144413645,68724326401,11580,405184
10369,min:26585535,33,40732843778,68724326401,11580,405184
10370,min:26585536,34,42136228172,68724326401,11580,405184
10371,min:26585537,36,1099960455,68724326401,11580,405184
10372,min:26585538,32,65555892599,68724326401,11580,405184
10373,min:26585539,36,18897314946,68724326401,11580,405184
10374,min:26585540,37,26006625379,68724326401,11580,405184
10375,min:26585541,34,14048896097,68724326401,11580,405184
10376,min:26585542,37,19064502917,68724326401,11580,405184
10377,min:26585543,36,4336541686,68724326401,11580,405184
10378,min:26585544,39,64343719681,68724326401,11580,405184
10379,min:26585545,33,54910620734,68724326401,11580,405184
10380,min:26585546,41,217786928,68724326401,11580,405184
10381,min:26585547,34,66987784835,68724326401,11580,405184
10382,min:26585548,34,58846702179,68724326401,11580,405184
10383,min:26585549,34,18903825280,68724326401,11580,405184
10384,min:26585550,34,29261332516,68724326401,11580,405184
10385,min:26585551,34,21212182995,68724326401,11580,405184
10386,min:26585552,30,16045453072,68724326401,11580,405184
10387,min:26585553,35,16021758121,68724326401,11580,405184
10388,min:26585554,41,15221278692,68724326401,11580,405184
10389,min:26585555,39,53893009328,68724326401,11580,405184
10390,min:26585556,37,55824424161,68724326401,11580,405184
10391,min:26585557,36,43242490151,68724326401,11580,405184
10392,min:26585558,36,12897504287,68724326401,11580,405184
10393,min:26585559,39,46656422212,68724326401,11580,405184
10394,min:26585560,34,53599184813,68724326401,11580,405184
10395,min:26585561,38,3688356897,68724326401,11580,405184
10396,min:26585562,35,36170102808,68724326401,11580,405184
10397,min:26585563,36,1513661081,68724326401,11580,405184
10398,min:26585564,35,24755339171,68724326401,11580,405184
10399,min:26585565,37,9864811611,68724326401,11580,405184
10400,min:26585566,36,53771952947,68724326401,11580,405184
10401,min:26585567,34,63634848101,68724326401,11580,405184
10402,min:26585568,34,34169894226,68724326401,11580,405184
10403,min:26585569,38,30439377271,68724326401,11580,405184
10404,min:26585570,37,13937638148,68724326401,11580,405184
10405,min:26585571,37,57919431361,68724326401,11580,405184
10406,min:26585572,38,13698927316,68724326401,11580,405184
10407,min:26585573,35,48174144348,68724326401,11580,405184
10408,min:26585574,35,50613717812,68724326401,11580,405184
10409,min:26585575,35,10288006350,68724326401,11580,405184
10410,min:26585576,34,41177866677,68724326401,11580,405184
10411,min:26585577,38,36752973973,68724326401,11580,405184
10412,min:26585578,35,45671141660,68724326401,11580,405184
10413,min:26585579,34,6762138053,68724326401,11580,405184
10414,min:26585580,36,38184432702,68724326401,11580,405184
10415,min:26585581,38,40300770322,68724326401,11580,405184
10416,min:26585582,36,26826981251,68724326401,11580,405184
10417,min:26585583,39,24002989427,68724326401,11580,405184
10418,min:26585584,37,5752018954,68724326401,11580,405184
10419,min:26585585,35,6218869348,68724326401,11580,405184
10420,min:26585586,33,19817205016,68724326401,11580,405184
10421,min:26585587,38,2787647386,68724326401,11580,405184
10422,min:26585588,37,2410606393,68724326401,11580,405184
10423,min:26585589,35,37172193677,68724326401,11580,405184
10424,min:26585590,36,59773220081,68724326401,11580,405184
10425,min:26585591,36,678031990,68724326401,11580,405184
10426,min:26585592,38,81032815,68724326401,11580,405184
10427,min:26585593,36,49167059309,68724326401,11580,405184
10428,min:26585594,35,39009149820,68724326401,11580,405184
10429,min:26585595,39,45513030970,68724326401,11580,405184
10430,min:26585596,36,29961076410,68724326401,11580,405184
10431,min:26585597,38,40874506757,68724326401,11580,405184
10432,min:26585598,36,7828542502,68724326401,11580,405184
10433,min:26585599,39,3238045847,68724326401,11580,405184
10434,min:26585600,35,67494953303,68724326401,11580,405184
10435,min:26585601,37,2067784451,68724326401,11580,405184
10436,min:26585602,38,24244764758,68724326401,11580,405184
10437,min:26585603,36,61849186357,68724326401,11580,405184
10438,min:26585604,36,1987280838,68724326401,11580,405184
10439,min:26585605,36,58153008475,68724326401,11580,405184
10440,min:26585606,36,6358785450,68724326401,11580,405184
10441,min:26585607,36,55836177274,68724326401,11580,405184
10442,min:26585608,34,29863282185,68724326401,11580,405184
10443,min:26585609,34,20108261520,68724326401,11580,405184
10444,min:26585610,39,13475803936,68724326401,11580,405184
10445,min:26585611,35,54566716708,68724326401,11580,405184
10446,min:26585612,30,3133896663,68724326401,11580,405184
10447,min:26585613,37,32517616327,68724326401,11580,405184
10448,min:26585614,31,28128410870,68724326401,11580,405184
10449,min:26585615,37,14552563901,68724326401,11580,405184
10450,min:26585616,35,29432316855,68724326401,11580,405184
10451,min:26585617,35,49073677849,68724326401,11580,405184
10452,min:26585618,34,33893638296,68724326401,11580,405184
10453,min:26585619,33,61977158249,68724326401,11580,405184
10454,min:26585620,36,56087074017,68724326401,11580,405184
10455,min:26585621,38,60954155269,68724326401,11580,405184
10456,min:26585622,36,50714722527,68724326401,11580,405184
10457,min:26585623,38,38685749976,68724326401,11580,405184
10458,min:26585624,36,937836390,68724326401,11580,405184
10459,min:26585625,38,47113338626,68724326401,11580,405184
10460,min:26585626,37,39187380828,68724326401,11580,405184
10461,min:26585627,33,32994806571,68724326401,11580,405184
10462,min:26585628,36,32145531383,68724326401,11580,405184
10463,min:26585629,37,45325839383,68724326401,11580,405184
10464,min:26585630,38,6820555214,68724326401,11580,405184
10465,min:26585631,37,49337234194,68724326401,11580,405184
10466,min:26585632,37,48605097043,68724326401,11580,405184
10467,min:26585633,33,46391720145,68724326401,11580,405184
10468,min:26585634,32,53792469735,68724326401,11580,405184
10469,min:26585635,33,24011102773,68724326401,11580,405184
10470,min:26585636,35,5437249889,68724326401,11580,405184
10471,min:26585637,37,48631615006,68724326401,11580,405184
10472,min:26585638,34,9065194971,68724326401,11580,405184
10473,min:26585639,37,64309487095,68724326401,11580,405184
10474,min:26585640,29,11318928900,68724326401,11580,405184
10475,min:26585641,34,32369751376,68724326401,11580,405184
10476,min:26585642,38,53126974079,68724326401,11580,405184
10477,min:26585643,35,7318205416,68724326401,11580,405184
10478,min:26585644,37,18805958666,68724326401,11580,405184
10479,min:26585645,33,20791953376,68724326401,11580,405184
10480,min:26585646,34,8242542749,68724326401,11580,405184
10481,min:26585647,35,19024118891,68724326401,11580,405184
10482,min:26585648,33,67885059097,68724326401,11580,405184
10483,min:26585649,34,50822891169,68724326401,11580,405184
10484,min:26585650,36,58172296601,68724326401,11580,405184
10485,min:26585651,35,22279543735,68724326401,11580,405184
10486,min:26585652,34,62527858623,68724326401,11580,405184
10487,min:26585653,36,33809220321,68724326401,11580,405184
10488,min:26585654,35,48357787217,68724326401,11580,405184
10489,min:26585655,40,19702048154,68724326401,11580,405184
10490,min:26585656,37,63745898333,68724326401,11580,405184
10491,min:26585657,38,41374576165,68724326401,11580,405184
10492,min:26585658,33,47198575325,68724326401,11580,405184
10493,min:26585659,34,40285870749,68724326401,11580,405184
10494,min:26585660,38,48993464689,68724326401,11580,405184
10495,min:26585661,38,61958163445,68724326401,11580,405184
10496,min:26585662,34,56669553718,68724326401,11580,405184
10497,min:26585663,36,21128672814,68724326401,11580,405184
10498,min:26585664,36,68690105790,68724326401,11580,405184
10499,min:26585665,36,6637199884,68724326401,11580,405184
10500,min:26585666,37,54383192288,68724326401,11580,405184
10501,min:26585667,36,45932272658,68724326401,11580,405184
10502,min:26585668,35,22613789664,68724326401,11580,405184
10503,min:26585669,35,3828826293,68724326401,11580,405184
10504,min:26585670,36,49815060713,68724326401,11580,405184
10505,min:26585671,34,66101781424,68724326401,11580,405184
10506,min:26585672,37,48731619509,68724326401,11580,405184
10507,min:26585673,40,44922984198,68724326401,11580,405184
10508,min:26585674,36,1940414813,68724326401,11580,405184
10509,min:26585675,37,51168597258,68724326401,11580,405184
10510,min:26585676,36,3714164852,68724326401,11580,405184
10511,min:26585677,36,51717685340,68724326401,11580,405184
10512,min:26585678,37,55680660388,68724326401,11580,405184
10513,min:26585679,36,65116266089,68724326401,11580,405184
10514,min:26585680,38,48873488370,68724326401,11580,405184
10515,min:26585681,39,67063912140,68724326401,11580,405184
10516,min:26585682,37,66793286006,68724326401,11580,405184
10517,min:26585683,35,41965511556,68724326401,11580,405184
10518,min:26585684,38,7328277185,68724326401,11580,405184
10519,min:26585685,38,20194873342,68724326401,11580,405184
10520,min:26585686,37,64532353743,68724326401,11580,405184
10521,min:26585687,38,2222984577,68724326401,11580,405184
10522,min:26585688,36,19739518595,68724326401,11580,405184
10523,min:26585689,37,15247065434,68724326401,11580,405184
10524,min:26585690,35,64098135559,68724326401,11580,405184
10525,min:26585691,34,59804408711,68724326401,11580,405184
10526,min:26585692,37,26869156658,68724326401,11580,405184
10527,min:26585693,36,13306730299,68724326401,11580,405184
10528,min:26585694,35,54827927631,68724326401,11580,405184
10529,min:26585695,34,64366409192,68724326401,11580,405184
10530,min:26585696,39,1626901078,68724326401,11580,405184
10531,min:26585697,33,62220211361,68724326401,11580,405184
10532,min:26585698,35,60754173860,68724326401,11580,405184
10533,min:26585699,35,4479374449,68724326401,11580,405184
10534,min:26585700,35,21149674477,68724326401,11580,405184
10535,min:26585701,35,15323222184,68724326401,11580,405184
10536,min:26585702,32,37131309899,68724326401,11580,405184
10537,min:26585703,36,45471770604,68724326401,11580,405184
10538,min:26585704,38,61192087580,68724326401,11580,405184
10539,min:26585705,32,1226176222,68724326401,11580,405184
10540,min:26585706,33,21407260549,68724326401,11580,405184
10541,min:26585707,38,26334215319,68724326401,11580,405184
10542,min:26585708,35,63461224892,68724326401,11580,405184
10543,min:26585709,39,50848064142,68724326401,11580,405184
10544,min:26585710,38,16681353620,68724326401,11580,405184
10545,min:26585711,36,12037986529,68724326401,11580,405184
10546,min:26585712,32,44300289458,68724326401,11580,405184
10547,min:26585713,36,10700692192,68724326401,11580,405184
10548,min:26585714,36,2296804428,68724326401,11580,405184
10549,min:26585715,33,68082699112,68724326401,11580,405184
10550,min:26585716,34,48329850469,68724326401,11580,405184
10551,min:26585717,36,38690295157,68724326401,11580,405184
10552,min:26585718,40,66500176494,68724326401,11580,405184
10553,min:26585719,32,60926079790,68724326401,11580,405184
10554,min:26585720,34,62209194139,68724326401,11580,405184
10555,min:26585721,37,27356348875,68724326401,11580,405184
10556,min:26585722,35,68069228145,68724326401,11580,405184
10557,min:26585723,34,65710784715,68724326401,11580,405184
10558,min:26585724,32,26975486674,68724326401,11580,405184
10559,min:26585725,41,33108341885,68724326401,11580,405184
10560,min:26585726,33,57929279475,68724326401,11580,405184
10561,min:26585727,33,17196890289,68724326401,11580,405184
10562,min:26585728,38,13652186980,68724326401,11580,405184
10563,min:26585729,36,66646493461,68724326401,11580,405184
10564,min:26585730,36,64719830278,68724326401,11580,405184
10565,min:26585731,37,17088741651,68724326401,11580,405184
10566,min:26585732,38,3228001237,68724326401,11580,405184
10567,min:26585733,35,17552298691,68724326401,11580,405184
10568,min:26585734,36,35852429940,68724326401,11580,405184
10569,min:26585735,35,31417375901,68724326401,11580,405184
10570,min:26585736,38,50509480969,68724326401,11580,405184
10571,min:26585737,31,8185075663,68724326401,11580,405184
10572,min:26585738,35,37990124214,68724326401,11580,405184
10573,min:26585739,36,17961036548,68724326401,11580,405184
10574,min:26585740,35,50262176399,68724326401,11580,405184
10575,min:26585741,33,17903616794,68724326401,11580,405184
10576,min:26585742,37,13077144486,68724326401,11580,405184
10577,min:26585743,35,32702468003,68724326401,11580,405184
10578,min:26585744,35,26540165782,68724326401,11580,405184
10579,min:26585745,36,24275149868,68724326401,11580,405184
10580,min:26585746,33,13160977998,68724326401,11580,405184
10581,min:26585747,33,17864501918,68724326401,11580,405184
10582,min:26585748,34,30541421481,68724326401,11580,405184
10583,min:26585749,33,27714625155,68724326401,11580,405184
10584,min:26585750,33,56344008588,68724326401,11580,405184
10585,min:26585751,34,26824489297,68724326401,11580,405184
10586,min:26585752,37,21973064192,68724326401,11580,405184
10587,min:26585753,36,48908169087,68724326401,11580,405184
10588,min:26585754,39,64052149463,68724326401,11580,405184
10589,min:26585755,35,13036881697,68724326401,11580,405184
10590,min:26585756,32,63821445428,68724326401,11580,405184
10591,min:26585757,34,7632322981,68724326401,11580,405184
10592,min:26585758,34,53141782997,68724326401,11580,405184
10593,min:26585759,36,31069855704,68724326401,11580,405184
10594,min:26585760,36,38719791360,68724326401,11580,405184
10595,min:26585761,37,42198796579,68724326401,11580,405184
10596,min:26585762,36,21397653013,68724326401,11580,405184
10597,min:26585763,34,44851334466,68724326401,11580,405184
10598,min:26585764,34,46161115512,68724326401,11580,405184
10599,min:26585765,37,22191245704,68724326401,11580,405184
10600,min:26585766,33,40593176206,68724326401,11580,405184
10601,min:26585767,38,5791044910,68724326401,11580,405184
10602,min:26585768,38,28752971124,68724326401,11580,405184
10603,min:26585769,37,2780611895,68724326401,11580,405184
10604,min:26585770,33,64277405814,68724326401,11580,405184
10605,min:26585771,34,2777916716,68724326401,11580,405184
10606,min:26585772,35,28387003097,68724326401,11580,405184
10607,min:26585773,36,30980300370,68724326401,11580,405184
10608,min:26585774,36,977838141,68724326401,11580,405184
10609,min:26585775,36,61414861242,68724326401,11580,405184
10610,min:26585776,36,47933064593,68724326401,11580,405184
10611,min:26585777,34,34742521444,68724326401,11580,405184
10612,min:26585778,40,59912067851,68724326401,11580,405184
10613,min:26585779,38,2439108213,68724326401,11580,405184
10614,min:26585780,33,65501358757,68724326401,11580,405184
10615,min:26585781,38,5803940775,68724326401,11580,405184
10616,min:26585782,36,34315030808,68724326401,11580,405184
10617,min:26585783,33,16065004264,68724326401,11580,405184
10618,min:26585784,36,49280002453,68724326401,11580,405184
10619,min:26585785,37,3392950757,68724326401,11580,405184
10620,min:26585786,40,15195173483,68724326401,11580,405184
10621,min:26585787,35,12592473965,68724326401,11580,405184
10622,min:26585788,34,21865373265,68724326401,11580,405184
10623,min:26585789,38,16338404250,68724326401,11580,405184
10624,min:26585790,33,62163753631,68724326401,11580,405184
10625,min:26585791,36,31947543575,68724326401,11580,405184
10626,min:26585792,35,18921871827,68724326401,11580,405184
10627,min:26585793,38,50496134290,68724326401,11580,405184
10628,min:26585794,33,42594363984,68724326401,11580,405184
10629,min:26585795,36,52370102125,68724326401,11580,405184
10630,min:26585796,34,20382703747,68724326401,11580,405184
10631,min:26585797,33,66526501364,68724326401,11580,405184
10632,min:26585798,34,42731196727,68724326401,11580,405184
10633,min:26585799,35,10491808204,68724326401,11580,405184
10634,min:26585800,38,18601875259,68724326401,11580,405184
10635,min:26585801,37,49325158716,68724326401,11580,405184
10636,min:26585802,37,27976031226,68724326401,11580,405184
10637,min:26585803,34,30280009187,68724326401,11580,405184
10638,min:26585804,39,56386037276,68724326401,11580,405184
10639,min:26585805,35,42694375403,68724326401,11580,405184
10640,min:26585806,37,44287009790,68724326401,11580,405184
10641,min:26585807,36,33490779602,68724326401,11580,405184
10642,min:26585808,38,48063425910,68724326401,11580,405184
10643,min:26585809,34,13832138913,68724326401,11580,405184
10644,min:26585810,38,64886160210,68724326401,11580,405184
10645,min:26585811,38,58881745792,68724326401,11580,405184
10646,min:26585812,37,22161092253,68724326401,11580,405184
10647,min:26585813,36,26860576635,68724326401,11580,405184
10648,min:26585814,37,59958723913,68724326401,11580,405184
10649,min:26585815,37,29441431767,68724326401,11580,405184
10650,min:26585816,36,52165531638,68724326401,11580,405184
10651,min:26585817,35,4775873665,68724326401,11580,405184
10652,min:26585818,36,28092868697,68724326401,11580,405184
10653,min:26585819,35,6807249466,68724326401,11580,405184
10654,min:26585820,37,35177569644,68724326401,11580,405184
10655,min:26585821,32,53257281364,68724326401,11580,405184
10656,min:26585822,37,33485080242,68724326401,11580,405184
10657,min:26585823,35,50468649949,68724326401,11580,405184
10658,min:26585824,33,49662600609,68724326401,11580,405184
10659,min:26585825,36,17341662555,68724326401,11580,405184
10660,min:26585826,38,14344975148,68724326401,11580,405184
10661,min:26585827,39,16074372614,68724326401,11580,405184
10662,min:26585828,37,58840948462,68724326401,11580,405184
10663,min:26585829,35,45415799317,68724326401,11580,405184
10664,min:26585830,37,15599423469,68724326401,11580,405184
10665,min:26585831,36,9565172694,68724326401,11580,405184
10666,min:26585832,38,43080609268,68724326401,11580,405184
10667,min:26585833,36,27869641223,68724326401,11580,405184
10668,min:26585834,39,36804344692,68724326401,11580,405184
10669,min:26585835,34,10380504246,68724326401,11580,405184
10670,min:26585836,35,6164900381,68724326401,11580,405184
10671,min:26585837,33,14655638801,68724326401,11580,405184
10672,min:26585838,36,44030608106,68724326401,11580,405184
10673,min:26585839,36,47504771422,68724326401,11580,405184
10674,min:26585840,37,8406864336,68724326401,11580,405184
10675,min:26585841,36,35523187039,68724326401,11580,405184
10676,min:26585842,36,40846927512,68724326401,11580,405184
10677,min:26585843,33,55923867042,68724326401,11580,405184
10678,min:26585844,37,16652340338,68724326401,11580,405184
10679,min:26585845,36,28361164695,68724326401,11580,405184
10680,min:26585846,33,40245601816,68724326401,11580,405184
10681,min:26585847,38,64606840396,68724326401,11580,405184
10682,min:26585848,36,67812520106,68724326401,11580,405184
10683,min:26585849,37,11018154434,68724326401,11580,405184
10684,min:26585850,36,38401371170,68724326401,11580,405184
10685,min:26585851,38,22368322840,68724326401,11580,405184
10686,min:26585852,37,22879607369,68724326401,11580,405184
10687,min:26585853,37,3121990048,68724326401,11580,405184
10688,min:26585854,36,5127158347,68724326401,11580,405184
10689,min:26585855,37,42938794155,68724326401,11580,405184
10690,min:26585856,38,54551872345,68724326401,11580,405184
10691,min:26585857,38,54462013056,68724326401,11580,405184
10692,min:26585858,33,13609128380,68724326401,11580,405184
10693,min:26585859,37,5209772690,68724326401,11580,405184
10694,min:26585860,40,20618919999,68724326401,11580,405184
10695,min:26585861,36,7754044548,68724326401,11580,405184
10696,min:26585862,35,32762710681,68724326401,11580,405184
10697,min:26585863,39,59584219911,68724326401,11580,405184
10698,min:26585864,40,21195642440,68724326401,11580,405184
10699,min:26585865,34,10221604920,68724326401,11580,405184
10700,min:26585866,37,17668038347,68724326401,11580,405184
10701,min:26585867,37,60875424697,68724326401,11580,405184
10702,min:26585868,36,32403241832,68724326401,11580,405184
10703,min:26585869,33,687542230,68724326401,11580,405184
10704,min:26585870,35,60434626920,68724326401,11580,405184
10705,min:26585871,40,7720979847,68724326401,11580,405184
10706,min:26585872,36,37180880338,68724326401,11580,405184
10707,min:26585873,38,64339140361,68724326401,11580,405184
10708,min:26585874,37,13331339556,68724326401,11580,405184
10709,min:26585875,33,21077902679,68724326401,11580,405184
10710,min:26585876,35,2686885839,68724326401,11580,405184
10711,min:26585877,38,43780059881,68724326401,11580,405184
10712,min:26585878,33,2507884906,68724326401,11580,405184
10713,min:26585879,39,27219440303,68724326401,11580,405184
10714,min:26585880,38,21709316371,68724326401,11580,405184
10715,min:26585881,37,13193412823,68724326401,11580,405184
10716,min:26585882,36,38893729582,68724326401,11580,405184
10717,min:26585883,35,61296483199,68724326401,11580,405184
10718,min:26585884,37,53545663911,68724326401,11580,405184
10719,min:26585885,36,18446646037,68724326401,11580,405184
10720,min:26585886,39,49776664191,68724326401,11580,405184
10721,min:26585887,38,60999132337,68724326401,11580,405184
10722,min:26585888,40,46413807731,68724326401,11580,405184
10723,min:26585889,36,47602711291,68724326401,11580,405184
10724,min:26585890,38,820267722,68724326401,11580,405184
10725,min:26585891,36,48685746680,68724326401,11580,405184
10726,min:26585892,36,53208261876,68724326401,11580,405184
10727,min:26585893,39,52099673772,68724326401,11580,405184
10728,min:26585894,35,29751714319,68724326401,11580,405184
10729,min:26585895,34,66807423984,68724326401,11580,405184
10730,min:26585896,38,16431511434,68724326401,11580,405184
10731,min:26585897,36,7766180310,68724326401,11580,405184
10732,min:26585898,33,42793669534,68724326401,11580,405184
10733,min:26585899,36,62863869640,68724326401,11580,405184
10734,min:26585900,40,2943564776,68724326401,11580,405184
10735,min:26585901,37,64782332262,68724326401,11580,405184
10736,min:26585902,35,62964222263,68724326401,11580,405184
10737,min:26585903,37,17697760895,68724326401,11580,405184
10738,min:26585904,36,30849012297,68724326401,11580,405184
10739,min:26585905,37,62310094572,68724326401,11580,405184
10740,min:26585906,37,5293901089,68724326401,11580,405184
10741,min:26585907,36,29783277225,68724326401,11580,405184
10742,min:26585908,40,67569813132,68724326401,11580,405184
10743,min:26585909,36,25179410351,68724326401,11580,405184
10744,min:26585910,35,40209044900,68724326401,11580,405184
10745,min:26585911,38,21100511129,68724326401,11580,405184
10746,min:26585912,38,51928602238,68724326401,11580,405184
10747,min:26585913,37,4749967368,68724326401,11580,405184
10748,min:26585914,36,8264012615,68724326401,11580,405184
10749,min:26585915,39,3590270232,68724326401,11580,405184
10750,min:26585916,35,45975723935,68724326401,11580,405184
10751,min:26585917,33,15294540603,68724326401,11580,405184
10752,min:26585918,43,35359873022,68724326401,11580,405184
10753,min:26585919,37,6975793089,68724326401,11580,405184
10754,min:26585920,34,59279866437,68724326401,11580,405184
10755,min:26585921,33,2567979456,68724326401,11580,405184
10756,min:26585922,37,40393585901,68724326401,11580,405184
10757,min:26585923,37,31064713829,68724326401,11580,405184
10758,min:26585924,33,67870971558,68724326401,11580,405184
10759,min:26585925,37,62322199032,68724326401,11580,405184
10760,min:26585926,38,18091340164,68724326401,11580,405184
10761,min:26585927,34,6718097493,68724326401,11580,405184
10762,min:26585928,39,45878499163,68724326401,11580,405184
10763,min:26585929,39,33221510469,68724326401,11580,405184
10764,min:26585930,34,31462846241,68724326401,11580,405184
10765,min:26585931,34,4464210947,68724326401,11580,405184
10766,min:26585932,36,10890567244,68724326401,11580,405184
10767,min:26585933,39,8164208355,68724326401,11580,405184
10768,min:26585934,33,29617625093,68724326401,11580,405184
10769,min:26585935,32,61125805975,68724326401,11580,405184
10770,min:26585936,34,40856040210,68724326401,11580,405184
10771,min:26585937,37,34066755890,68724326401,11580,405184
10772,min:26585938,32,55817555796,68724326401,11580,405184
10773,min:26585939,39,11213412847,68724326401,11580,405184
10774,min:26585940,37,61994349146,68724326401,11580,405184
10775,min:26585941,39,27334091383,68724326401,11580,405184
10776,min:26585942,40,21327894110,68724326401,11580,405184
10777,min:26585943,35,35807157110,68724326401,11580,405184
10778,min:26585944,36,37613844432,68724326401,11580,405184
10779,min:26585945,37,46269818100,68724326401,11580,405184
10780,min:26585946,38,64180341706,68724326401,11580,405184
10781,min:26585947,39,38227497991,68724326401,11580,405184
10782,min:26585948,38,62992936155,68724326401,11580,405184
10783,min:26585949,38,23655230215,68724326401,11580,405184
10784,min:26585950,37,16958739080,68724326401,11580,405184
10785,min:26585951,37,14510171097,68724326401,11580,405184
10786,min:26585952,38,60986041552,68724326401,11580,405184
10787,min:26585953,35,45885361143,68724326401,11580,405184
10788,min:26585954,36,1520938917,68724326401,11580,405184
10789,min:26585955,41,67313845395,68724326401,11580,405184
10790,min:26585956,36,26244188079,68724326401,11580,405184
10791,min:26585957,35,4697344070,68724326401,11580,405184
10792,min:26585958,38,6802274716,68724326401,11580,405184
10793,min:26585959,35,32208036290,68724326401,11580,405184
10794,min:26585960,38,67995021432,68724326401,11580,405184
10795,min:26585961,36,14376305909,68724326401,11580,405184
10796,min:26585962,37,65013719033,68724326401,11580,405184
10797,min:26585963,37,66176239197,68724326401,11580,405184
10798,min:26585964,37,6242099341,68724326401,11580,405184
10799,min:26585965,35,37712993477,68724326401,11580,405184
10800,min:26585966,34,24376474340,68724326401,11580,405184
10801,min:26585967,38,58529743399,68724326401,11580,405184
10802,min:26585968,36,19202473196,68724326401,11580,405184
10803,min:26585969,37,33117214078,68724326401,11580,405184
10804,min:26585970,38,62765452461,68724326401,11580,405184
10805,min:26585971,38,51855579303,68724326401,11580,405184
10806,min:26585972,38,20009455686,68724326401,11580,405184
10807,min:26585973,37,15977803428,68724326401,11580,405184
10808,min:26585974,35,21440632407,68724326401,11580,405184
10809,min:26585975,37,7495843469,68724326401,11580,405184
10810,min:26585976,37,4957237796,68724326401,11580,405184
10811,min:26585977,37,36629174990,68724326401,11580,405184
10812,min:26585978,38,45994520512,68724326401,11580,405184
10813,min:26585979,36,41219580489,68724326401,11580,405184
10814,min:26585980,38,5766889281,68724326401,11580,405184
10815,min:26585981,36,27431932717,68724326401,11580,405184
10816,min:26585982,33,42586464214,68724326401,11580,405184
10817,min:26585983,37,28999394240,68724326401,11580,405184
10818,min:26585984,36,62296391266,68724326401,11580,405184
10819,min:26585985,38,41071742701,68724326401,11580,405184
10820,min:26585986,36,57156552426,68724326401,11580,405184
10821,min:26585987,34,53469427353,68724326401,11580,405184
10822,min:26585988,37,66218014971,68724326401,11580,405184
10823,min:26585989,37,15264708752,68724326401,11580,405184
10824,min:26585990,36,14795924085,68724326401,11580,405184
10825,min:26585991,32,151063154,68724326401,11580,405184
10826,min:26585992,37,50676483917,68724326401,11580,405184
10827,min:26585993,34,5121533906,68724326401,11580,405184
10828,min:26585994,32,53808590446,68724326401,11580,405184
10829,min:26585995,38,27528588489,68724326401,11580,405184
10830,min:26585996,37,16966342320,68724326401,11580,405184
10831,min:26585997,37,56694111581,68724326401,11580,405184
10832,min:26585998,36,38293401260,68724326401,11580,405184
10833,min:26585999,38,42234444151,68724326401,11580,405184
10834,min:26586000,35,16241932165,68724326401,11580,405184
10835,min:26586001,33,52220759798,68724326401,11580,405184
10836,min:26586002,36,63689572475,68724326401,11580,405184
10837,min:26586003,37,68290148387,68724326401,11580,405184
10838,min:26586004,38,25638928030,68724326401,11580,405184
10839,min:26586005,38,41612438100,68724326401,11580,405184
10840,min:26586006,36,44874991996,68724326401,11580,405184
10841,min:26586007,36,66912064171,68724326401,11580,405184
10842,min:26586008,34,67502292831,68724326401,11580,405184
10843,min:26586009,36,47694060082,68724326401,11580,405184
10844,min:26586010,34,63711607329,68724326401,11580,405184
10845,min:26586011,35,11137703614,68724326401,11580,405184
10846,min:26586012,34,3141181053,68724326401,11580,405184
10847,min:26586013,38,55171020727,68724326401,11580,405184
10848,min:26586014,36,66346741827,68724326401,11580,405184
10849,min:26586015,33,65548488816,68724326401,11580,405184
10850,min:26586016,36,56910794256,68724326401,11580,405184
10851,min:26586017,34,2549628382,68724326401,11580,405184
10852,min:26586018,36,753313406,68724326401,11580,405184
10853,min:26586019,37,29616589704,68724326401,11580,405184
10854,min:26586020,34,8901158449,68724326401,11580,405184
10855,min:26586021,37,32910071081,68724326401,11580,405184
10856,min:26586022,37,25448978012,68724326401,11580,405184
10857,min:26586023,34,40464484345,68724326401,11580,405184
10858,min:26586024,36,521830658,68724326401,11580,405184
10859,min:26586025,34,40488064789,68724326401,11580,405184
10860,min:26586026,36,11689640334,68724326401,11580,405184
10861,min:26586027,34,5460767175,68724326401,11580,405184
10862,min:26586028,35,60211011023,68724326401,11580,405184
10863,min:26586029,35,42372769037,68724326401,11580,405184
10864,min:26586030,34,47827286745,68724326401,11580,405184
10865,min:26586031,34,19331026044,68724326401,11580,405184
10866,min:26586032,36,43543318633,68724326401,11580,405184
10867,min:26586033,35,55952911980,68724326401,11580,405184
10868,min:26586034,36,20284447175,68724326401,11580,405184
10869,min:26586035,35,55720575764,68724326401,11580,405184
10870,min:26586036,36,56093397808,68724326401,11580,405184
10871,min:26586037,41,12068712916,68724326401,11580,405184
10872,min:26586038,36,20482689095,68724326401,11580,405184
10873,min:26586039,35,27036957231,68724326401,11580,405184
10874,min:26586040,36,51905459421,68724326401,11580,405184
10875,min:26586041,39,23688303166,68724326401,11580,405184
10876,min:26586042,40,39680583033,68724326401,11580,405184
10877,min:26586043,34,56415633694,68724326401,11580,405184
10878,min:26586044,38,4792609452,68724326401,11580,405184
10879,min:26586045,37,16024455988,68724326401,11580,405184
10880,min:26586046,37,29845676511,68724326401,11580,405184
10881,min:26586047,35,43181724566,68724326401,11580,405184
10882,min:26586048,32,57442844591,68724326401,11580,405184
10883,min:26586049,35,45943887835,68724326401,11580,405184
10884,min:26586050,36,1334751610,68724326401,11580,405184
10885,min:26586051,35,50597957961,68724326401,11580,405184
10886,min:26586052,35,10347890791,68724326401,11580,405184
10887,min:26586053,35,1631577821,68724326401,11580,405184
10888,min:26586054,37,53073136295,68724326401,11580,405184
10889,min:26586055,32,9988966280,68724326401,11580,405184
10890,min:26586056,33,23730413485,68724326401,11580,405184
10891,min:26586057,36,11190538540,68724326401,11580,405184
10892,min:26586058,35,59036653355,68724326401,11580,405184
10893,min:26586059,37,31897433657,68724326401,11580,405184
10894,min:26586060,39,12650994516,68724326401,11580,405184
10895,min:26586061,33,42935787810,68724326401,11580,405184
10896,min:26586062,39,11258367612,68724326401,11580,405184
10897,min:26586063,30,22349220469,68724326401,11580,405184
10898,min:26586064,35,46573244854,68724326401,11580,405184
10899,min:26586065,34,56319976667,68724326401,11580,405184
10900,min:26586066,37,66693234213,68724326401,11580,405184
10901,min:26586067,35,31412647365,68724326401,11580,405184
10902,min:26586068,36,54185222245,68724326401,11580,405184
10903,min:26586069,34,29525451675,68724326401,11580,405184
10904,min:26586070,38,24496856476,68724326401,11580,405184
10905,min:26586071,36,54173241933,68724326401,11580,405184
10906,min:26586072,33,14720465022,68724326401,11580,405184
10907,min:26586073,40,23718330264,68724326401,11580,405184
10908,min:26586074,34,948471704,68724326401,11580,405184
10909,min:26586075,36,65557522536,68724326401,11580,405184
10910,min:26586076,36,53762465084,68724326401,11580,405184
10911,min:26586077,38,40037906739,68724326401,11580,405184
10912,min:26586078,32,30457914918,68724326401,11580,405184
10913,min:26586079,37,68348972626,68724326401,11580,405184
10914,min:26586080,37,6387461276,68724326401,11580,405184
10915,min:26586081,35,46285387989,68724326401,11580,405184
10916,min:26586082,36,52910715044,68724326401,11580,405184
10917,min:26586083,39,48444434134,68724326401,11580,405184
10918,min:26586084,36,35780690791,68724326401,11580,405184
10919,min:26586085,37,2862412809,68724326401,11580,405184
10920,min:26586086,39,53799700815,68724326401,11580,405184
10921,min:26586087,34,20679159680,68724326401,11580,405184
10922,min:26586088,33,49134876604,68724326401,11580,405184
10923,min:26586089,34,67075719640,68724326401,11580,405184
10924,min:26586090,36,8133254079,68724326401,11580,405184
10925,min:26586091,36,40232528358,68724326401,11580,405184
10926,min:26586092,36,47785436700,68724326401,11580,405184
10927,min:26586093,38,9725571790,68724326401,11580,405184
10928,min:26586094,33,65127156399,68724326401,11580,405184
10929,min:26586095,39,51317964602,68724326401,11580,405184
10930,min:26586096,37,64847264877,68724326401,11580,405184
10931,min:26586097,40,59636187847,68724326401,11580,405184
10932,min:26586098,36,47792018912,68724326401,11580,405184
10933,min:26586099,33,12334315189,68724326401,11580,405184
10934,min:26586100,39,36644791045,68724326401,11580,405184
10935,min:26586101,38,54609106528,68724326401,11580,405184
10936,min:26586102,37,65104420582,68724326401,11580,405184
10937,min:26586103,37,64061538895,68724326401,11580,405184
10938,min:26586104,32,17771831738,68724326401,11580,405184
10939,min:26586105,35,51977552338,68724326401,11580,405184
10940,min:26586106,37,50781503100,68724326401,11580,405184
10941,min:26586107,38,4535215807,68724326401,11580,405184
10942,min:26586108,34,13594467403,68724326401,11580,405184
10943,min:26586109,40,54776428060,68724326401,11580,405184
10944,min:26586110,33,19735197484,68724326401,11580,405184
10945,min:26586111,35,18976191242,68724326401,11580,405184
10946,min:26586112,37,20963276945,68724326401,11580,405184
10947,min:26586113,33,5012899558,68724326401,11580,405184
10948,min:26586114,37,27249755564,68724326401,11580,405184
10949,min:26586115,36,33360732674,68724326401,11580,405184
10950,min:26586116,35,4737349324,68724326401,11580,405184
10951,min:26586117,38,24870979187,68724326401,11580,405184
10952,min:26586118,37,11057354569,68724326401,11580,405184
10953,min:26586119,36,68607850198,68724326401,11580,405184
10954,min:26586120,40,66272781599,68724326401,11580,405184
10955,min:26586121,36,27047078287,68724326401,11580,405184
10956,min:26586122,36,43131289715,68724326401,11580,405184
10957,min:26586123,38,17369181050,68724326401,11580,405184
10958,min:26586124,38,23363841264,68724326401,11580,405184
10959,min:26586125,37,11995413500,68724326401,11580,405184
10960,min:26586126,38,12173639102,68724326401,11580,405184
10961,min:26586127,37,48755589482,68724326401,11580,405184
10962,min:26586128,36,29640213576,68724326401,11580,405184
10963,min:26586129,35,52425826433,68724326401,11580,405184
10964,min:26586130,35,19354807587,68724326401,11580,405184
10965,min:26586131,35,23081469030,68724326401,11580,405184
10966,min:26586132,35,66776442100,68724326401,11580,405184
10967,min:26586133,33,335848604,68724326401,11580,405184
10968,min:26586134,35,29539428870,68724326401,11580,405184
10969,min:26586135,35,22303274149,68724326401,11580,405184
10970,min:26586136,39,11822190268,68724326401,11580,405184
10971,min:26586137,37,63735466455,68724326401,11580,405184
10972,min:26586138,36,49148618079,68724326401,11580,405184
10973,min:26586139,33,26565220722,68724326401,11580,405184
10974,min:26586140,36,26899601778,68724326401,11580,405184
10975,min:26586141,37,15645818699,68724326401,11580,405184
10976,min:26586142,33,62083785602,68724326401,11580,405184
10977,min:26586143,37,63469484083,68724326401,11580,405184
10978,min:26586144,32,57347400483,68724326401,11580,405184
10979,min:26586145,40,10197755834,68724326401,11580,405184
10980,min:26586146,35,33204452517,68724326401,11580,405184
10981,min:26586147,35,60225693403,68724326401,11580,405184
10982,min:26586148,37,36633274871,68724326401,11580,405184
10983,min:26586149,38,23680567773,68724326401,11580,405184
10984,min:26586150,35,57345291221,68724326401,11580,405184
10985,min:26586151,35,31447227568,68724326401,11580,405184
10986,min:26586152,39,52147636677,68724326401,11580,405184
10987,min:26586153,40,50005559273,68724326401,11580,405184
10988,min:26586154,37,22279170238,68724326401,11580,405184
10989,min:26586155,35,49924606260,68724326401,11580,405184
10990,min:26586156,35,9227426180,68724326401,11580,405184
10991,min:26586157,35,35890798747,68724326401,11580,405184
10992,min:26586158,37,38603446334,68724326401,11580,405184
10993,min:26586159,37,19359537221,68724326401,11580,405184
10994,min:26586160,39,1437568128,68724326401,11580,405184
10995,min:26586161,40,6964697031,68724326401,11580,405184
10996,min:26586162,36,21120598245,68724326401,11580,405184
10997,min:26586163,38,49317196003,68724326401,11580,405184
10998,min:26586164,37,18357451518,68724326401,11580,405184
10999,min:26586165,35,41415571351,68724326401,11580,405184
11000,min:26586166,36,51837770385,68724326401,11580,405184
11001,min:26586167,35,18791715433,68724326401,11580,405184
11002,min:26586168,34,60370867122,68724326401,11580,405184
11003,min:26586169,41,35290433090,68724326401,11580,405184
11004,min:26586170,35,31355247370,68724326401,11580,405184
11005,min:26586171,37,17477143249,68724326401,11580,405184
11006,min:26586172,33,27094729962,68724326401,11580,405184
11007,min:26586173,36,51062377988,68724326401,11580,405184
11008,min:26586174,35,22214322368,68724326401,11580,405184
11009,min:26586175,34,25399418852,68724326401,11580,405184
11010,min:26586176,38,62415141287,68724326401,11580,405184
11011,min:26586177,34,67195929563,68724326401,11580,405184
11012,min:26586178,36,63140855334,68724326401,11580,405184
11013,min:26586179,37,22632160509,68724326401,11580,405184
11014,min:26586180,37,16242345338,68724326401,11580,405184
11015,min:26586181,33,33420521009,68724326401,11580,405184
11016,min:26586182,34,31194482367,68724326401,11580,405184
11017,min:26586183,38,4995845616,68724326401,11580,405184
11018,min:26586184,39,15030794066,68724326401,11580,405184
11019,min:26586185,36,43977822094,68724326401,11580,405184
11020,min:26586186,38,49508197377,68724326401,11580,405184
11021,min:26586187,35,60105313023,68724326401,11580,405184
11022,min:26586188,37,43795801198,68724326401,11580,405184
11023,min:26586189,37,7760607537,68724326401,11580,405184
11024,min:26586190,39,54237843654,68724326401,11580,405184
11025,min:26586191,37,5000093954,68724326401,11580,405184
11026,min:26586192,38,35600759720,68724326401,11580,405184
11027,min:26586193,37,56400940294,68724326401,11580,405184
11028,min:26586194,36,1062319671,68724326401,11580,405184
11029,min:26586195,31,28668428088,68724326401,11580,405184
11030,min:26586196,36,30481220895,68724326401,11580,405184
11031,min:26586197,37,67014034154,68724326401,11580,405184
11032,min:26586198,33,13662335060,68724326401,11580,405184
11033,min:26586199,37,68452544004,68724326401,11580,405184
11034,min:26586200,40,39761733379,68724326401,11580,405184
11035,min:26586201,36,28281703346,68724326401,11580,405184
11036,min:26586202,39,8589040853,68724326401,11580,405184
11037,min:26586203,35,14623469598,68724326401,11580,405184
11038,min:26586204,35,44384032184,68724326401,11580,405184
11039,min:26586205,38,555605828,68724326401,11580,405184
11040,min:26586206,36,15435260475,68724326401,11580,405184
11041,min:26586207,33,23468968415,68724326401,11580,405184
11042,min:26586208,37,4245071948,68724326401,11580,405184
11043,min:26586209,35,21356292213,68724326401,11580,405184
11044,min:26586210,35,47334545746,68724326401,11580,405184
11045,min:26586211,37,63119837066,68724326401,11580,405184
11046,min:26586212,38,30714504833,68724326401,11580,405184
11047,min:26586213,39,7282078135,68724326401,11580,405184
11048,min:26586214,35,62911396773,68724326401,11580,405184
11049,min:26586215,37,33084109403,68724326401,11580,405184
11050,min:26586216,37,40723051701,68724326401,11580,405184
11051,min:26586217,36,5450611370,68724326401,11580,405184
11052,min:26586218,31,43166254636,68724326401,11580,405184
11053,min:26586219,38,5329080334,68724326401,11580,405184
11054,min:26586220,36,9257242956,68724326401,11580,405184
11055,min:26586221,34,33830546530,68724326401,11580,405184
11056,min:26586222,39,11131660269,68724326401,11580,405184
11057,min:26586223,34,30181049546,68724326401,11580,405184
11058,min:26586224,36,12729271601,68724326401,11580,405184
11059,min:26586225,36,51159048686,68724326401,11580,405184
11060,min:26586226,38,23014377056,68724326401,11580,405184
11061,min:26586227,37,14087482802,68724326401,11580,405184
11062,min:26586228,36,65232345659,68724326401,11580,405184
11063,min:26586229,36,54017066056,68724326401,11580,405184
11064,min:26586230,38,51290959771,68724326401,11580,405184
11065,min:26586231,35,698203517,68724326401,11580,405184
11066,min:26586232,38,55906723628,68724326401,11580,405184
11067,min:26586233,33,55252942977,68724326401,11580,405184
11068,min:26586234,36,28885916120,68724326401,11580,405184
11069,min:26586235,32,39370834265,68724326401,11580,405184
11070,min:26586236,38,44353976251,68724326401,11580,405184
11071,min:26586237,39,59215523641,68724326401,11580,405184
11072,min:26586238,32,52732292168,68724326401,11580,405184
11073,min:26586239,36,10829381133,68724326401,11580,405184
11074,min:26586240,36,61941432951,68724326401,11580,405184
11075,min:26586241,38,66647960533,68724326401,11580,405184
11076,min:26586242,34,29960524021,68724326401,11580,405184
11077,min:26586243,34,6088544796,68724326401,11580,405184
11078,min:26586244,35,3316427950,68724326401,11580,405184
11079,min:26586245,38,64976770488,68724326401,11580,405184
11080,min:26586246,35,51011617894,68724326401,11580,405184
11081,min:26586247,33,43333673418,68724326401,11580,405184
11082,min:26586248,34,41560431703,68724326401,11580,405184
11083,min:26586249,31,53345369072,68724326401,11580,405184
11084,min:26586250,34,45975186343,68724326401,11580,405184
11085,min:26586251,33,55647810734,68724326401,11580,405184
11086,min:26586252,36,55718310446,68724326401,11580,405184
11087,min:26586253,35,8015959508,68724326401,11580,405184
11088,min:26586254,36,61333327631,68724326401,11580,405184
11089,min:26586255,34,65436910462,68724326401,11580,405184
11090,min:26586256,38,8098077538,68724326401,11580,405184
11091,min:26586257,36,12653021997,68724326401,11580,405184
11092,min:26586258,36,67507285606,68724326401,11580,405184
11093,min:26586259,38,39432208787,68724326401,11580,405184
11094,min:26586260,37,31059082591,68724326401,11580,405184
11095,min:26586261,31,25891648961,68724326401,11580,405184
11096,min:26586262,33,433532784,68724326401,11580,405184
11097,min:26586263,36,26206709867,68724326401,11580,405184
11098,min:26586264,35,18260356087,68724326401,11580,405184
11099,min:26586265,34,60103932995,68724326401,11580,405184
11100,min:26586266,33,58531160488,68724326401,11580,405184
11101,min:26586267,35,7072878418,68724326401,11580,405184
11102,min:26586268,34,620766334,68724326401,11580,405184
11103,min:26586269,33,64346114319,68724326401,11580,405184
11104,min:26586270,35,60197283425,68724326401,11580,405184
11105,min:26586271,36,49610426374,68724326401,11580,405184
11106,min:26586272,36,43076958958,68724326401,11580,405184
11107,min:26586273,35,37776210603,68724326401,11580,405184
11108,min:26586274,35,62069608654,68724326401,11580,405184
11109,min:26586275,36,52241007662,68724326401,11580,405184
11110,min:26586276,37,3124163523,68724326401,11580,405184
11111,min:26586277,35,17268091635,68724326401,11580,405184
11112,min:26586278,36,60418540473,68724326401,11580,405184
11113,min:26586279,33,61041864394,68724326401,11580,405184
11114,min:26586280,32,14126289882,68724326401,11580,405184
11115,min:26586281,38,31684438165,68724326401,11580,405184
11116,min:26586282,37,49622149677,68724326401,11580,405184
11117,min:26586283,35,35025892396,68724326401,11580,405184
11118,min:26586284,36,51290622530,68724326401,11580,405184
11119,min:26586285,37,39771189441,68724326401,11580,405184
11120,min:26586286,37,31334986412,68724326401,11580,405184
11121,min:26586287,34,10503141236,68724326401,11580,405184
11122,min:26586288,40,54048450345,68724326401,11580,405184
11123,min:26586289,38,50495795712,68724326401,11580,405184
11124,min:26586290,37,63784700182,68724326401,11580,405184
11125,min:26586291,37,36585204431,68724326401,11580,405184
11126,min:26586292,37,15673961049,68724326401,11580,405184
11127,min:26586293,36,9515490105,68724326401,11580,405184
11128,min:26586294,34,61415742604,68724326401,11580,405184
11129,min:26586295,35,61342232105,68724326401,11580,405184
11130,min:26586296,37,39781444898,68724326401,11580,405184
11131,min:26586297,33,36183822172,68724326401,11580,405184
11132,min:26586298,33,21720410128,68724326401,11580,405184
11133,min:26586299,37,13567564201,68724326401,11580,405184
11134,min:26586300,35,29043037434,68724326401,11580,405184
11135,min:26586301,37,62731839691,68724326401,11580,405184
11136,min:26586302,40,39419106308,68724326401,11580,405184
11137,min:26586303,36,47202438994,68724326401,11580,405184
11138,min:26586304,33,27415048660,68724326401,11580,405184
11139,min:26586305,37,42482205468,68724326401,11580,405184
11140,min:26586306,37,64137748984,68724326401,11580,405184
11141,min:26586307,39,11321577611,68724326401,11580,405184
11142,min:26586308,34,48096690325,68724326401,11580,405184
11143,min:26586309,36,9106602489,68724326401,11580,405184
11144,min:26586310,36,18979448425,68724326401,11580,405184
11145,min:26586311,38,32967796887,68724326401,11580,405184
11146,min:26586312,38,31097087197,68724326401,11580,405184
11147,min:26586313,35,4830172747,68724326401,11580,405184
11148,min:26586314,34,32273728798,68724326401,11580,405184
11149,min:26586315,33,2870457593,68724326401,11580,405184
11150,min:26586316,38,67910741815,68724326401,11580,405184
11151,min:26586317,37,44280210510,68724326401,11580,405184
11152,min:26586318,37,1283724583,68724326401,11580,405184
11153,min:26586319,37,991378490,68724326401,11580,405184
11154,min:26586320,37,20831981909,68724326401,11580,405184
11155,min:26586321,36,10861977192,68724326401,11580,405184
11156,min:26586322,36,44445364438,68724326401,11580,405184
11157,min:26586323,35,2310383638,68724326401,11580,405184
11158,min:26586324,38,40633692737,68724326401,11580,405184
11159,min:26586325,36,37085064795,68724326401,11580,405184
11160,min:26586326,33,40428214234,68724326401,11580,405184
11161,min:26586327,34,42111042164,68724326401,11580,405184
11162,min:26586328,38,51245266650,68724326401,11580,405184
11163,min:26586329,39,27145411606,68724326401,11580,405184
11164,min:26586330,39,245976644,68724326401,11580,405184
11165,min:26586331,32,54864247434,68724326401,11580,405184
11166,min:26586332,37,2256970082,68724326401,11580,405184
11167,min:26586333,36,20120304530,68724326401,11580,405184
11168,min:26586334,37,67236625004,68724326401,11580,405184
11169,min:26586335,38,48623594435,68724326401,11580,405184
11170,min:26586336,36,35410325157,68724326401,11580,405184
11171,min:26586337,33,46984493125,68724326401,11580,405184
11172,min:26586338,34,43700797968,68724326401,11580,405184
11173,min:26586339,35,62172789605,68724326401,11580,405184
11174,min:26586340,35,20753358229,68724326401,11580,405184
11175,min:26586341,37,11928406266,68724326401,11580,405184
11176,min:26586342,35,54585536469,68724326401,11580,405184
11177,min:26586343,36,9562230843,68724326401,11580,405184
11178,min:26586344,35,12837130735,68724326401,11580,405184
11179,min:26586345,35,63649345773,68724326401,11580,405184
11180,min:26586346,34,38243919581,68724326401,11580,405184
11181,min:26586347,33,1701069849,68724326401,11580,405184
11182,min:26586348,29,5610594474,68724326401,11580,405184
11183,min:26586349,32,49339830832,68724326401,11580,405184
11184,min:26586350,39,28844713919,68724326401,11580,405184
11185,min:26586351,36,23434991735,68724326401,11580,405184
11186,min:26586352,34,57041265030,68724326401,11580,405184
11187,min:26586353,38,62923931558,68724326401,11580,405184
11188,min:26586354,36,48050728114,68724326401,11580,405184
11189,min:26586355,36,65137188504,68724326401,11580,405184
11190,min:26586356,33,1049554160,68724326401,11580,405184
11191,min:26586357,35,46939773174,68724326401,11580,405184
11192,min:26586358,33,59082911034,68724326401,11580,405184
11193,min:26586359,35,56118096607,68724326401,11580,405184
11194,min:26586360,33,23958026630,68724326401,11580,405184
11195,min:26586361,35,7954176732,68724326401,11580,405184
11196,min:26586362,36,50725424317,68724326401,11580,405184
11197,min:26586363,36,51390725376,68724326401,11580,405184
11198,min:26586364,34,54920726519,68724326401,11580,405184
11199,min:26586365,36,61243917852,68724326401,11580,405184
11200,min:26586366,35,59027931825,68724326401,11580,405184
11201,min:26586367,36,61434271754,68724326401,11580,405184
11202,min:26586368,37,63490155577,68724326401,11580,405184
11203,min:26586369,36,11193810727,68724326401,11580,405184
11204,min:26586370,35,30972352394,68724326401,11580,405184
11205,min:26586371,36,65634495122,68724326401,11580,405184
11206,min:26586372,35,14406207288,68724326401,11580,405184
11207,min:26586373,36,33544296988,68724326401,11580,405184
11208,min:26586374,37,38656480078,68724326401,11580,405184
11209,min:26586375,33,24187221086,68724326401,11580,405184
11210,min:26586376,34,29157766636,68724326401,11580,405184
11211,min:26586377,34,38784340261,68724326401,11580,405184
11212,min:26586378,40,28511579930,68724326401,11580,405184
11213,min:26586379,36,10782843752,68724326401,11580,405184
11214,min:26586380,37,55117630749,68724326401,11580,405184
11215,min:26586381,36,18173113462,68724326401,11580,405184
11216,min:26586382,36,36539953769,68724326401,11580,405184
11217,min:26586383,32,28535915326,68724326401,11580,405184
11218,min:26586384,36,20261244019,68724326401,11580,405184
11219,min:26586385,30,50261115452,68724326401,11580,405184
11220,min:26586386,34,62456402506,68724326401,11580,405184
11221,min:26586387,36,11564661586,68724326401,11580,405184
11222,min:26586388,37,27143641619,68724326401,11580,405184
11223,min:26586389,37,16850877757,68724326401,11580,405184
11224,min:26586390,31,54107303330,68724326401,11580,405184
11225,min:26586391,35,61403255426,68724326401,11580,405184
11226,min:26586392,30,21517086005,68724326401,11580,405184
11227,min:26586393,33,6170832819,68724326401,11580,405184
11228,min:26586394,36,28876072738,68724326401,11580,405184
11229,min:26586395,36,33411866989,68724326401,11580,405184
11230,min:26586396,34,37919518229,68724326401,11580,405184
11231,min:26586397,37,17612359788,68724326401,11580,405184
11232,min:26586398,36,10779960916,68724326401,11580,405184
11233,min:26586399,33,13626121758,68724326401,11580,405184
11234,min:26586400,38,33492231541,68724326401,11580,405184
11235,min:26586401,38,15595507577,68724326401,11580,405184
11236,min:26586402,37,56261438491,68724326401,11580,405184
11237,min:26586403,35,497439663,68724326401,11580,405184
11238,min:26586404,35,64795274567,68724326401,11580,405184
11239,min:26586405,39,57809619624,68724326401,11580,405184
11240,min:26586406,33,41905997447,68724326401,11580,405184
11241,min:26586407,37,10140006616,68724326401,11580,405184
11242,min:26586408,33,58928699103,68724326401,11580,405184
11243,min:26586409,37,56636559349,68724326401,11580,405184
11244,min:26586410,35,22479936498,68724326401,11580,405184
11245,min:26586411,36,57173272529,68724326401,11580,405184
11246,min:26586412,37,54869541260,68724326401,11580,405184
11247,min:26586413,37,41416373825,68724326401,11580,405184
11248,min:26586414,33,62087665037,68724326401,11580,405184
11249,min:26586415,37,68103313164,68724326401,11580,405184
11250,min:26586416,39,60714203485,68724326401,11580,405184
11251,min:26586417,35,64588788957,68724326401,11580,405184
11252,min:26586418,37,61442759580,68724326401,11580,405184
11253,min:26586419,36,39940081107,68724326401,11580,405184
11254,min:26586420,37,48231284316,68724326401,11580,405184
11255,min:26586421,34,41278880411,68724326401,11580,405184
11256,min:26586422,37,14348728411,68724326401,11580,405184
11257,min:26586423,37,13154707972,68724326401,11580,405184
11258,min:26586424,37,5016651733,68724326401,11580,405184
11259,min:26586425,35,68694528046,68724326401,11580,405184
11260,min:26586426,31,23710566740,68724326401,11580,405184
11261,min:26586427,32,19228327886,68724326401,11580,405184
11262,min:26586428,32,40612790090,68724326401,11580,405184
11263,min:26586429,35,13609651998,68724326401,11580,405184
11264,min:26586430,33,43603879852,68724326401,11580,405184
11265,min:26586431,35,65363898056,68724326401,11580,405184
11266,min:26586432,34,5253321682,68724326401,11580,405184
11267,min:26586433,32,28902370411,68724326401,11580,405184
11268,min:26586434,37,52636949476,68724326401,11580,405184
11269,min:26586435,38,5662175130,68724326401,11580,405184
11270,min:26586436,31,5572166747,68724326401,11580,405184
11271,min:26586437,34,33289958679,68724326401,11580,405184
11272,min:26586438,35,9048108242,68724326401,11580,405184
11273,min:26586439,39,15377066121,68724326401,11580,405184
11274,min:26586440,36,1249077287,68724326401,11580,405184
11275,min:26586441,37,67587658354,68724326401,11580,405184
11276,min:26586442,33,62206952857,68724326401,11580,405184
11277,min:26586443,36,55113924937,68724326401,11580,405184
11278,min:26586444,33,5720090278,68724326401,11580,405184
11279,min:26586445,33,63945251727,68724326401,11580,405184
11280,min:26586446,33,63452551218,68724326401,11580,405184
11281,min:26586447,32,17778045653,68724326401,11580,405184
11282,min:26586448,31,5262660597,68724326401,11580,405184
11283,min:26586449,34,17130563818,68724326401,11580,405184
11284,min:26586450,35,22350582386,68724326401,11580,405184
11285,min:26586451,34,10923722767,68724326401,11580,405184
11286,min:26586452,34,10120972070,68724326401,11580,405184
11287,min:26586453,36,54259619538,68724326401,11580,405184
11288,min:26586454,34,28974055057,68724326401,11580,405184
11289,min:26586455,35,56671892263,68724326401,11580,405184
11290,min:26586456,34,40621796205,68724326401,11580,405184
11291,min:26586457,35,66122975680,68724326401,11580,405184
11292,min:26586458,37,21730248241,68724326401,11580,405184
11293,min:26586459,33,48107481085,68724326401,11580,405184
11294,min:26586460,32,48767172411,68724326401,11580,405184
11295,min:26586461,35,3148488962,68724326401,11580,405184
11296,min:26586462,33,39015541749,68724326401,11580,405184
11297,min:26586463,31,61038966783,68724326401,11580,405184
11298,min:26586464,37,1429622735,68724326401,11580,405184
11299,min:26586465,37,22331282434,68724326401,11580,405184
11300,min:26586466,34,42039456513,68724326401,11580,405184
11301,min:26586467,36,35034475516,68724326401,11580,405184
11302,min:26586468,38,2345067871,68724326401,11580,405184
11303,min:26586469,37,36485014390,68724326401,11580,405184
11304,min:26586470,36,44042051201,68724326401,11580,405184
11305,min:26586471,34,3733310426,68724326401,11580,405184
11306,min:26586472,33,8120246117,68724326401,11580,405184
11307,min:26586473,38,53995801960,68724326401,11580,405184
11308,min:26586474,34,3270421311,68724326401,11580,405184
11309,min:26586475,36,16253327567,68724326401,11580,405184
11310,min:26586476,35,56070162537,68724326401,11580,405184
11311,min:26586477,34,64222562156,68724326401,11580,405184
11312,min:26586478,36,52810655782,68724326401,11580,405184
11313,min:26586479,33,28614556633,68724326401,11580,405184
11314,min:26586480,35,31538010982,68724326401,11580,405184
11315,min:26586481,38,64736398069,68724326401,11580,405184
11316,min:26586482,35,1121138164,68724326401,11580,405184
11317,min:26586483,36,44974517360,68724326401,11580,405184
11318,min:26586484,38,35770350221,68724326401,11580,405184
11319,min:26586485,36,17661705777,68724326401,11580,405184
11320,min:26586486,35,53551409095,68724326401,11580,405184
11321,min:26586487,35,37088787341,68724326401,11580,405184
11322,min:26586488,36,16473946364,68724326401,11580,405184
11323,min:26586489,36,27543357978,68724326401,11580,405184
11324,min:26586490,36,4359223265,68724326401,11580,405184
11325,min:26586491,34,53038557155,68724326401,11580,405184
11326,min:26586492,39,48847447346,68724326401,11580,405184
11327,min:26586493,35,42626100205,68724326401,11580,405184
11328,min:26586494,36,68703152270,68724326401,11580,405184
11329,min:26586495,36,7748841259,68724326401,11580,405184
11330,min:26586496,34,28240054586,68724326401,11580,405184
11331,min:26586497,33,10383117162,68724326401,11580,405184
11332,min:26586498,38,10113970129,68724326401,11580,405184
11333,min:26586499,36,18802941327,68724326401,11580,405184
11334,min:26586500,36,10866132873,68724326401,11580,405184
11335,min:26586501,34,57927672266,68724326401,11580,405184
11336,min:26586502,36,30264581452,68724326401,11580,405184
11337,min:26586503,37,2158881652,68724326401,11580,405184
11338,min:26586504,32,43170421052,68724326401,11580,405184
11339,min:26586505,36,8506019074,68724326401,11580,405184
11340,min:26586506,37,15862598237,68724326401,11580,405184
11341,min:26586507,35,11116819094,68724326401,11580,405184
11342,min:26586508,35,3812188643,68724326401,11580,405184
11343,min:26586509,36,9597775793,68724326401,11580,405184
11344,min:26586510,38,26730501591,68724326401,11580,405184
11345,min:26586511,32,11510156576,68724326401,11580,405184
11346,min:26586512,34,56564442194,68724326401,11580,405184
11347,min:26586513,36,35366527069,68724326401,11580,405184
11348,min:26586514,37,46759258373,68724326401,11580,405184
11349,min:26586515,37,22296132227,68724326401,11580,405184
11350,min:26586516,37,13792603170,68724326401,11580,405184
11351,min:26586517,35,51016313829,68724326401,11580,405184
11352,min:26586518,30,19909493433,68724326401,11580,405184
11353,min:26586519,36,25066439300,68724326401,11580,405184
11354,min:26586520,33,27772207603,68724326401,11580,405184
11355,min:26586521,34,19893728602,68724326401,11580,405184
11356,min:26586522,35,31432354799,68724326401,11580,405184
11357,min:26586523,37,27803119732,68724326401,11580,405184
11358,min:26586524,39,4345289483,68724326401,11580,405184
11359,min:26586525,33,44355169402,68724326401,11580,405184
11360,min:26586526,38,33608237064,68724326401,11580,405184
11361,min:26586527,32,9263092962,68724326401,11580,405184
11362,min:26586528,37,53919185900,68724326401,11580,405184
11363,min:26586529,36,18465931292,68724326401,11580,405184
11364,min:26586530,37,27922591960,68724326401,11580,405184
11365,min:26586531,36,66468815587,68724326401,11580,405184
11366,min:26586532,36,34181463239,68724326401,11580,405184
11367,min:26586533,36,17054984519,68724326401,11580,405184
11368,min:26586534,35,40954690235,68724326401,11580,405184
11369,min:26586535,34,36050191858,68724326401,11580,405184
11370,min:26586536,38,35868576866,68724326401,11580,405184
11371,min:26586537,36,8715764143,68724326401,11580,405184
11372,min:26586538,39,65188514795,68724326401,11580,405184
11373,min:26586539,37,11219832147,68724326401,11580,405184
11374,min:26586540,35,38444966698,68724326401,11580,405184
11375,min:26586541,34,42588151895,68724326401,11580,405184
11376,min:26586542,36,6574993350,68724326401,11580,405184
11377,min:26586543,35,66807659030,68724326401,11580,405184
11378,min:26586544,33,4507977997,68724326401,11580,405184
11379,min:26586545,37,56553570180,68724326401,11580,405184
11380,min:26586546,34,19674707520,68724326401,11580,405184
11381,min:26586547,34,25938315780,68724326401,11580,405184
11382,min:26586548,37,42013423191,68724326401,11580,405184
11383,min:26586549,34,23443958644,68724326401,11580,405184
11384,min:26586550,33,45363513950,68724326401,11580,405184
11385,min:26586551,34,29056568843,68724326401,11580,405184
11386,min:26586552,39,19778838850,68724326401,11580,405184
11387,min:26586553,36,36765192987,68724326401,11580,405184
11388,min:26586554,32,19446268444,68724326401,11580,405184
11389,min:26586555,38,66748362939,68724326401,11580,405184
11390,min:26586556,35,25850162009,68724326401,11580,405184
11391,min:26586557,34,39758159029,68724326401,11580,405184
11392,min:26586558,32,21599562277,68724326401,11580,405184
11393,min:26586559,36,44932054256,68724326401,11580,405184
11394,min:26586560,37,37759297148,68724326401,11580,405184
11395,min:26586561,37,35348891552,68724326401,11580,405184
11396,min:26586562,36,67587582967,68724326401,11580,405184
11397,min:26586563,37,34076562385,68724326401,11580,405184
11398,min:26586564,30,23870446934,68724326401,11580,405184
11399,min:26586565,35,49987498899,68724326401,11580,405184
11400,min:26586566,36,57872839957,68724326401,11580,405184
11401,min:26586567,39,60126635804,68724326401,11580,405184
11402,min:26586568,36,8594455469,68724326401,11580,405184
11403,min:26586569,33,27891142834,68724326401,11580,405184
11404,min:26586570,36,62948669987,68724326401,11580,405184
11405,min:26586571,37,10513538938,68724326401,11580,405184
11406,min:26586572,36,59293019504,68724326401,11580,405184
11407,min:26586573,35,14805734789,68724326401,11580,405184
11408,min:26586574,36,24249562879,68724326401,11580,405184
11409,min:26586575,33,7847994804,68724326401,11580,405184
11410,min:26586576,35,29212783512,68724326401,11580,405184
11411,min:26586577,38,20161271644,68724326401,11580,405184
11412,min:26586578,35,18221296769,68724326401,11580,405184
11413,min:26586579,36,4132106976,68724326401,11580,405184
11414,min:26586580,35,5518606893,68724326401,11580,405184
11415,min:26586581,35,63316664277,68724326401,11580,405184
11416,min:26586582,37,58970328682,68724326401,11580,405184
11417,min:26586583,38,7177489487,68724326401,11580,405184
11418,min:26586584,34,49781695230,68724326401,11580,405184
11419,min:26586585,37,49460714902,68724326401,11580,405184
11420,min:26586586,37,68009248630,68724326401,11580,405184
11421,min:26586587,33,26044291996,68724326401,11580,405184
11422,min:26586588,37,25301913202,68724326401,11580,405184
11423,min:26586589,36,8746117638,68724326401,11580,405184
11424,min:26586590,36,24599200510,68724326401,11580,405184
11425,min:26586591,32,64014626358,68724326401,11580,405184
11426,min:26586592,34,49752444446,68724326401,11580,405184
11427,min:26586593,34,17539540014,68724326401,11580,405184
11428,min:26586594,37,61516347466,68724326401,11580,405184
11429,min:26586595,33,47044905478,68724326401,11580,405184
11430,min:26586596,36,52549943540,68724326401,11580,405184
11431,min:26586597,36,9186337567,68724326401,11580,405184
11432,min:26586598,38,51398988039,68724326401,11580,405184
11433,min:26586599,36,699599519,68724326401,11580,405184
11434,min:26586600,35,33772352463,68724326401,11580,405184
11435,min:26586601,36,30394195216,68724326401,11580,405184
11436,min:26586602,39,9203184202,68724326401,11580,405184
11437,min:26586603,35,62971091408,68724326401,11580,405184
11438,min:26586604,31,42346596271,68724326401,11580,405184
11439,min:26586605,35,35957918041,68724326401,11580,405184
11440,min:26586606,33,51071498240,68724326401,11580,405184
11441,min:26586607,35,30315753437,68724326401,11580,405184
11442,min:26586608,35,67620895818,68724326401,11580,405184
11443,min:26586609,35,58462356520,68724326401,11580,405184
11444,min:26586610,35,34152636406,68724326401,11580,405184
11445,min:26586611,34,26018428651,68724326401,11580,405184
11446,min:26586612,37,49135675353,68724326401,11580,405184
11447,min:26586613,33,23987575487,68724326401,11580,405184
11448,min:26586614,38,20861026200,68724326401,11580,405184
11449,min:26586615,35,44941293268,68724326401,11580,405184
11450,min:26586616,35,25258609885,68724326401,11580,405184
11451,min:26586617,34,66177594744,68724326401,11580,405184
11452,min:26586618,34,3376438731,68724326401,11580,405184
11453,min:26586619,35,66286108283,68724326401,11580,405184
11454,min:26586620,34,35597433206,68724326401,11580,405184
11455,min:26586621,35,8322231491,68724326401,11580,405184
11456,min:26586622,35,64940561784,68724326401,11580,405184
11457,min:26586623,32,65901687667,68724326401,11580,405184
11458,min:26586624,30,6674672397,68724326401,11580,405184
11459,min:26586625,34,15770852055,68724326401,11580,405184
11460,min:26586626,30,58967148884,68724326401,11580,405184
11461,min:26586627,36,47815677277,68724326401,11580,405184
11462,min:26586628,33,26746286770,68724326401,11580,405184
11463,min:26586629,38,14456577988,68724326401,11580,405184
11464,min:26586630,32,55544845959,68724326401,11580,405184
11465,min:26586631,35,43249019092,68724326401,11580,405184
11466,min:26586632,35,60579227923,68724326401,11580,405184
11467,min:26586633,33,14342728834,68724326401,11580,405184
11468,min:26586634,36,34976645453,68724326401,11580,405184
11469,min:26586635,34,26428131024,68724326401,11580,405184
11470,min:26586636,34,29968766880,68724326401,11580,405184
11471,min:26586637,35,31596317784,68724326401,11580,405184
11472,min:26586638,35,23439853121,68724326401,11580,405184
11473,min:26586639,33,40364373545,68724326401,11580,405184
11474,min:26586640,35,8407202700,68724326401,11580,405184
11475,min:26586641,37,57322034699,68724326401,11580,405184
11476,min:26586642,35,32988936175,68724326401,11580,405184
11477,min:26586643,36,40340275953,68724326401,11580,405184
11478,min:26586644,36,60104276822,68724326401,11580,405184
11479,min:26586645,33,18387325308,68724326401,11580,405184
11480,min:26586646,36,35555531045,68724326401,11580,405184
11481,min:26586647,32,7871398209,68724326401,11580,405184
11482,min:26586648,35,58874342458,68724326401,11580,405184
11483,min:26586649,27,2238335174,68724326401,11580,405184
11484,min:26586650,31,23376005442,68724326401,11580,405184
11485,min:26586651,37,42901843307,68724326401,11580,405184
11486,min:26586652,34,8806789568,68724326401,11580,405184
11487,min:26586653,36,17193229230,68724326401,11580,405184
11488,min:26586654,34,26130675138,68724326401,11580,405184
11489,min:26586655,35,66386109841,68724326401,11580,405184
11490,min:26586656,36,36238403840,68724326401,11580,405184
11491,min:26586657,35,28920616061,68724326401,11580,405184
11492,min:26586658,39,5773626068,68724326401,11580,405184
11493,min:26586659,34,41287448936,68724326401,11580,405184
11494,min:26586660,37,51819777574,68724326401,11580,405184
11495,min:26586661,33,29528624924,68724326401,11580,405184
11496,min:26586662,36,50379259859,68724326401,11580,405184
11497,min:26586663,37,47243837014,68724326401,11580,405184
11498,min:26586664,34,45423944801,68724326401,11580,405184
11499,min:26586665,38,7956749137,68724326401,11580,405184
11500,min:26586666,37,54413812023,68724326401,11580,405184
11501,min:26586667,39,57679344175,68724326401,11580,405184
11502,min:26586668,30,15366529487,68724326401,11580,405184
11503,min:26586669,33,52702763793,68724326401,11580,405184
11504,min:26586670,36,30117091175,68724326401,11580,405184
11505,min:26586671,37,18534361720,68724326401,11580,405184
11506,min:26586672,35,12021486167,68724326401,11580,405184
11507,min:26586673,33,21544551270,68724326401,11580,405184
11508,min:26586674,30,27913200650,68724326401,11580,405184
11509,min:26586675,34,37485279720,68724326401,11580,405184
11510,min:26586676,38,30471087464,68724326401,11580,405184
11511,min:26586677,36,42014401482,68724326401,11580,405184
11512,min:26586678,31,11291156378,68724326401,11580,405184
11513,min:26586679,35,19479966978,68724326401,11580,405184
11514,min:26586680,31,11916322557,68724326401,11580,405184
11515,min:26586681,31,8476103797,68724326401,11580,405184
11516,min:26586682,36,46024929616,68724326401,11580,405184
11517,min:26586683,34,42883097200,68724326401,11580,405184
11518,min:26586684,34,36345276229,68724326401,11580,405184
11519,min:26586685,32,54126053377,68724326401,11580,405184
11520,min:26586686,35,34189770999,68724326401,11580,405184
11521,min:26586687,38,37060386314,68724326401,11580,405184
11522,min:26586688,32,15475096490,68724326401,11580,405184
11523,min:26586689,36,67737488501,68724326401,11580,405184
11524,min:26586690,35,5659617448,68724326401,11580,405184
11525,min:26586691,36,29917205509,68724326401,11580,405184
11526,min:26586692,32,34650336418,68724326401,11580,405184
11527,min:26586693,35,7929212126,68724326401,11580,405184
11528,min:26586694,34,67149514836,68724326401,11580,405184
11529,min:26586695,36,44065732467,68724326401,11580,405184
11530,min:26586696,33,65205645769,68724326401,11580,405184
11531,min:26586697,34,36287577143,68724326401,11580,405184
11532,min:26586698,35,50119169959,68724326401,11580,405184
11533,min:26586699,32,42479347643,68724326401,11580,405184
11534,min:26586700,33,24512729805,68724326401,11580,405184
11535,min:26586701,34,10888831477,68724326401,11580,405184
11536,min:26586702,36,67300685766,68724326401,11580,405184
11537,min:26586703,33,28555473573,68724326401,11580,405184
11538,min:26586704,32,62123662900,68724326401,11580,405184
11539,min:26586705,32,15487871682,68724326401,11580,405184
11540,min:26586706,32,9843427348,68724326401,11580,405184
11541,min:26586707,34,43495007492,68724326401,11580,405184
11542,min:26586708,33,51102622335,68724326401,11580,405184
11543,min:26586709,38,59204750783,68724326401,11580,405184
11544,min:26586710,32,26485642057,68724326401,11580,405184
11545,min:26586711,33,8051736820,68724326401,11580,405184
11546,min:26586712,33,60744281001,68724326401,11580,405184
11547,min:26586713,36,20723737584,68724326401,11580,405184
11548,min:26586714,38,41493232005,68724326401,11580,405184
11549,min:26586715,36,54493051498,68724326401,11580,405184
11550,min:26586716,34,45358832895,68724326401,11580,405184
11551,min:26586717,36,2660491121,68724326401,11580,405184
11552,min:26586718,37,57938202746,68724326401,11580,405184
11553,min:26586719,35,45889654704,68724326401,11580,405184
11554,min:26586720,32,15367085896,68724326401,11580,405184
11555,min:26586721,34,15764534272,68724326401,11580,405184
11556,min:26586722,38,48777643435,68724326401,11580,405184
11557,min:26586723,24,26797265020,68724326401,11580,405184
11558,motion:0,404702,35828843098,68724326401,11580,405184
11559,motion:1,482,50796856043,68724326401,11580,405184
11560,smoke:b0,41129,56186388419,68724326401,11580,405184
11561,smoke:b1,40516,12083114897,68724326401,11580,405184
11562,smoke:b2,40206,43064296068,68724326401,11580,405184
11563,smoke:b3,40223,10160760312,68724326401,11580,405184
11564,smoke:b4,40518,45436317148,68724326401,11580,405184
11565,smoke:b5,40537,57877672526,68724326401,11580,405184
11566,smoke:b6,40511,67997024022,68724326401,11580,405184
11567,smoke:b7,40597,17185016469,68724326401,11580,405184
11568,smoke:b8,40446,38805526588,68724326401,11580,405184
11569,smoke:b9,40501,50896638311,68724326401,11580,405184
11570,temp:b0,44995,1339073090,68724326401,11580,405184
11571,temp:b1,36423,51608734107,68724326401,11580,405184
11572,temp:b2,42135,29528978232,68724326401,11580,405184
11573,temp:b3,47846,55796013505,68724326401,11580,405184
11574,temp:b4,31414,2691362827,68724326401,11580,405184
11575,temp:b5,43326,35134978822,68724326401,11580,405184
11576,temp:b6,38964,38437881553,68724326401,11580,405184
11577,temp:b7,39206,63276749207,68724326401,11580,405184
11578,temp:b8,41750,4769659286,68724326401,11580,405184
11579,temp:b9,39125,3487463712,68724326401,11580,405184
